rmag,imag
26.414,26.116
26.054,25.447
24.643,23.431
22.571,21.555
24.573,24.113
25.141,24.336
16.36,16.262
25.227,24.84
24.602,24.075
26.214,25.642
23.4,23.269
22.581,22.234
24.042,22.354
24.534,24.045
20.522,20.336
26.24,25.666
22.265,21.824
26.207,25.795
25.495,24.948
26.217,25.577
24.5,24.122
23.925,23.412
26.307,26.007
22.94,21.551
23.582,22.102
21.086,20.865
24.618,24.256
26.763,26.305
22.662,21.2
26.934,26.166
23.074,22.351
24.634,23.281
25.064,24.634
26.189,25.251
23.979,23.621
26.077,25.707
24.892,24.577
23.271,23.081
22.993,21.619
23.469,23.39
26.766,25.963
25.784,24.019
23.433,23.349
25.851,25.508
25.271,24.835
22.096,21.7
23.688,22.954
24.361,23.991
26.593,26.344
25.303,25.058
26.963,26.883
22.796,22.22
25.513,25.117
25.417,23.588
22.11,21.834
24.969,24.618
25.62,25.346
24.836,24.3
25.873,25.65
23.971,23.544
26.756,26.483
23.8,22.692
26.236,25.878
24.847,24.52
18.993,18.886
22.803,22.587
25.061,24.456
26.844,26.571
22.984,21.63
24.153,23.631
16.263,16.069
23.747,23.05
24.602,23.99
24.48,23.992
21.967,21.375
26.55,25.975
20.297,18.8
26.673,26.332
25.851,25.364
25.198,24.764
25.905,25.605
23.023,22.028
16.698,16.459
26.177,25.976
24.248,23.834
23.879,22.637
21.96,21.891
20.774,19.335
23.777,22.351
17.478,17.251
21.287,21.195
25.537,25.195
25.099,24.785
25.215,22.778
25.445,24.837
20.439,19.238
24.671,24.582
25.01,24.548
25.259,24.994
24.252,23.587
25.059,23.008
21.444,21.352
24.269,23.34
23.594,23.515
26.507,26.008
23.968,23.786
24.438,22.773
20.975,20.487
23.65,23.502
23.537,23.453
26.619,26.203
26.189,25.926
26.864,26.235
22.177,22.086
11.076,10.98
24.033,23.187
18.672,17.779
24.434,24.359
26.399,25.731
26.807,26.681
25.583,25.278
25.655,25.293
22.417,21.047
25.503,25.153
26.285,26.172
19.556,19.487
23.257,22.521
22.097,21.797
21.363,21.083
19.693,19.501
26.711,26.524
24.349,24.105
26.467,25.591
25.734,25.351
24.387,24.012
21.743,21.622
25.749,25.304
26.552,26.064
25.393,25.146
22.131,21.964
25.325,24.897
20.385,19.98
25.116,24.621
22.32,22.219
21.224,20.937
17.369,17.115
21.271,20.132
25.716,25.263
26.814,26.366
25.46,25.091
25.763,23.155
18.235,17.313
25.595,24.953
25.947,25.628
26.835,26.241
26.45,25.458
23.73,23.196
24.886,24.815
25.237,24.754
22.451,22.361
26.824,26.274
22.506,21.261
26.151,25.571
23.428,23.036
23.204,21.721
20.88,20.778
26.471,26.237
24.952,23.607
22.713,22.576
24.072,22.937
25.283,25.194
26.54,26.323
26.665,26.334
19.28,19.224
26.051,25.615
25.516,24.905
26.302,25.914
26.484,26.044
25.989,25.419
25.933,24.972
24.633,24.043
24.261,22.392
23.669,22.993
21.751,21.583
25.82,25.26
21.438,19.835
24.847,24.465
19.759,19.053
25.575,25.155
26.634,24.103
17.975,17.239
21.804,20.73
26.969,26.56
18.919,18.618
22.459,22.036
26.696,26.188
26.22,25.754
23.669,23.244
22.371,21.115
24.584,22.403
22.891,21.458
26.529,26.131
26.175,25.56
22.538,21.808
26.78,26.341
25.786,25.202
22.775,22.026
19.207,18.217
25.165,24.888
23.652,23.559
26.237,25.813
20.503,20.329
26.899,26.511
20.91,20.239
24.888,24.706
25.873,25.351
22.437,22.129
16.34,16.107
20.373,20.293
23.067,22.842
22.167,20.774
24.724,24.29
25.032,24.36
26.969,26.175
20.156,20.036
26.825,26.346
25.5,25.073
24.685,24.304
26.531,26.236
26.514,26.033
24.742,23.486
22.565,22.466
24.58,24.5
26.893,26.294
25.395,24.916
22.468,21.699
18.985,18.642
25.504,25.077
23.122,23.016
23.146,23.047
23.896,23.73
25.222,25.056
21.969,21.764
24.115,24.047
25.048,24.827
26.168,25.931
18.276,18.011
22.271,22.066
25.713,24.238
22.325,22.044
23.804,23.502
24.945,24.681
25.753,25.49
21.93,20.741
26.495,26.235
26.572,26.34
24.669,24.241
23.527,23.053
25.921,25.488
26.543,25.981
21.788,21.063
23.62,23.198
24.12,23.387
25.991,25.531
20.765,20.408
25.536,23.336
26.092,25.731
18.123,17.782
25.03,24.901
20.886,20.063
25.268,25.184
22.077,21.683
22.768,22.603
21.844,21.437
26.784,26.107
26.376,25.394
26.423,24.956
26.593,26.123
26.977,26.248
24.972,24.228
23.206,21.99
23.024,22.91
22.58,20.561
26.087,25.595
20.955,20.117
24.664,24.1
24.662,23.621
26.31,26.042
24.497,24.108
21.04,20.071
25.826,25.549
26.809,26.38
22.482,21.702
26.254,25.865
24.237,23.985
24.178,23.785
24.319,24.259
23.145,23.028
23.752,22.496
22.09,21.081
21.699,19.837
21.239,20.529
13.346,13.254
26.916,26.449
26.944,26.58
25.98,25.857
26.965,26.501
25.523,24.937
24.624,23.413
24.537,23.677
25.482,24.874
21.625,20.386
25.088,24.734
24.233,23.593
26.591,26.27
25.383,24.857
25.241,25.104
21.909,21.765
24.528,24.447
25.247,25.068
25.737,25.326
24.768,24.233
23.866,22.18
24.167,22.979
24.511,23.098
26.065,25.535
26.561,26.344
23.543,23.354
24.902,24.603
26.725,26.175
24.824,24.686
18.9,18.758
20.196,19.782
23.769,23.443
26.569,24.754
24.054,23.969
23.196,23.118
21.68,21.558
22.979,22.122
23.673,23.043
25.592,25.445
23.965,22.59
20.768,20.671
23.891,22.205
26.551,25.422
26.306,25.866
23.44,23.165
22.109,21.021
23.114,22.728
23.006,21.78
26.376,26.185
26.469,26.219
25.149,24.961
26.113,25.873
23.682,22.237
22.217,21.293
25.643,25.33
24.521,24.108
20.659,20.562
23.746,23.599
26.773,26.545
26.05,25.766
25.269,24.951
26.927,26.507
21.621,21.33
24.3,22.82
20.665,20.569
25.048,24.631
25.703,24.14
23.142,21.199
25.677,24.288
24.44,24.063
25.667,25.32
26.513,25.953
19.858,18.522
21.653,20.019
26.046,23.869
20.223,20.158
21.505,20.226
24.923,24.554
24.279,24.078
24.831,24.569
25.126,22.729
26.847,26.557
26.698,26.329
21.621,20.593
24.482,23.88
25.078,24.808
22.58,22.374
22.834,22.603
22.283,22.193
26.848,26.562
23.312,21.333
24.015,22.73
26.001,25.538
25.633,25.165
25.733,25.186
22.545,21.787
20.643,20.527
22.64,22.531
26.137,25.616
23.358,23.239
25.529,25.32
24.6,23.267
23.784,23.454
26.52,26.291
25.597,23.887
25.925,25.488
25.923,25.631
23.754,23.461
24.658,24.451
25.674,25.431
24.228,21.607
22.145,20.981
19.263,19.201
26.528,26.112
24.358,22.617
22.975,22.679
26.024,25.729
24.602,22.566
24.967,24.648
23.31,22.167
26.859,26.646
22.559,22.373
25.553,25.226
20.163,20.024
25.908,24.127
26.461,25.515
26.886,25.89
26.947,26.376
22.383,22.31
25.151,24.581
24.523,24.275
24.607,24.334
21.895,21.78
25.617,25.285
22.14,21.323
22.905,22.638
25.736,25.485
25.339,25.161
25.252,24.863
26.833,26.456
20.69,20.466
25.071,24.137
26.302,25.917
26.21,25.598
25.996,25.673
23.323,23.096
23.337,23.004
25.945,25.423
26.148,25.903
24.241,24.017
21.621,21.543
26.243,25.662
21.324,20.395
24.308,24.226
24.026,23.813
25.709,24.817
22.556,21.711
26.572,26.121
25.069,24.671
21.934,20.31
26.931,25.201
26.675,26.179
19.625,18.635
24.72,24.486
24.066,23.864
26.735,26.085
22.795,22.69
24.897,22.828
26.379,25.91
21.425,20.992
21.139,20.925
18.925,18.526
26.454,26.109
24.188,24.116
24.492,24.411
26.913,26.426
23.661,21.4
24.082,23.591
25.629,25.502
26.143,25.609
25.848,25.409
24.979,24.112
25.244,24.839
26.299,25.606
25.165,25.081
26.986,26.618
26.895,25.775
26.388,25.77
26.634,24.431
23.395,23.12
23.539,22.388
26.676,25.475
21.956,21.23
26.068,25.638
26.184,25.663
24.023,22.619
26.213,25.671
24.827,24.43
24.512,23.549
26.446,26.302
24.621,24.433
25.733,25.17
23.888,23.622
26.542,26.126
17.221,17.161
21.459,20.287
21.497,21.403
26.922,26.549
23.502,23.21
25.713,25.294
23.828,23.471
26.129,25.906
25.854,24.936
26.918,26.739
24.315,23.278
26.467,25.906
24.647,24.551
24.133,24.009
25.806,25.124
24.484,22.398
21.503,21.238
25.285,25.17
22.948,22.606
26.193,26.0
21.54,21.128
25.411,23.16
24.419,23.79
26.517,26.055
22.547,22.287
20.251,19.379
25.138,24.8
25.749,25.48
26.524,26.315
20.995,20.519
25.154,24.818
22.325,22.066
25.695,25.234
22.049,20.595
18.834,17.51
20.039,19.815
23.967,22.94
23.358,22.694
24.391,24.093
24.595,24.524
25.616,25.168
26.652,26.308
25.877,25.762
24.658,23.358
26.763,26.305
24.07,22.19
22.268,21.408
26.921,26.302
26.655,26.303
19.233,19.121
26.37,26.094
24.992,24.401
24.227,23.817
23.71,23.312
24.277,22.793
26.842,26.413
20.246,19.528
26.281,25.837
25.229,24.57
18.699,17.345
24.461,24.195
25.399,24.791
26.864,26.309
19.592,19.049
25.16,24.843
26.526,24.121
26.549,26.198
18.245,18.044
24.212,23.942
21.015,20.45
25.743,24.633
25.981,25.693
25.528,22.954
24.385,23.867
24.168,22.938
26.988,26.595
25.457,24.217
23.416,23.268
25.06,24.549
20.431,19.069
23.896,23.661
24.895,23.259
26.011,23.64
23.76,23.619
25.209,25.085
23.695,23.574
23.915,23.55
21.976,21.699
20.316,19.215
22.661,22.166
24.651,24.165
24.683,24.531
19.449,19.064
18.721,18.428
25.818,25.222
24.737,24.336
22.148,21.904
26.829,26.387
22.155,22.276
23.114,21.921
21.606,20.527
25.909,25.641
20.318,20.243
22.989,22.116
26.72,26.36
20.093,19.0
23.108,22.992
23.676,23.17
22.433,22.358
19.235,19.048
26.632,26.257
23.561,23.131
17.991,17.608
24.33,23.924
26.336,25.982
24.958,24.35
19.663,19.29
22.261,21.808
26.891,26.297
26.763,26.3
21.056,20.034
25.58,25.066
25.904,25.423
25.18,24.963
21.794,21.559
24.585,23.286
26.868,26.701
25.395,25.309
26.164,25.273
24.224,22.973
26.886,26.468
25.522,25.104
24.086,24.014
25.482,25.181
21.582,21.199
25.617,25.538
25.908,25.815
25.358,24.986
23.378,23.255
26.886,26.478
21.288,20.829
15.913,15.8
23.294,22.899
24.904,24.482
23.246,21.268
26.406,26.28
23.709,23.465
25.696,24.141
26.549,26.374
24.393,22.84
25.187,25.064
24.433,24.19
25.724,25.551
24.149,23.393
25.108,24.577
25.453,25.194
25.98,25.448
26.573,25.642
25.154,24.93
23.896,23.617
26.381,25.531
25.18,23.54
24.139,23.706
26.912,26.437
24.842,24.315
24.347,23.005
26.573,26.225
23.703,23.58
26.105,25.406
24.7,23.94
20.787,19.882
26.419,25.765
24.094,22.66
24.873,23.511
26.455,26.153
24.285,22.559
24.265,23.87
22.937,21.795
26.861,26.674
20.054,19.05
20.547,20.143
25.364,24.803
21.661,20.884
25.527,23.641
25.75,25.634
26.173,25.856
26.343,26.175
26.057,25.805
24.294,22.767
26.996,26.471
25.546,25.429
21.508,21.274
19.075,18.994
26.154,25.827
26.983,26.468
23.261,22.123
20.783,20.631
23.076,21.734
18.066,17.292
26.455,26.094
22.918,22.012
24.892,23.03
25.684,24.991
20.898,19.638
25.243,25.064
21.431,20.715
24.102,23.654
23.483,23.115
26.596,26.464
26.444,25.878
17.111,17.048
24.501,22.674
25.191,24.099
25.629,25.503
25.605,25.182
18.169,17.872
19.538,19.208
24.303,24.042
26.369,26.05
23.814,23.518
22.353,21.189
24.311,23.242
24.024,23.618
24.967,24.583
23.683,22.179
26.351,25.802
26.798,26.091
19.845,19.549
26.255,25.741
26.93,26.531
25.569,23.916
22.378,22.05
22.162,21.769
25.742,25.512
25.176,24.933
21.937,20.733
23.768,22.62
21.236,20.358
26.176,25.878
25.289,24.69
25.797,25.641
25.664,25.395
19.065,18.948
26.789,26.66
21.011,19.529
25.159,24.636
21.399,20.27
25.608,25.221
24.353,23.892
24.858,24.443
21.955,19.643
13.932,13.706
24.923,24.608
24.453,23.0
22.589,22.505
26.967,26.461
19.384,18.689
25.817,25.303
26.935,26.438
21.992,21.905
16.981,16.637
26.437,26.168
19.151,18.982
26.258,25.708
22.477,20.959
23.668,22.899
25.058,22.609
26.025,25.556
24.983,24.615
23.734,23.583
23.054,21.593
23.914,23.769
20.724,19.543
26.245,25.766
21.031,20.939
26.932,26.431
15.345,15.227
24.913,24.379
26.274,25.773
25.885,25.511
20.851,19.745
23.234,23.024
22.269,20.895
26.87,26.364
15.578,15.385
21.43,21.323
21.261,21.115
26.271,26.067
20.036,19.92
24.727,24.653
25.142,22.961
21.739,21.536
18.593,17.885
23.466,21.611
26.652,25.933
26.843,26.361
25.634,25.353
26.427,26.139
11.995,12.025
22.085,21.469
24.046,23.684
22.113,21.596
26.113,25.614
24.047,23.602
21.717,20.915
23.282,23.182
25.342,23.302
25.789,25.477
26.985,26.794
26.955,26.668
25.546,24.989
26.729,26.174
20.311,19.403
24.049,22.169
24.871,24.767
22.142,20.926
24.883,23.772
25.281,25.105
24.678,24.61
26.61,24.07
18.253,18.19
18.849,18.599
25.13,24.625
24.189,23.714
26.824,26.543
22.335,20.815
17.294,16.544
26.826,26.068
26.68,26.567
26.844,26.429
26.245,26.143
22.837,20.961
23.028,21.892
23.03,22.955
25.726,25.401
24.081,23.757
26.712,26.248
25.714,25.625
19.911,19.825
24.98,24.569
26.461,25.811
26.999,26.577
25.353,25.06
24.9,24.484
21.961,21.021
25.077,24.56
24.96,23.578
26.812,26.598
19.121,19.053
25.414,25.317
24.771,22.844
19.384,18.504
25.96,25.545
24.919,24.81
25.957,24.104
25.165,25.029
25.65,25.255
24.939,24.658
24.125,21.946
25.145,23.312
24.68,24.575
23.341,22.886
26.293,24.268
20.946,20.792
23.226,22.447
23.915,23.818
23.359,22.924
24.335,23.821
26.089,24.127
24.546,23.868
24.793,24.243
22.855,21.619
21.905,21.641
24.772,24.715
26.994,26.777
26.161,25.785
26.925,26.787
26.724,24.333
25.25,23.957
22.708,21.784
26.158,25.761
22.437,22.308
25.074,24.535
26.163,25.693
26.739,24.113
25.627,25.042
24.508,24.42
26.438,26.197
22.041,19.787
26.515,26.215
23.384,22.401
25.249,25.164
26.517,26.042
25.629,25.46
16.542,16.424
25.832,25.682
26.571,26.097
25.221,23.663
23.968,23.336
24.788,24.314
26.39,26.249
26.094,24.906
26.899,26.605
22.989,22.513
22.064,21.792
21.297,21.197
21.315,20.727
25.198,24.773
25.4,25.055
25.473,25.267
24.501,23.949
25.142,24.793
25.472,25.055
22.5,20.885
26.01,25.446
24.832,24.406
26.883,26.313
26.21,25.966
22.958,21.682
24.942,24.711
24.091,23.856
21.552,20.846
26.396,25.98
21.488,21.303
23.517,23.032
25.802,25.261
25.829,25.381
25.492,25.248
23.181,22.791
26.481,26.099
26.224,25.572
24.331,24.074
25.805,25.378
26.247,25.623
25.685,23.762
22.028,21.385
26.726,26.466
19.337,19.049
25.172,24.856
26.817,26.344
21.866,21.002
26.726,26.132
26.121,25.571
22.321,22.152
24.893,24.578
26.903,26.678
25.895,24.63
25.282,23.223
25.738,25.504
25.308,24.154
24.356,23.651
23.385,21.477
26.876,26.383
25.599,25.104
26.16,24.381
24.529,23.984
23.462,23.192
25.151,24.606
26.609,26.107
22.756,22.32
22.953,21.267
25.001,24.146
22.334,22.14
19.295,19.03
23.259,23.138
26.981,26.645
24.067,23.926
24.464,24.101
26.337,26.002
16.89,16.602
26.38,24.797
23.413,23.079
26.079,25.722
21.484,20.677
23.704,22.014
26.178,25.833
22.598,22.37
20.035,20.09
25.827,25.658
26.072,25.453
25.778,25.005
23.883,23.385
10.908,10.77
22.603,22.43
24.059,23.89
22.754,21.871
26.479,25.786
26.403,25.166
25.252,22.907
26.41,25.838
25.798,25.565
19.126,18.421
24.714,23.612
26.463,25.583
21.865,21.63
21.644,21.574
26.173,23.978
24.297,23.93
22.095,21.073
25.483,24.99
23.528,22.119
25.535,24.912
24.908,23.096
24.064,23.548
25.04,24.932
20.44,20.074
26.963,26.329
24.845,24.578
23.246,22.96
20.24,19.639
22.391,22.254
26.495,25.96
25.275,23.035
26.599,26.462
23.403,22.074
25.992,25.578
26.277,25.707
25.573,25.304
22.216,21.912
25.728,24.723
26.409,25.956
26.166,25.79
25.758,25.21
26.087,23.833
23.932,23.622
21.534,21.425
20.542,19.515
24.831,24.495
26.951,26.366
18.453,17.756
24.926,24.669
22.819,21.708
23.735,23.266
26.145,25.5
25.757,25.493
19.763,19.665
21.711,21.532
22.972,22.756
22.146,20.613
26.284,26.06
22.858,21.56
22.259,21.531
18.709,18.268
25.295,25.17
20.486,18.961
24.598,23.898
25.851,25.493
26.179,25.739
21.456,20.305
26.407,24.602
26.943,26.553
19.527,18.963
21.7,21.372
26.234,26.137
24.982,24.488
15.502,15.358
24.143,23.088
24.786,23.103
24.583,24.441
21.668,20.914
26.119,25.665
23.968,23.371
23.955,22.146
22.439,22.368
23.582,23.419
26.41,25.543
26.885,26.572
25.188,24.786
20.879,20.698
21.558,20.927
24.956,24.597
23.411,23.182
17.955,17.873
25.377,24.88
23.834,21.763
24.158,23.446
23.808,23.65
23.146,22.888
22.584,22.664
25.019,24.874
18.774,18.427
24.799,24.599
26.739,26.336
24.792,24.383
21.608,20.643
20.012,19.709
24.846,24.488
23.206,23.105
25.413,25.328
19.276,18.727
24.661,24.002
26.879,26.161
24.806,24.277
23.415,23.326
25.907,25.45
25.772,25.455
24.965,24.623
26.942,26.43
24.546,24.063
26.967,24.931
23.192,22.409
19.14,18.739
20.747,20.07
20.834,20.743
25.372,25.245
26.455,26.063
22.895,22.701
24.2,22.386
25.028,24.624
26.025,25.754
22.99,22.504
24.142,23.685
25.112,24.612
23.564,23.437
26.68,26.402
26.041,25.773
24.545,24.423
23.504,23.11
26.779,25.977
24.831,23.436
21.755,20.334
26.269,25.776
26.192,25.657
26.175,25.513
25.725,25.074
19.309,18.229
25.817,25.377
23.527,22.607
26.934,26.638
23.957,23.638
24.494,24.311
23.917,23.422
24.661,23.247
25.054,24.447
23.243,22.82
23.199,21.724
26.412,25.692
26.849,26.607
19.121,18.396
24.904,24.39
18.934,18.385
24.514,24.274
23.283,22.593
23.134,22.864
19.54,18.668
26.498,25.759
24.368,23.21
26.155,26.054
23.746,23.472
26.943,26.547
21.28,20.184
25.771,25.392
25.321,25.229
25.663,24.513
26.021,24.417
20.425,19.821
24.326,22.158
22.784,22.669
25.074,24.229
18.523,18.36
24.784,24.459
26.072,25.78
25.027,24.83
26.601,26.211
26.505,26.069
24.011,23.21
26.54,26.067
24.665,24.463
26.351,26.173
26.873,26.593
22.276,20.861
21.222,21.063
26.74,26.214
26.053,25.62
19.962,18.363
26.309,25.685
20.168,20.055
23.358,21.58
21.469,20.725
26.751,26.6
26.032,25.723
26.289,25.998
25.137,24.838
24.68,24.388
26.738,26.363
24.815,24.462
22.594,22.094
26.077,25.469
24.468,23.851
25.672,24.993
26.854,26.433
26.122,25.839
24.762,23.667
16.646,16.526
26.232,25.861
24.457,24.029
24.318,23.623
14.403,14.311
24.702,23.673
24.983,24.513
23.634,22.736
25.831,25.385
26.581,26.322
24.795,24.456
26.661,26.026
25.767,25.626
24.346,24.256
25.122,24.431
18.961,18.098
23.026,21.402
25.584,25.049
22.082,20.446
26.531,24.762
21.925,20.604
25.611,25.397
24.386,24.281
22.147,20.667
24.482,24.259
14.793,14.589
26.716,26.497
23.484,22.624
25.302,25.057
15.299,14.407
26.641,26.18
26.229,25.981
25.636,25.464
26.821,26.534
26.623,26.177
18.56,18.447
26.171,25.703
25.705,25.162
26.245,26.09
26.79,26.295
25.584,25.052
15.489,15.305
26.116,25.57
25.569,25.449
26.701,26.157
20.038,18.311
25.062,24.711
23.77,22.775
21.131,19.588
25.837,23.806
26.433,26.005
24.212,22.805
26.401,25.336
26.772,26.323
26.495,25.729
26.007,25.426
23.278,21.717
26.48,25.911
25.254,23.535
25.956,25.445
26.057,24.469
24.772,24.682
26.037,25.444
23.945,23.499
26.103,25.633
20.916,19.915
22.473,22.253
25.8,25.706
15.789,14.693
19.712,19.469
26.432,26.003
21.079,20.674
18.321,18.134
23.67,23.012
24.52,23.887
26.266,25.54
22.188,21.773
24.189,23.971
26.184,25.701
25.426,24.923
25.337,25.255
25.78,25.192
25.16,23.07
25.689,25.162
25.725,25.505
25.229,24.848
25.211,23.512
20.166,19.688
25.585,23.279
22.163,21.995
24.046,23.659
23.936,23.732
23.537,23.148
25.595,25.162
25.541,25.306
25.461,25.186
22.209,22.079
25.516,25.089
23.3,23.046
26.149,25.542
22.962,22.076
25.505,25.37
21.252,21.156
24.859,24.514
17.343,16.022
24.786,24.695
25.413,25.33
24.793,23.338
25.433,25.081
25.492,24.694
19.298,18.789
26.502,26.078
22.008,21.836
26.557,26.204
25.944,25.61
18.615,18.008
25.043,24.604
26.586,25.93
24.602,24.081
24.063,23.587
26.884,26.388
21.616,21.008
24.655,24.514
26.328,25.801
25.97,25.134
25.005,24.474
24.236,23.039
26.459,26.144
13.911,13.808
25.756,25.12
21.595,21.467
25.511,25.367
26.465,26.331
25.673,23.525
21.081,20.872
23.855,22.529
25.594,24.272
22.578,21.124
24.144,23.791
26.886,24.738
25.484,24.892
25.798,25.387
24.236,24.14
25.505,22.928
25.345,25.234
24.185,22.152
17.655,17.335
25.359,23.416
22.349,21.786
25.964,23.627
23.704,23.268
25.265,24.81
24.315,24.07
25.698,25.346
25.345,25.099
22.173,22.013
23.367,23.162
25.599,25.233
26.821,26.462
25.606,25.131
26.983,26.603
24.443,24.012
25.395,24.48
26.794,26.449
23.267,22.919
26.537,26.143
24.543,24.373
26.249,25.868
25.297,25.111
21.697,21.091
25.001,24.544
25.912,25.08
26.34,25.647
22.614,21.063
25.794,24.746
25.031,24.273
21.907,20.594
21.159,20.967
23.429,23.301
26.726,26.22
25.464,23.692
26.586,25.905
25.091,24.917
26.935,26.227
25.492,24.231
25.456,24.78
23.935,23.46
24.256,23.795
24.459,24.358
19.147,17.828
26.911,26.218
26.779,26.302
24.899,23.141
22.672,22.557
24.862,23.58
20.37,20.278
20.762,18.997
26.792,26.254
23.045,21.285
23.175,22.741
23.083,22.118
22.605,21.746
25.102,23.878
25.068,24.575
26.445,25.869
25.187,24.736
26.215,25.804
25.843,25.157
23.878,23.72
24.98,24.769
24.035,23.446
23.38,23.235
23.925,23.052
25.717,25.121
24.997,24.461
20.384,20.3
22.035,21.052
26.676,26.288
24.187,23.12
20.871,19.851
25.695,25.293
22.236,22.01
25.672,25.385
23.117,22.98
25.459,25.314
25.688,25.271
22.722,22.15
25.121,24.613
24.861,24.427
25.456,25.082
22.847,22.756
19.682,19.555
26.497,26.251
25.278,25.027
25.622,25.478
22.917,22.7
22.217,21.836
22.567,21.364
26.393,25.7
26.822,26.283
22.152,21.063
23.53,23.117
24.135,23.662
26.655,26.187
26.822,27.107
24.877,24.14
25.517,23.789
25.495,25.1
17.604,17.491
25.663,25.437
25.284,24.857
26.21,25.657
26.038,25.89
24.227,23.86
23.411,22.61
23.761,23.487
26.647,25.918
23.887,22.771
25.433,25.049
25.911,25.294
25.447,24.91
23.897,22.192
26.907,26.442
24.255,21.968
26.228,24.542
25.097,24.525
26.038,24.042
21.455,19.737
26.044,25.928
23.64,23.122
24.911,24.71
26.463,26.062
22.176,22.013
25.284,24.843
23.529,23.312
26.846,26.22
26.836,26.593
23.842,23.548
26.455,26.338
25.051,24.943
23.041,22.902
24.712,24.294
24.852,22.953
26.564,26.277
26.916,26.185
24.127,23.998
21.745,20.411
26.678,26.208
25.904,25.711
23.468,21.238
26.824,26.694
26.448,26.031
25.04,24.638
22.311,20.944
25.741,25.572
20.277,19.116
26.195,25.281
24.274,22.909
24.274,24.068
25.588,25.084
26.525,26.142
22.599,22.171
26.311,25.875
24.189,22.092
20.887,20.17
22.946,21.761
26.135,24.731
23.246,23.222
26.165,25.897
24.036,23.424
20.536,20.159
21.517,21.39
22.952,22.828
24.473,24.283
24.926,24.202
26.284,26.531
26.654,26.453
22.722,22.81
24.615,22.407
22.414,22.321
26.177,25.935
24.144,24.026
21.027,20.958
25.657,25.419
24.382,23.902
26.739,24.453
22.846,22.732
26.632,26.087
21.871,21.799
22.14,21.858
25.836,23.251
24.904,23.502
26.967,26.495
26.125,25.914
17.906,17.647
22.906,22.792
26.954,26.187
23.806,23.291
26.577,26.103
23.832,23.774
26.36,25.498
22.308,21.361
24.015,23.542
25.593,25.141
25.154,24.68
26.028,25.653
26.11,25.725
7.051,6.824
26.062,25.83
21.104,20.879
25.573,24.29
25.466,24.938
25.907,25.401
24.439,23.936
26.142,25.671
26.2,26.032
26.791,26.32
25.515,25.083
26.944,26.337
20.528,20.348
25.465,25.307
24.508,24.172
25.607,25.185
23.519,23.384
26.596,25.84
22.008,21.078
24.585,23.702
23.999,23.884
25.29,24.768
21.962,21.178
25.676,25.186
24.937,24.606
21.627,20.131
26.448,26.172
24.367,24.061
26.83,26.373
20.501,20.42
24.181,23.968
26.581,26.164
24.425,24.258
18.306,18.007
26.76,26.262
25.328,24.83
25.47,25.318
24.47,23.92
26.311,26.199
22.006,21.588
26.661,26.208
26.709,26.181
24.091,23.309
24.494,23.883
22.706,22.375
23.492,23.241
18.897,18.793
25.728,25.319
26.57,25.982
20.339,19.436
23.347,22.283
25.838,25.349
21.152,20.884
21.284,20.258
23.558,23.099
25.577,23.741
26.96,26.799
23.925,23.518
19.967,19.738
24.606,24.302
24.849,24.144
23.14,22.116
24.923,24.202
22.568,21.445
23.719,23.416
15.273,15.19
24.915,24.523
23.096,23.001
23.195,22.391
24.813,24.51
26.23,23.633
19.127,18.959
25.69,25.216
23.134,22.19
24.728,24.502
23.914,23.527
26.711,26.369
25.816,25.501
25.111,24.916
23.443,23.065
24.321,22.072
25.391,24.935
19.792,19.705
26.9,26.426
20.067,19.991
23.31,21.793
20.244,20.127
26.98,25.851
24.637,24.157
26.257,25.704
20.971,20.05
25.411,24.899
24.192,23.138
21.247,20.287
22.904,22.152
23.759,23.674
18.941,17.664
24.569,24.401
23.655,23.33
21.219,20.861
25.934,25.791
18.268,16.846
26.719,25.944
24.798,24.444
25.611,25.152
23.91,23.662
25.385,24.756
23.148,22.581
24.613,24.225
25.336,24.804
24.204,23.909
23.622,23.168
26.31,25.985
24.611,24.472
25.366,24.855
22.706,21.905
25.58,25.315
26.95,24.786
23.016,21.604
24.894,24.765
26.059,23.627
25.762,25.676
25.949,24.327
26.432,25.761
23.738,23.668
26.403,25.736
26.052,25.316
26.226,24.448
26.647,25.616
21.592,20.317
20.259,19.492
26.727,26.081
21.609,20.566
26.905,26.549
21.833,20.425
24.32,23.55
20.227,19.904
22.187,22.125
25.56,25.301
21.394,20.876
25.811,24.324
26.9,26.436
26.598,26.143
26.61,26.203
26.485,26.182
25.423,24.947
25.833,25.705
22.339,21.398
20.411,20.313
23.988,23.677
24.72,24.191
26.84,26.445
26.76,26.373
26.301,25.856
25.196,22.901
25.59,25.295
25.281,25.162
26.038,25.863
26.924,26.67
17.601,17.317
22.944,22.685
24.107,23.789
25.639,25.452
26.392,26.06
24.699,24.437
25.895,25.588
24.43,24.137
26.913,26.749
24.031,23.505
22.891,22.743
25.433,25.051
26.882,26.569
25.978,25.663
26.488,24.989
25.714,24.955
21.815,21.73
22.279,21.939
21.214,21.081
23.177,22.73
24.408,23.717
25.292,23.597
21.775,20.906
20.871,20.525
14.162,14.055
24.336,23.194
25.634,25.391
23.674,22.802
25.65,25.452
25.804,25.618
26.554,26.248
26.1,24.733
26.097,25.625
22.871,22.678
22.963,22.823
21.406,21.17
25.312,24.788
26.082,25.647
26.651,26.325
24.298,23.962
24.312,23.233
23.79,23.597
21.68,21.468
22.932,22.783
21.757,21.031
22.93,21.759
25.139,25.073
25.835,25.429
24.425,24.092
24.692,24.12
25.948,25.436
22.669,21.313
23.769,23.512
25.74,25.432
23.62,23.24
25.235,24.792
20.816,19.813
26.667,26.246
26.075,25.619
21.293,20.809
26.144,25.065
26.513,26.067
25.939,25.665
19.673,19.104
26.058,25.896
26.969,25.487
23.884,23.254
25.899,25.656
24.077,22.866
16.034,14.33
24.013,23.963
25.858,25.367
22.177,22.042
23.987,23.46
23.976,23.926
23.511,23.362
21.864,21.193
23.159,22.869
25.31,24.851
26.251,25.944
23.533,21.874
23.438,23.154
25.267,25.123
26.058,25.435
24.03,23.796
24.392,24.05
23.801,22.704
24.799,24.446
26.899,26.28
25.227,24.749
21.142,20.078
20.536,19.652
24.069,23.967
22.304,20.522
22.846,21.739
24.099,24.006
26.084,24.651
25.775,25.083
26.971,26.74
25.801,25.197
23.486,23.18
23.611,22.832
24.892,24.825
25.844,25.236
24.802,24.431
26.875,26.065
24.22,23.831
26.141,25.786
21.565,20.029
24.684,24.133
23.56,22.037
26.029,25.63
24.292,23.931
26.155,25.855
26.697,26.523
20.36,19.66
26.748,26.257
26.381,25.875
24.864,24.499
25.535,25.443
22.091,20.488
20.581,19.47
23.715,23.561
24.993,24.613
21.607,21.428
21.89,20.971
20.536,20.454
25.115,24.805
25.111,22.71
25.255,24.905
25.324,22.952
24.666,24.355
19.998,18.699
26.389,25.947
26.681,25.913
24.491,24.35
24.288,23.22
25.054,24.485
22.847,22.267
26.324,25.954
26.103,25.651
26.255,25.595
21.375,21.136
22.456,22.393
25.252,24.761
19.54,19.329
26.194,25.66
26.055,25.455
26.52,24.803
26.712,25.89
24.438,23.916
26.614,26.114
26.912,26.671
23.114,22.754
26.967,26.582
26.313,26.071
26.196,25.797
23.873,23.42
21.607,20.336
25.099,24.54
26.822,26.426
26.59,26.161
20.183,19.069
26.017,25.878
26.478,26.287
24.452,23.751
22.854,22.347
24.598,24.246
12.527,12.474
25.38,25.287
24.177,23.717
26.536,26.258
26.761,26.308
26.333,26.083
26.414,24.451
24.075,23.658
26.149,25.66
26.957,26.45
23.19,23.105
24.989,24.511
25.754,25.429
23.601,23.426
25.809,23.427
24.02,22.616
25.943,25.56
26.701,26.085
24.459,24.113
26.491,26.286
23.107,21.647
25.778,25.587
26.865,26.41
25.294,24.794
26.151,25.087
24.799,24.54
22.178,21.225
24.322,24.091
26.981,26.416
24.331,23.979
26.059,25.79
17.26,17.155
25.407,24.862
25.668,24.148
23.829,22.892
23.944,23.798
24.026,22.578
26.164,25.704
25.862,25.62
26.964,26.078
22.002,21.7
15.239,15.093
20.699,19.668
21.318,20.571
26.686,26.308
23.393,23.116
25.954,25.361
25.061,22.798
23.74,23.569
25.352,25.37
26.767,26.233
24.311,24.329
18.917,17.671
18.804,16.888
26.558,26.179
20.781,20.464
25.297,25.273
26.402,26.151
23.583,23.214
24.575,23.815
18.703,18.506
25.896,25.675
22.507,22.198
25.953,25.726
20.772,20.604
22.616,22.507
22.954,22.876
25.857,24.582
25.373,24.951
26.331,25.992
24.004,22.436
24.097,23.81
17.836,17.464
26.214,23.867
24.471,24.014
23.515,22.797
24.855,24.063
24.79,24.684
25.782,25.38
24.976,24.554
23.525,22.449
25.744,25.512
24.376,23.83
26.928,26.29
21.872,21.686
24.227,22.722
26.826,26.395
25.973,25.85
26.718,26.234
21.847,21.668
24.55,23.587
23.637,23.231
24.074,23.992
22.707,22.653
26.806,26.073
24.843,24.564
24.8,24.306
24.017,23.888
21.17,20.814
22.675,22.195
26.341,25.902
23.33,22.406
26.527,26.359
25.041,23.73
23.278,22.926
24.357,24.004
23.603,23.51
25.263,24.864
23.621,23.447
22.176,21.763
22.836,21.977
21.956,21.192
25.687,25.046
25.161,24.64
23.357,23.141
24.018,23.533
22.462,22.288
18.034,17.498
25.607,24.771
26.288,24.788
12.816,12.699
25.4,23.744
24.936,24.681
26.272,23.909
23.084,21.488
26.957,26.377
25.995,25.508
21.977,21.37
25.258,24.935
26.293,25.999
24.084,23.892
24.433,24.34
25.411,24.866
25.861,25.396
26.538,25.967
24.887,23.875
24.18,23.871
22.535,21.994
12.616,12.374
25.31,24.765
21.031,20.587
25.436,25.261
24.941,24.719
26.617,26.161
26.411,25.915
24.767,23.577
25.244,25.13
21.453,21.221
22.313,21.889
24.797,24.398
26.296,25.872
22.327,22.096
25.184,23.952
22.815,22.333
25.695,25.119
25.408,24.889
23.88,23.456
24.347,23.206
21.786,21.529
20.904,20.177
20.429,19.674
25.793,25.589
24.732,24.368
24.601,24.234
25.595,25.204
26.527,26.121
20.057,19.192
26.683,24.453
26.77,26.49
25.374,24.842
21.701,21.517
24.092,23.332
26.302,25.852
26.268,25.769
25.502,25.132
25.506,25.336
25.95,25.57
23.257,22.939
24.96,24.329
22.39,21.134
23.278,22.216
24.171,23.292
25.624,25.268
26.295,26.165
20.952,20.632
24.98,24.179
26.892,24.352
25.034,24.535
25.149,24.072
23.0,22.908
23.677,22.307
26.861,26.498
22.21,21.442
18.271,18.147
26.482,26.07
24.23,23.91
25.446,24.952
26.258,25.817
24.684,24.46
21.324,20.189
25.861,25.575
26.67,26.117
23.221,22.839
26.295,24.148
25.156,24.473
24.209,22.957
26.693,26.313
18.829,17.865
24.625,24.334
24.224,23.831
23.714,22.161
26.867,26.63
23.562,23.212
21.675,20.607
22.95,21.433
24.965,24.389
23.37,22.392
23.369,23.215
24.602,24.173
21.694,21.604
26.245,25.513
25.592,24.979
24.493,24.062
25.43,25.019
26.254,25.171
23.086,21.21
21.597,21.44
24.702,22.805
26.297,26.026
23.494,22.998
22.114,21.859
26.813,24.247
18.289,16.992
26.956,26.353
25.596,25.219
24.565,23.901
20.246,18.604
23.883,23.797
25.169,25.078
26.75,26.333
24.022,23.547
26.58,26.203
22.136,21.677
23.708,22.781
23.904,23.708
25.382,23.448
23.718,23.241
26.524,26.204
21.378,19.908
25.29,25.091
23.612,23.325
20.196,19.366
21.644,21.344
26.953,26.483
25.683,25.067
26.288,26.091
20.911,20.657
24.263,23.703
22.736,21.219
22.875,20.642
25.975,24.127
23.779,22.901
21.041,20.106
17.532,17.434
21.516,20.416
26.367,25.937
25.373,24.825
23.404,22.399
22.282,21.847
26.841,26.62
17.011,16.7
26.905,26.571
24.211,22.506
25.03,24.799
23.056,21.306
25.756,25.477
25.322,25.201
23.503,23.141
25.9,25.572
23.846,23.456
26.952,26.373
26.389,26.04
26.612,26.313
26.231,23.792
26.781,25.92
25.428,25.109
24.751,24.528
26.247,26.107
20.746,19.83
18.14,17.818
22.992,22.475
24.178,23.636
25.596,25.193
22.075,20.694
22.034,20.161
26.176,25.71
26.042,25.393
21.625,20.889
26.324,26.077
26.271,25.032
26.12,25.973
26.642,26.267
26.811,26.449
20.055,18.794
26.56,25.914
19.048,18.582
24.184,22.102
24.977,24.346
23.865,23.56
25.143,25.03
25.214,24.776
19.29,18.708
23.68,21.46
25.983,25.488
22.988,22.313
24.459,23.854
24.52,24.28
26.084,25.678
22.433,22.286
24.427,23.549
26.764,26.164
26.117,25.943
26.461,25.999
23.704,23.57
21.88,20.606
26.771,26.521
26.223,25.986
24.154,23.837
13.264,13.189
25.447,25.008
25.333,24.812
21.927,21.268
19.467,18.801
25.596,25.159
22.83,21.811
26.175,25.747
25.959,25.633
21.795,21.567
19.971,19.9
26.303,25.83
25.718,25.231
19.425,18.839
25.463,23.651
26.461,25.909
24.283,23.936
25.046,24.112
26.558,24.805
26.208,25.759
16.636,16.163
19.056,17.963
26.323,24.372
25.004,24.729
26.482,25.447
24.855,24.625
23.316,23.173
25.76,25.353
25.972,24.799
24.764,23.926
22.247,22.051
24.601,23.303
26.623,26.274
18.094,17.896
25.999,25.505
25.983,25.493
24.665,24.286
22.933,21.773
26.139,25.952
25.283,25.126
22.607,21.295
26.706,26.424
26.044,25.358
25.968,25.608
24.568,22.618
23.541,23.116
24.55,24.292
26.628,26.1
26.768,26.532
17.69,17.727
22.346,21.573
26.428,26.046
26.198,25.712
24.814,24.535
26.972,26.411
26.45,26.148
25.988,25.598
24.394,24.262
22.359,22.052
20.408,20.229
19.011,18.537
23.907,23.48
23.258,21.502
24.431,24.302
25.536,23.243
25.067,24.784
24.734,24.336
25.65,25.12
24.588,23.985
22.776,22.664
25.807,23.662
24.943,22.93
25.814,25.035
25.969,25.435
26.465,26.055
25.783,25.293
23.261,23.082
26.603,26.191
24.822,24.575
26.636,26.23
24.853,24.402
26.406,25.717
26.404,25.942
26.738,26.208
26.12,25.433
24.172,23.92
26.464,26.158
26.905,26.143
26.942,24.56
23.791,23.68
26.123,25.526
24.463,24.37
25.965,24.166
22.491,21.364
25.654,25.192
17.098,16.742
25.425,23.739
24.27,24.065
22.859,22.468
26.933,26.677
26.415,25.882
22.271,20.685
26.996,26.806
20.579,20.308
18.224,18.14
22.67,22.158
16.314,15.515
22.958,22.834
26.803,26.342
24.885,24.252
24.701,22.945
23.57,23.099
26.232,23.654
25.894,25.61
22.798,22.555
24.115,23.718
26.405,25.255
14.673,14.591
25.166,23.218
23.409,23.053
25.076,24.551
24.51,24.28
23.543,23.129
26.297,25.914
25.752,25.539
23.198,21.064
26.492,26.048
19.471,19.322
21.28,20.195
25.381,24.888
24.46,24.366
26.283,25.847
23.376,22.961
22.798,22.54
25.539,25.353
26.252,25.861
7.728,7.423
25.098,24.813
22.7,22.211
24.372,24.006
26.391,24.913
24.499,24.387
20.4,19.752
26.688,25.162
23.184,22.673
24.467,23.518
25.472,25.09
26.264,25.166
25.325,23.273
25.825,25.369
25.529,24.984
26.138,25.607
25.43,24.993
26.394,25.821
25.285,22.852
26.689,26.18
25.275,25.057
26.35,26.232
24.512,24.397
20.463,20.34
19.928,19.49
26.649,26.286
26.464,26.32
24.506,23.905
25.518,25.04
26.943,26.502
24.298,24.12
24.092,23.648
26.941,26.454
22.893,22.73
26.604,24.08
24.033,23.651
22.833,21.571
26.271,26.132
21.52,20.108
19.747,19.558
25.946,25.566
26.233,25.758
25.52,25.367
25.017,23.821
25.614,25.08
25.949,25.397
22.071,21.048
25.278,25.029
25.099,24.836
22.614,22.541
25.128,24.114
22.924,22.82
19.462,19.272
22.044,20.652
22.707,22.325
23.993,21.759
24.036,23.061
21.335,20.378
22.829,22.698
26.513,26.077
22.454,22.053
25.99,25.597
25.598,25.071
26.838,26.309
25.288,24.82
23.101,21.71
21.597,21.393
15.018,14.889
26.19,25.975
23.235,23.13
22.579,22.486
23.841,22.867
18.89,18.738
26.653,26.077
23.59,23.238
14.027,13.721
26.67,26.365
19.978,18.794
26.062,25.527
26.866,24.979
23.068,22.961
22.163,20.963
20.513,19.27
26.045,25.646
19.934,19.698
24.114,23.705
26.094,25.675
25.467,24.973
23.183,22.96
22.518,22.319
24.007,23.654
24.88,24.47
24.601,24.049
23.533,23.201
23.955,22.218
26.993,26.682
26.865,26.481
24.821,23.133
21.609,20.242
24.913,24.415
24.251,22.673
23.992,23.521
24.457,24.377
20.762,20.548
24.268,23.949
26.57,24.755
25.394,25.106
25.838,25.6
26.017,25.264
24.151,23.951
25.517,25.416
24.345,23.119
20.413,18.991
24.195,23.796
21.895,21.713
23.085,21.515
24.112,23.79
26.235,25.569
22.181,21.936
26.462,26.122
20.905,19.168
24.236,23.891
25.323,24.838
23.958,22.908
25.883,25.444
24.362,24.242
25.509,24.701
22.164,21.697
24.8,24.478
24.325,23.995
25.12,24.924
23.563,23.176
25.293,25.165
25.949,23.447
24.288,22.473
26.926,26.722
22.473,21.146
17.428,17.665
25.905,25.47
24.638,23.757
23.193,22.836
25.968,25.794
25.664,24.415
26.885,26.446
14.237,14.149
25.33,24.881
24.913,24.339
25.683,25.538
24.353,23.948
18.685,18.51
22.679,21.961
16.136,15.425
22.188,20.864
26.008,25.086
24.085,23.833
25.434,22.824
25.846,25.381
26.312,24.093
23.957,23.003
18.654,18.461
17.084,16.89
20.973,19.966
23.32,23.254
26.928,26.453
20.02,19.29
25.789,25.132
24.111,23.834
17.856,17.713
25.471,24.448
26.737,26.251
22.035,21.891
26.842,26.164
21.985,21.694
26.604,26.19
26.507,26.076
26.523,26.056
23.338,22.978
23.252,22.823
26.07,25.958
17.126,16.963
23.337,22.954
25.929,24.708
25.347,25.208
25.656,25.384
26.396,25.824
22.752,22.515
23.95,23.796
23.723,22.92
26.347,26.085
24.938,24.732
22.794,22.586
24.406,23.668
23.453,23.2
23.849,23.682
25.156,24.783
25.458,25.323
26.758,26.482
26.174,23.972
24.48,24.232
22.689,22.225
20.884,20.745
25.382,24.942
25.833,25.539
26.613,26.173
25.446,24.987
17.021,16.903
22.767,22.341
15.148,14.901
26.376,25.916
26.015,25.58
26.223,25.507
26.308,25.851
26.361,25.085
26.079,25.536
23.711,23.251
24.244,24.021
25.027,24.097
25.597,25.378
23.424,22.852
22.003,21.569
25.76,25.121
22.314,21.812
24.298,23.813
26.536,25.948
26.47,25.783
24.455,24.145
25.322,24.821
24.364,24.017
26.533,26.061
26.556,26.22
25.935,25.297
26.221,23.589
25.345,23.439
25.715,25.449
26.835,26.247
25.378,24.948
26.174,25.675
26.912,26.495
20.79,19.895
24.243,23.869
19.22,19.121
26.897,26.499
25.185,25.106
26.747,26.541
25.696,25.276
21.117,19.868
24.494,24.379
25.948,25.392
24.723,23.551
17.807,17.588
26.434,26.001
26.665,26.44
24.647,24.522
25.874,25.774
26.033,25.528
25.317,25.116
25.18,24.649
21.054,20.95
24.487,22.474
26.397,25.631
22.977,22.665
25.186,25.064
26.919,26.454
26.266,24.054
20.496,20.088
26.545,26.371
23.88,23.311
22.309,22.158
26.309,25.915
24.873,24.552
20.567,20.488
26.518,25.83
24.062,23.733
15.619,15.414
21.316,21.246
26.778,26.383
25.939,25.27
26.019,25.38
25.318,24.826
25.445,24.714
24.776,23.297
17.848,16.811
24.951,24.368
24.423,24.036
26.729,24.377
25.759,25.135
26.983,26.553
22.525,22.322
25.979,25.709
25.403,25.235
24.623,24.494
25.531,25.099
26.797,26.281
25.845,25.569
26.069,25.639
24.501,22.896
25.926,25.488
19.121,17.404
19.109,18.79
26.973,26.538
24.288,23.922
20.456,20.034
26.963,24.589
25.416,25.191
26.124,25.628
26.779,26.463
22.007,21.744
23.209,23.125
24.082,22.718
25.728,23.069
25.013,24.358
22.833,21.548
26.255,26.125
24.584,24.162
26.728,26.379
26.217,26.0
23.225,21.814
22.861,21.712
26.575,26.188
25.315,25.248
23.001,22.895
25.154,24.826
25.973,25.457
26.474,25.757
26.723,26.363
23.689,23.278
26.175,25.713
25.266,25.175
25.506,24.909
24.765,24.322
26.451,26.001
26.555,26.267
22.026,21.747
25.664,23.892
22.216,22.352
25.575,25.301
21.542,21.439
25.025,24.589
19.649,19.182
21.984,21.387
26.907,24.614
24.647,23.71
19.062,18.645
26.622,25.709
23.977,23.538
20.702,20.252
25.586,24.855
23.446,22.513
22.462,22.269
26.194,25.096
25.476,24.833
21.727,21.286
25.833,25.46
26.1,25.585
21.661,20.127
22.701,22.274
23.972,22.991
22.705,20.87
24.736,24.269
25.217,24.232
24.16,23.695
25.971,23.412
22.632,21.03
23.104,21.938
26.284,25.889
25.176,24.86
24.757,23.603
20.55,19.916
24.52,24.253
22.88,22.413
20.762,20.508
21.938,20.476
24.266,23.45
24.159,23.898
25.037,24.611
25.172,22.99
21.157,20.334
24.48,22.364
25.765,25.622
21.598,20.202
26.567,25.935
25.917,25.634
25.14,22.895
25.645,25.21
22.058,21.923
23.697,23.56
26.726,26.609
24.468,24.372
24.919,23.418
24.073,23.583
26.701,25.817
25.986,25.531
24.139,23.786
19.473,18.815
26.018,25.487
24.731,24.228
24.468,24.189
26.45,25.917
23.705,21.763
18.359,18.006
23.328,23.034
26.202,25.696
25.624,23.816
22.41,22.302
24.753,23.554
26.758,26.447
24.202,24.096
25.263,24.87
25.531,25.322
24.825,24.366
25.592,25.17
21.893,21.022
20.878,20.548
23.968,23.38
19.675,19.389
25.936,25.5
23.142,21.777
25.17,24.717
26.169,25.153
26.422,26.252
14.873,14.627
25.841,25.474
26.406,26.147
23.211,22.787
24.869,24.485
26.48,26.251
23.948,22.696
25.555,24.75
23.896,23.142
26.691,25.063
26.83,26.333
22.456,22.334
19.038,18.579
25.671,25.209
25.742,25.016
26.181,25.988
24.865,24.321
21.531,20.221
25.423,25.008
26.168,25.971
24.744,23.559
26.874,26.43
23.713,23.287
17.058,16.94
26.702,26.031
25.03,24.707
18.889,18.546
14.89,14.743
24.805,24.299
26.195,25.529
25.31,23.09
25.458,25.08
23.629,23.177
25.06,24.555
26.88,26.48
22.807,22.656
25.384,25.185
25.235,25.171
22.848,21.841
22.977,22.817
22.673,22.512
26.134,24.182
15.549,15.487
20.23,19.079
24.011,23.933
26.287,25.787
26.076,25.816
20.181,20.101
18.946,18.869
20.359,20.287
26.392,25.814
25.941,25.209
24.473,23.183
22.029,21.136
26.113,25.896
21.481,20.394
23.761,22.892
22.75,22.32
26.924,26.442
26.924,26.164
25.984,24.511
24.471,24.263
25.71,23.925
26.233,26.0
19.809,18.995
25.413,24.112
25.657,25.155
19.704,19.567
26.953,26.789
18.836,18.183
25.048,24.94
24.631,24.551
25.474,25.178
26.982,26.724
21.846,21.64
24.782,24.386
24.369,24.029
25.597,25.152
25.748,25.591
25.822,25.637
26.876,26.393
26.645,26.161
26.031,25.881
24.172,22.38
15.098,14.927
25.664,23.405
26.974,24.98
26.394,26.128
26.978,26.693
26.844,26.348
25.807,25.373
24.291,24.201
23.659,23.288
26.279,25.789
23.277,21.309
25.021,24.744
25.871,25.327
26.66,25.939
25.243,24.137
26.282,25.196
16.213,15.826
21.167,20.89
23.628,23.458
22.645,20.587
22.562,20.732
23.554,22.99
22.935,21.797
26.396,24.02
25.134,24.689
15.78,15.586
24.207,24.004
21.942,21.445
24.646,24.42
26.451,25.98
25.271,23.86
17.719,17.62
24.653,24.284
26.525,26.156
25.523,25.176
26.548,26.167
23.757,23.563
24.043,22.959
26.123,25.768
25.817,25.33
24.69,22.53
25.372,24.156
23.815,22.341
23.741,23.337
17.552,17.409
25.099,24.595
25.258,24.825
26.247,25.72
26.256,26.142
25.274,24.895
23.938,23.644
19.736,19.0
25.97,25.86
24.55,23.998
19.811,18.765
25.571,25.309
26.3,26.087
24.973,24.881
23.167,22.074
23.565,23.468
21.124,19.555
19.564,19.057
23.538,21.989
19.41,19.284
26.015,25.922
24.099,23.786
23.982,23.616
24.183,23.844
21.505,21.215
24.349,24.055
23.823,23.716
26.162,25.822
25.53,24.202
23.16,22.79
22.382,22.11
24.954,24.657
24.982,24.462
26.582,26.313
26.802,26.386
25.814,25.266
25.588,25.037
23.062,22.594
24.043,23.624
20.603,20.502
23.43,23.322
25.47,25.086
25.306,24.95
25.299,23.218
26.943,26.687
20.958,20.343
26.816,26.208
25.968,24.779
19.462,19.384
22.814,22.581
25.856,25.246
14.741,14.567
26.126,25.685
25.861,25.632
21.264,21.169
21.66,20.28
21.469,21.12
21.553,19.397
26.097,25.506
22.359,22.198
26.133,25.74
26.904,26.681
26.598,26.163
24.123,23.201
25.133,23.504
25.537,25.056
25.643,25.386
26.16,25.855
26.505,26.374
26.707,26.317
26.091,25.777
25.619,25.047
25.733,25.63
24.645,24.453
18.442,17.927
16.329,16.474
25.494,23.543
26.867,26.292
23.071,22.049
22.68,22.311
24.121,23.14
25.504,25.038
25.771,25.48
25.502,24.156
25.574,25.219
19.056,18.68
24.213,23.941
26.69,26.261
25.439,24.922
25.604,25.163
23.955,23.645
25.758,25.493
24.908,24.784
24.347,23.047
25.783,25.68
25.45,23.265
25.53,25.425
21.741,21.637
24.052,23.474
18.285,18.203
23.04,21.89
26.074,25.762
23.263,23.011
16.358,16.268
26.368,24.441
24.834,24.361
17.529,17.358
26.765,26.638
26.602,26.131
18.114,17.52
23.33,22.726
26.056,25.488
26.799,26.241
23.766,23.264
26.978,25.348
22.757,21.413
19.857,19.155
24.448,24.139
25.766,25.207
26.97,26.364
26.78,26.457
24.578,24.381
22.228,20.225
24.471,24.0
23.18,22.654
19.385,18.497
24.978,24.593
24.22,23.325
25.259,24.744
26.104,26.096
26.43,26.174
24.993,24.539
26.359,25.932
26.828,24.438
24.19,23.465
25.818,25.61
26.06,25.779
25.471,24.922
26.892,25.799
22.866,22.792
25.53,25.096
16.078,15.947
25.527,25.14
24.802,24.369
26.577,26.13
25.253,23.102
24.063,23.978
21.561,21.441
21.57,19.992
25.788,25.347
24.024,22.901
20.088,19.964
23.397,23.03
22.793,21.301
25.695,25.451
25.882,25.284
26.062,25.657
23.839,23.425
22.709,22.618
25.094,24.574
26.147,25.755
25.547,25.307
26.258,25.828
26.887,26.666
26.343,26.022
21.477,21.234
24.891,24.719
26.219,25.763
26.569,26.172
24.0,23.093
21.846,21.563
21.337,19.913
22.708,22.433
24.843,24.54
24.869,23.231
26.56,26.179
20.933,19.833
25.087,24.505
23.313,21.833
25.93,25.389
25.747,24.117
22.037,21.501
22.254,22.17
25.922,25.455
25.171,24.811
23.648,23.459
23.687,23.292
25.879,24.283
24.697,24.562
22.132,21.953
26.391,25.977
24.54,23.402
25.589,24.529
25.908,25.442
24.114,23.408
23.858,23.728
23.658,23.446
23.452,22.783
23.245,21.75
26.212,25.955
20.93,20.822
26.903,26.439
22.544,20.734
26.592,25.993
25.507,25.225
26.811,26.253
26.504,26.289
21.876,21.671
25.36,24.713
25.894,25.525
22.734,22.618
22.864,20.791
23.433,22.122
23.887,23.625
19.611,18.572
25.882,25.608
26.714,26.447
25.466,25.269
23.746,23.67
25.48,24.947
23.383,23.07
26.575,26.127
26.37,25.801
23.13,22.934
24.577,24.396
24.226,23.234
26.119,25.641
20.945,20.713
21.455,20.629
24.096,23.667
20.273,19.556
26.098,25.631
23.507,23.412
18.173,18.109
24.166,23.261
26.899,26.455
25.331,24.864
19.632,19.948
24.337,21.757
24.18,23.692
26.875,26.465
22.604,20.531
26.85,26.697
24.832,24.171
26.501,26.064
24.428,22.335
24.043,22.371
25.35,24.852
21.583,20.298
21.064,20.126
22.079,20.77
21.35,20.827
22.995,22.853
24.147,22.785
22.58,22.111
22.381,21.77
20.235,19.998
25.931,24.476
25.306,24.144
22.444,22.195
25.807,25.377
26.138,25.889
26.503,26.144
26.622,26.035
25.17,23.119
26.992,26.492
21.509,21.11
22.503,22.431
25.597,24.807
23.547,23.329
22.802,21.403
21.828,21.547
22.919,22.26
24.848,24.736
24.543,24.106
26.474,26.094
22.939,22.64
26.549,25.81
26.438,26.022
23.399,22.049
26.74,26.384
26.671,26.184
22.883,22.774
26.036,25.801
24.099,22.577
22.701,22.155
21.099,20.794
20.359,19.814
14.911,14.784
24.261,23.603
21.324,19.874
26.052,25.717
26.681,26.249
22.51,21.567
26.937,26.585
24.853,24.211
20.763,19.746
24.27,24.195
25.609,25.298
24.942,24.705
26.928,26.336
26.36,25.94
14.722,14.636
17.739,17.545
25.672,25.557
19.227,19.151
26.689,26.228
24.398,24.326
23.904,23.625
24.957,24.621
24.247,23.888
17.047,16.934
25.732,25.131
21.201,21.075
21.271,21.187
22.15,20.864
26.695,26.523
24.579,24.242
26.776,26.425
22.456,21.084
25.728,25.442
23.966,23.766
17.203,16.903
25.592,25.004
25.655,25.53
25.602,25.002
25.906,25.522
26.158,24.741
20.776,20.044
23.885,23.625
25.823,25.224
26.25,25.723
24.897,24.696
26.841,26.323
26.751,26.506
21.397,21.198
22.073,21.13
23.216,22.174
21.014,19.783
22.274,22.12
21.213,21.069
24.997,24.368
24.724,24.446
26.457,26.343
25.9,25.677
26.947,26.471
18.035,17.818
25.775,24.571
25.788,25.303
24.97,24.78
26.097,24.464
24.704,24.406
15.801,15.674
25.602,25.215
25.005,24.616
24.535,24.37
23.298,23.163
21.9,21.697
21.116,21.015
22.831,22.431
23.918,23.399
24.167,23.995
25.676,25.344
24.777,23.492
26.986,26.463
22.624,21.587
19.582,19.262
26.131,25.966
24.838,24.32
26.566,26.172
22.782,22.677
25.434,25.204
26.491,25.947
23.376,22.543
25.795,25.283
26.731,26.399
22.006,21.773
25.485,25.009
24.89,24.443
25.114,24.973
23.767,23.231
23.614,21.909
21.431,21.041
21.772,21.596
25.63,25.474
26.245,25.895
25.656,24.766
26.201,25.693
22.949,21.908
24.638,24.171
25.718,25.227
25.871,25.719
25.106,23.678
23.425,23.186
24.827,24.348
21.197,20.065
17.956,17.828
22.786,22.613
24.356,23.601
26.282,25.815
26.561,26.249
22.269,20.846
20.109,19.436
25.09,24.421
25.635,23.987
23.724,22.954
16.69,15.324
25.631,25.516
25.973,24.117
23.725,21.833
22.621,22.205
25.073,24.437
25.783,25.383
25.054,24.58
26.687,24.756
26.824,26.572
25.54,25.083
25.789,25.491
20.737,20.634
26.123,25.779
16.64,16.533
22.574,21.292
26.762,26.422
22.958,22.722
25.845,25.508
24.059,22.52
22.464,20.783
24.572,24.265
22.794,22.704
25.765,25.605
23.212,21.681
24.916,23.901
25.702,23.334
21.721,20.493
21.503,21.192
21.965,21.329
22.848,22.694
23.952,21.329
21.696,20.32
23.272,23.089
20.659,20.675
26.775,25.363
25.355,24.856
23.538,23.274
23.941,23.693
24.906,22.593
24.084,23.672
23.811,21.936
25.312,23.51
26.506,26.286
25.947,25.546
24.718,24.482
26.632,24.514
19.511,19.335
25.378,24.111
26.124,25.517
25.642,25.311
24.642,24.342
24.731,23.057
23.226,23.16
25.56,24.427
25.734,25.61
20.697,19.735
25.038,23.241
24.91,24.612
26.989,26.391
24.451,24.162
24.528,24.062
25.667,25.558
21.91,21.489
16.563,16.43
24.768,24.659
23.123,22.417
23.461,23.148
23.195,22.776
23.632,23.123
24.674,24.189
25.144,23.523
23.079,22.997
24.772,24.713
20.226,19.827
26.486,26.295
21.14,19.251
26.291,25.718
25.798,25.07
16.691,16.535
19.103,18.754
25.86,24.229
24.695,24.235
21.25,21.056
25.849,25.749
25.151,24.708
21.529,20.045
25.205,25.096
22.543,21.149
23.882,23.52
22.756,21.79
20.103,19.998
26.421,24.404
23.744,23.635
14.945,14.749
26.475,26.023
26.863,26.655
26.013,25.537
21.0,21.055
26.536,25.964
25.299,24.691
25.618,25.281
23.916,23.476
25.618,25.51
25.034,24.683
26.785,26.563
25.8,25.42
23.643,22.587
23.024,22.251
21.474,21.349
23.893,23.701
23.991,23.728
21.376,20.695
25.695,25.475
26.682,26.311
26.394,26.012
24.804,24.664
26.382,26.277
18.066,17.346
17.359,17.234
26.056,25.649
26.334,26.065
25.504,25.094
25.552,25.101
24.895,24.287
24.354,23.943
25.858,25.041
22.206,20.963
25.971,23.453
23.57,23.142
24.342,23.884
24.113,23.153
26.055,25.902
26.432,25.808
24.355,23.333
23.301,23.032
18.853,18.763
23.068,22.669
25.085,24.491
22.834,21.851
25.56,25.096
25.293,24.863
26.194,25.74
24.131,23.822
19.971,19.548
26.837,26.283
26.41,25.819
20.033,19.936
23.149,22.286
25.842,24.893
26.737,26.311
21.92,20.359
23.327,22.845
26.92,26.452
25.432,25.268
23.822,22.411
24.135,22.548
26.375,25.904
22.301,21.127
23.594,23.513
26.824,26.009
24.798,22.686
20.053,19.656
18.201,17.661
26.902,26.475
26.907,26.327
19.376,19.247
22.334,20.982
26.751,26.511
25.935,25.232
26.173,26.01
22.127,20.51
25.973,25.611
23.139,22.794
24.06,23.575
24.955,24.843
22.51,22.376
25.691,25.069
24.13,23.66
22.354,21.5
26.523,26.051
20.601,20.074
25.443,24.922
23.191,22.884
18.409,18.327
21.323,21.235
23.36,21.943
20.315,20.318
23.935,23.638
21.204,20.289
26.359,25.895
26.725,26.32
21.398,21.239
26.129,24.29
16.375,16.227
26.868,26.382
26.233,26.082
26.537,26.231
22.187,22.021
16.976,16.71
14.286,14.137
21.628,21.526
25.217,24.912
26.422,25.838
26.044,25.396
20.128,19.721
24.6,22.331
25.306,24.773
20.35,19.038
23.0,21.701
24.758,24.69
10.845,10.921
26.545,26.02
26.435,25.946
26.683,26.206
23.408,22.857
23.73,23.21
26.648,25.634
24.966,24.474
26.077,25.714
26.312,25.295
18.746,17.115
23.299,22.542
26.203,25.625
20.719,20.107
17.334,17.19
25.051,23.149
20.938,20.555
24.744,24.288
25.485,25.062
20.526,20.147
26.657,26.229
26.28,25.699
24.912,24.414
26.039,25.58
23.582,21.783
24.711,24.455
25.715,25.26
24.071,23.803
25.55,23.556
26.515,26.081
26.87,26.541
14.844,14.742
22.615,22.516
25.004,24.328
24.35,23.776
21.552,21.024
25.992,25.525
26.138,23.558
21.286,20.132
25.339,24.954
25.311,24.02
26.593,25.92
24.065,23.567
26.229,25.2
26.129,25.701
26.773,26.572
22.605,22.502
25.951,23.304
26.045,25.557
25.089,24.243
23.02,22.783
24.625,24.396
25.663,24.087
24.145,24.046
26.817,26.609
21.864,21.377
20.889,20.347
23.494,23.241
20.504,19.328
23.925,22.869
21.915,21.259
26.423,26.144
24.458,23.183
23.743,23.3
22.632,21.958
23.804,23.71
23.761,22.838
23.702,23.056
26.386,25.835
22.191,21.335
25.784,25.057
26.806,26.322
24.475,23.048
23.066,21.808
23.706,21.592
20.516,19.822
20.734,20.574
25.825,25.713
23.255,22.437
21.608,21.375
25.977,25.621
24.878,24.814
24.418,23.109
26.432,25.811
24.471,24.039
25.077,24.469
24.917,24.58
24.188,24.102
26.281,25.818
24.57,23.033
25.968,25.466
23.813,23.441
24.213,24.087
25.52,24.971
26.046,25.64
24.151,24.064
21.663,21.483
16.706,16.632
25.881,24.747
26.824,26.378
26.673,26.355
26.426,25.577
23.018,22.664
25.023,24.694
25.094,24.83
22.528,21.476
24.757,22.924
26.138,26.027
25.253,24.839
26.566,26.111
25.211,24.683
24.019,22.366
25.317,25.029
25.893,25.353
25.317,25.079
24.605,24.121
25.858,25.525
22.983,22.827
25.879,25.567
26.975,26.104
26.975,26.75
26.239,25.976
24.386,23.952
24.656,22.398
24.827,23.651
25.627,25.479
26.22,23.703
23.61,23.54
26.147,25.483
25.68,25.289
22.532,21.038
24.066,22.717
21.338,20.063
22.218,22.005
25.258,22.781
26.354,26.217
24.338,23.363
25.864,25.326
25.146,24.578
21.822,20.869
21.346,19.951
22.415,22.191
26.193,25.689
26.292,25.593
24.469,24.142
25.841,25.381
23.02,21.236
23.119,21.859
25.122,24.616
20.858,20.757
23.217,22.779
24.91,24.656
16.15,15.908
26.071,25.77
24.69,22.903
23.377,22.989
21.833,21.667
24.937,24.314
24.689,24.214
15.371,15.239
25.454,25.053
25.253,24.562
23.355,23.281
24.79,22.408
26.123,25.611
23.418,21.927
18.553,18.354
25.626,25.457
21.691,20.897
26.406,25.979
24.657,23.235
24.456,23.753
25.98,25.575
24.344,23.913
14.031,13.931
25.288,23.858
26.796,26.591
25.494,24.103
26.965,26.706
25.625,25.13
25.984,23.401
20.728,19.818
24.275,23.786
26.915,26.434
18.797,18.368
25.776,24.371
23.464,23.38
26.128,25.779
21.26,20.764
21.711,20.736
17.47,17.257
26.23,25.768
26.223,25.687
21.15,20.95
26.697,26.037
26.317,25.557
26.743,24.223
26.326,26.123
25.929,24.743
26.001,25.639
22.948,22.554
24.682,24.207
22.437,22.182
22.679,22.072
24.776,24.699
26.44,26.006
24.827,24.221
22.925,22.653
22.999,21.86
26.515,26.129
21.566,20.616
21.68,20.176
23.013,22.651
24.543,22.188
15.884,15.762
21.781,21.662
22.507,22.338
26.995,26.512
16.121,15.913
23.046,21.952
25.402,24.87
21.395,20.881
26.537,24.314
24.835,23.718
22.376,21.971
21.889,21.125
21.8,20.639
17.86,17.271
22.876,22.369
25.229,23.5
22.289,21.583
20.591,19.422
25.667,25.279
25.029,24.282
19.613,18.844
26.545,26.301
25.285,24.849
23.422,21.792
24.349,24.405
25.296,25.08
25.109,24.981
23.727,23.278
25.503,25.296
25.814,25.501
23.935,23.758
26.627,26.221
26.548,26.3
24.873,22.667
26.421,26.217
20.46,19.711
21.464,19.855
24.389,23.983
22.295,21.3
26.975,26.548
25.849,25.703
22.982,22.48
23.519,22.766
25.841,25.486
25.7,23.845
25.774,25.661
26.973,26.647
24.961,24.356
26.02,25.834
26.082,25.926
21.046,20.963
25.386,24.822
20.714,20.502
23.112,22.006
21.425,20.828
20.803,20.175
23.36,21.825
22.971,22.669
23.184,22.623
26.604,25.253
21.713,21.637
24.081,23.71
23.337,23.15
25.151,24.719
24.374,22.315
25.03,24.916
26.625,26.37
23.421,23.33
21.076,19.689
25.02,23.675
26.7,26.247
24.117,22.457
23.831,22.615
17.962,17.615
26.425,26.237
21.595,21.413
24.054,23.856
24.998,24.665
21.269,20.916
21.429,21.178
26.594,26.243
25.143,24.784
25.926,24.952
22.067,21.0
25.6,25.04
26.885,26.419
26.39,26.194
26.607,26.181
24.126,23.628
22.895,22.816
20.87,20.615
22.56,22.299
23.896,23.673
22.974,22.634
23.262,22.882
23.998,23.11
19.928,19.288
20.387,18.77
21.957,21.789
25.259,24.488
22.92,22.667
24.802,24.489
26.365,24.95
25.61,25.313
25.651,24.037
24.275,24.095
26.65,26.214
26.011,25.482
26.905,26.604
15.454,15.211
26.018,25.129
24.632,24.14
16.357,16.265
26.389,25.865
26.267,24.605
24.882,24.506
23.393,22.916
26.343,25.849
26.972,26.415
24.405,23.998
26.89,26.483
25.751,25.646
22.328,22.247
24.465,24.219
16.58,16.493
22.637,20.925
26.932,26.507
25.27,25.028
25.279,25.206
22.476,22.06
24.671,24.2
23.711,23.385
20.112,19.041
22.741,22.517
25.938,23.98
26.392,25.667
25.358,25.049
26.676,24.138
21.457,20.691
26.635,26.235
25.526,24.961
25.125,23.412
24.263,22.886
25.095,24.537
25.456,25.152
25.887,23.48
24.504,24.335
24.215,23.837
25.632,23.703
26.846,26.56
21.155,19.979
25.005,24.472
25.117,24.61
26.712,25.967
20.979,20.109
24.351,23.946
24.365,24.128
25.682,25.468
26.755,26.444
26.843,26.437
26.501,26.328
25.856,24.632
24.376,24.256
24.522,23.982
21.496,21.348
26.633,24.029
19.011,18.931
25.157,25.012
24.107,23.898
24.878,23.354
26.65,26.527
26.205,25.69
25.888,23.58
22.459,22.53
23.914,23.811
26.4,26.237
23.749,22.337
25.313,25.03
21.169,20.354
24.795,24.402
23.831,22.686
17.858,17.671
24.013,23.345
25.906,25.407
21.325,21.107
24.434,24.096
22.285,21.257
21.177,21.119
25.287,23.089
25.15,24.572
25.87,25.036
25.868,25.459
25.257,24.838
26.435,26.107
22.546,21.809
24.806,23.184
25.018,24.532
26.358,26.039
25.518,25.161
23.646,22.321
26.367,25.895
23.64,22.632
24.712,24.063
24.774,24.358
26.793,26.266
21.377,19.851
25.312,24.924
25.943,25.556
23.241,21.721
26.644,26.083
26.195,25.786
24.939,23.559
20.246,19.013
26.974,26.526
23.956,23.308
26.657,25.888
21.964,21.224
25.106,24.38
25.549,25.025
26.456,25.947
26.814,26.354
25.447,25.007
25.035,24.776
24.531,24.46
23.446,22.953
23.301,22.713
26.098,25.712
23.68,23.028
20.131,19.156
24.718,24.276
26.678,26.135
24.32,23.371
26.453,26.315
23.378,23.079
26.337,24.805
26.693,26.319
23.554,23.222
26.055,25.555
24.881,22.845
21.068,20.876
24.773,24.229
22.933,22.824
20.711,20.525
25.781,24.572
20.655,20.531
24.264,23.167
23.673,23.167
26.387,25.827
23.625,23.232
26.088,24.999
23.118,21.694
26.279,25.908
24.837,24.326
24.674,24.314
26.856,26.559
25.245,24.64
25.349,23.934
25.524,24.18
26.927,26.274
23.793,23.614
26.134,25.728
26.714,26.268
23.695,23.456
26.821,26.34
21.623,21.481
26.034,24.443
22.63,21.875
25.725,25.415
26.271,25.832
26.905,26.516
26.562,26.159
21.95,21.686
25.236,23.497
23.263,22.763
24.805,24.5
26.842,26.423
24.497,24.036
25.741,25.454
26.334,25.941
23.381,22.662
23.968,21.714
21.94,21.709
25.978,25.338
24.143,24.005
26.862,24.878
26.25,25.908
26.863,26.674
26.796,26.337
24.67,24.215
26.294,25.723
26.82,26.389
20.817,19.778
25.858,25.621
23.965,22.308
23.469,23.753
25.195,23.278
24.28,23.164
23.715,23.412
24.151,23.705
23.994,23.779
21.881,21.712
22.123,21.977
25.367,24.975
24.907,24.717
18.157,18.015
25.808,25.614
21.942,21.801
19.167,19.092
25.297,24.888
24.871,24.813
20.445,19.575
26.08,25.391
23.73,22.678
26.977,26.48
25.18,23.674
25.275,25.19
26.685,26.142
25.524,25.086
23.199,22.948
26.009,25.137
26.068,25.792
25.207,24.345
22.861,22.669
26.316,25.844
25.934,25.574
25.49,25.048
24.29,23.85
25.397,23.943
24.483,24.08
26.652,26.24
25.31,23.622
20.195,19.988
19.104,17.592
24.229,23.858
26.767,25.777
23.132,21.656
25.349,25.287
26.291,24.172
25.598,24.721
23.736,23.217
25.184,24.792
24.456,24.075
24.47,24.248
23.304,22.353
26.443,25.95
24.418,23.391
21.498,21.423
26.769,26.339
16.333,15.861
22.775,22.297
24.855,24.691
23.555,23.411
23.246,22.877
26.662,26.513
21.505,20.107
23.903,22.781
24.242,23.697
19.306,18.717
22.076,20.295
22.286,21.559
25.625,25.056
22.898,22.077
24.436,24.279
24.049,22.727
26.768,26.02
24.481,23.942
23.997,23.613
25.811,25.624
26.491,26.146
23.586,23.21
24.409,22.614
21.91,21.328
24.044,23.911
25.392,25.191
22.119,21.92
25.744,24.269
23.733,23.656
22.523,22.377
25.176,24.816
24.078,23.704
24.288,24.219
24.962,23.262
20.669,20.562
26.93,26.089
26.014,25.298
24.474,24.158
25.45,25.116
24.777,24.593
24.762,24.359
21.973,21.902
24.249,23.921
26.492,25.404
26.571,26.396
20.096,19.973
22.464,22.375
23.655,23.321
25.507,25.145
24.256,23.929
25.984,25.666
25.807,25.451
26.834,26.556
23.745,23.314
23.718,23.648
22.001,21.725
23.396,23.2
26.405,25.871
23.418,22.993
26.9,26.281
23.558,21.964
24.563,24.043
23.545,23.184
26.902,26.689
26.914,26.278
26.952,25.909
21.756,21.579
22.472,21.839
26.229,26.126
26.705,26.544
26.201,25.899
25.862,25.412
24.616,23.779
12.741,12.662
24.184,22.221
26.043,25.454
26.778,26.421
25.501,25.306
25.41,25.02
24.688,24.247
26.184,26.036
23.55,21.719
25.441,25.293
20.809,20.246
21.115,20.925
23.015,22.156
22.895,21.58
26.552,26.053
24.669,24.478
22.094,20.653
26.131,25.724
24.611,24.389
25.316,25.184
26.923,26.381
24.733,24.489
26.775,26.336
26.546,26.165
25.938,24.616
26.614,26.122
23.763,23.497
21.311,21.22
24.932,24.591
24.055,23.867
21.44,21.31
10.424,10.341
26.31,25.026
26.576,26.166
26.479,25.994
25.373,24.92
25.018,24.529
22.36,22.102
21.21,20.715
13.748,13.477
23.997,23.868
26.734,26.286
26.644,26.308
26.196,25.777
25.789,24.894
26.424,26.064
26.812,26.655
25.151,24.961
25.541,25.404
23.99,22.948
25.183,24.88
26.692,26.024
24.792,23.065
23.802,23.422
26.557,26.14
24.204,22.727
20.958,20.397
25.845,25.371
23.7,23.601
24.766,24.134
25.625,25.129
19.035,18.732
25.76,25.193
24.911,24.401
22.106,21.691
19.174,18.99
24.758,24.362
17.617,17.509
26.088,25.516
16.072,15.911
24.274,23.986
25.365,24.769
22.193,21.829
26.063,25.627
24.813,23.443
24.585,23.96
24.025,23.569
21.063,20.245
22.638,21.871
24.399,22.896
23.825,23.548
25.95,25.551
25.842,25.509
24.783,24.442
24.879,24.381
23.202,22.781
26.467,25.831
23.772,21.822
25.032,24.702
26.751,26.143
24.831,24.724
23.799,22.338
22.136,21.031
23.559,23.279
25.768,24.75
26.673,26.139
26.793,26.324
26.489,23.915
20.089,19.568
26.335,25.848
22.793,22.322
25.78,25.393
26.616,26.136
25.407,23.014
26.9,26.52
23.126,22.576
15.64,15.506
22.705,22.15
26.991,26.706
26.24,25.692
11.743,11.504
23.334,23.228
25.533,24.19
25.531,25.301
24.49,24.34
25.151,24.664
24.697,24.432
23.277,22.909
26.665,26.215
20.732,19.966
25.54,25.108
24.519,23.454
24.144,23.792
26.519,24.545
23.919,23.706
26.531,26.354
25.404,25.061
16.929,16.578
26.871,26.341
22.328,21.883
24.678,23.677
26.667,26.314
25.083,24.664
23.425,23.255
21.313,20.415
21.948,20.353
25.78,25.697
24.632,24.326
21.215,19.479
26.402,25.957
22.13,22.031
23.927,23.484
25.37,24.535
20.588,19.668
25.211,24.699
19.334,18.093
26.534,26.378
23.803,23.363
26.741,26.146
25.419,25.035
25.73,25.428
26.233,25.985
16.297,16.16
20.091,19.974
24.858,24.33
25.533,25.167
23.093,22.712
26.972,26.358
23.706,22.807
26.78,26.313
22.29,21.445
24.459,22.937
23.28,21.669
23.093,22.941
24.669,24.316
25.417,22.938
26.082,25.823
8.98,8.979
19.729,18.966
25.407,25.329
24.046,23.962
23.311,22.946
21.662,21.455
26.679,26.176
19.552,19.222
25.858,25.432
21.141,20.423
25.227,24.886
18.968,18.643
23.175,22.197
26.187,25.534
25.849,25.35
23.705,23.435
22.564,22.409
16.556,16.432
25.566,25.464
21.758,21.366
23.976,23.594
18.972,18.837
24.259,23.343
26.236,26.063
25.33,22.826
26.377,25.681
26.16,25.573
26.081,25.938
17.919,16.935
25.706,25.448
23.419,23.323
25.437,25.347
25.081,24.908
18.668,18.536
25.545,25.307
15.259,15.104
23.552,22.269
22.915,22.341
26.902,26.229
24.411,24.226
25.611,25.177
23.085,22.681
24.31,24.084
25.299,25.115
26.815,26.349
26.24,25.656
26.231,25.807
20.342,20.175
26.423,23.794
24.67,24.151
26.391,26.138
26.518,26.183
22.548,22.202
24.912,22.989
24.773,23.552
26.847,26.272
26.656,26.182
23.239,22.177
23.168,22.919
26.199,26.1
24.793,24.565
24.059,23.57
25.711,25.48
22.119,21.537
24.064,23.927
25.911,25.529
26.766,25.834
26.48,26.236
26.148,26.058
26.144,25.782
24.691,23.968
24.342,22.914
25.478,24.951
24.744,24.196
22.102,20.679
26.345,25.825
26.222,24.629
25.968,25.256
24.213,24.027
25.767,25.449
21.794,20.162
24.202,23.805
24.281,24.129
22.785,22.63
24.654,24.549
18.434,17.986
22.674,22.53
20.703,20.238
25.183,24.523
26.646,26.099
23.624,23.533
25.146,23.319
25.057,24.582
22.009,21.544
25.278,25.123
23.187,22.721
23.214,22.788
20.784,20.536
25.404,24.551
23.425,23.178
26.785,26.329
25.914,24.038
25.702,23.795
26.176,25.395
21.455,20.801
26.904,25.971
17.654,17.132
26.038,24.249
24.344,23.927
26.124,25.699
21.358,21.257
24.243,23.32
25.054,22.626
23.544,23.567
26.332,25.713
25.625,24.903
22.439,22.101
25.726,24.688
23.19,22.247
24.594,23.991
16.925,16.205
25.709,25.299
20.196,18.938
18.428,17.758
24.378,24.086
21.06,19.702
26.483,26.029
26.066,25.542
22.321,20.734
25.134,25.034
26.222,24.632
21.757,21.655
24.64,24.082
26.403,26.043
20.712,20.019
26.413,26.066
26.706,26.317
21.833,21.627
22.344,22.263
24.096,23.649
24.319,24.165
25.664,25.234
14.488,14.264
24.827,24.659
26.97,26.451
24.875,24.713
22.949,21.543
25.343,24.719
23.491,23.412
26.181,23.775
24.222,23.712
26.234,24.791
25.684,25.47
19.909,18.129
24.035,23.572
20.768,19.789
23.562,21.302
17.292,17.044
25.717,25.347
25.492,23.637
17.562,16.466
23.791,23.144
23.0,21.519
23.761,23.565
19.533,19.071
20.609,19.324
16.233,16.11
24.208,23.709
24.488,24.082
25.535,25.028
19.18,18.454
20.921,20.633
25.293,24.845
25.716,25.326
24.066,23.846
25.927,25.573
24.83,24.572
21.537,21.116
19.872,19.67
26.062,25.664
25.639,25.1
25.121,25.051
26.325,25.912
23.679,23.207
25.966,25.453
24.673,22.937
24.238,23.866
23.22,20.878
23.973,23.743
25.099,24.806
26.328,24.951
25.795,25.629
25.047,24.959
18.613,18.486
26.149,25.835
20.712,19.992
23.937,23.401
24.824,24.598
24.752,23.612
26.629,26.33
26.915,25.822
24.265,23.741
21.492,21.17
25.502,25.129
24.745,24.643
20.678,19.582
26.167,25.517
26.213,23.636
23.092,21.337
20.979,20.895
26.676,26.547
24.984,23.537
20.931,20.723
24.459,23.445
26.655,26.126
25.529,25.116
24.687,24.578
23.621,23.551
26.533,26.092
24.586,24.319
25.097,24.819
22.597,22.331
24.981,24.499
25.69,25.505
26.491,25.925
21.682,21.416
26.505,25.925
26.09,25.482
25.291,24.732
25.493,25.113
20.256,20.169
26.195,25.442
24.31,22.126
20.13,19.244
23.935,23.837
25.062,24.808
25.677,25.305
26.023,25.356
21.532,20.612
22.503,22.053
26.632,26.277
24.369,23.108
25.548,25.044
20.902,19.467
22.168,21.168
25.984,25.803
23.053,22.826
26.534,26.073
23.36,22.498
23.903,21.726
19.416,18.187
25.768,23.342
18.185,18.065
25.141,24.82
25.493,25.27
23.848,22.441
21.859,21.75
23.603,21.689
21.37,19.855
24.734,24.339
26.723,26.424
21.718,21.476
23.737,23.227
24.582,24.176
25.122,24.963
26.45,25.772
26.707,26.346
26.822,26.609
25.656,25.234
26.666,26.43
24.22,23.803
26.302,25.785
24.367,23.926
24.452,24.162
24.406,24.285
24.669,24.377
17.725,16.802
22.863,22.796
24.707,24.332
25.523,25.302
26.021,25.753
25.648,25.186
26.399,26.127
26.62,26.415
26.542,24.456
22.203,21.885
25.725,25.248
25.9,25.607
19.691,19.608
24.673,22.416
26.999,26.858
24.61,24.539
25.076,25.011
21.834,21.362
26.154,25.545
26.263,26.093
24.266,23.866
20.633,20.562
19.84,19.764
26.229,25.92
25.117,23.818
22.308,22.109
22.577,22.191
21.81,20.637
21.957,21.018
22.571,21.412
22.48,21.823
19.005,18.866
26.024,23.489
23.351,23.223
23.189,22.433
20.974,19.825
25.271,25.008
24.234,23.711
26.639,26.11
25.01,24.852
23.765,23.302
24.793,24.244
26.652,26.199
22.856,21.952
23.817,23.748
21.391,20.976
26.837,26.478
26.002,25.605
24.01,23.447
24.952,24.504
17.435,17.246
23.305,22.825
22.224,20.748
24.26,23.262
25.6,23.911
26.399,26.255
26.072,25.903
23.166,22.144
21.695,20.276
25.719,25.486
23.364,22.975
25.972,25.548
23.659,23.253
20.376,19.33
24.227,23.986
26.917,26.631
25.927,25.745
21.267,20.048
24.553,24.458
17.359,16.814
23.421,23.244
21.932,21.837
24.075,24.001
24.872,24.387
24.376,22.804
25.368,24.211
24.55,24.369
25.829,23.529
26.54,25.972
25.07,24.772
26.999,26.468
23.337,20.906
25.765,24.387
26.222,25.791
23.615,23.213
20.439,19.97
21.878,20.522
26.046,25.615
24.956,23.736
25.064,24.87
25.252,24.9
19.368,19.141
25.737,24.803
22.704,22.432
23.157,21.456
25.293,25.13
25.645,25.295
25.967,25.752
22.799,22.72
26.957,26.341
23.823,23.615
26.075,25.482
26.629,26.05
26.902,26.429
22.627,22.326
20.153,19.797
23.165,22.591
22.041,21.351
26.828,24.922
25.895,25.512
23.396,22.984
26.587,26.102
22.526,22.235
24.923,24.699
26.384,25.841
25.081,24.598
24.851,24.326
24.139,23.749
22.244,21.151
16.66,16.449
23.328,23.263
26.78,26.177
14.071,13.963
26.416,25.861
25.524,25.325
24.613,24.216
25.126,24.537
23.601,22.73
22.95,21.525
18.787,18.682
19.216,18.259
26.501,26.115
26.523,26.076
25.334,23.85
25.036,24.463
26.645,26.014
25.848,24.638
23.547,23.362
26.577,26.074
18.091,17.985
20.65,20.482
25.732,25.529
22.345,21.885
23.46,22.734
26.607,25.945
21.072,21.001
23.359,23.26
23.226,23.0
26.509,26.079
19.716,19.534
24.747,24.303
22.69,21.629
20.848,20.49
22.925,22.548
25.799,25.364
26.397,25.991
25.739,25.167
24.514,23.923
26.023,24.103
25.107,24.642
26.173,25.832
16.204,16.018
21.038,20.977
26.222,25.685
26.445,25.583
18.774,18.71
26.315,25.814
25.22,24.761
24.635,24.545
26.518,24.332
25.075,24.281
26.463,25.987
25.086,24.727
22.038,20.831
25.924,24.588
26.845,26.204
22.295,22.168
25.328,23.32
26.257,25.633
25.215,24.085
20.634,19.984
26.04,25.734
25.606,25.004
21.188,20.278
24.541,24.472
26.315,26.195
25.8,25.587
21.959,20.973
26.752,26.139
23.567,23.014
24.936,24.684
26.885,26.291
22.583,21.791
25.13,24.793
25.876,24.621
20.59,19.051
26.334,25.758
22.312,21.039
25.164,25.028
26.322,25.324
23.26,22.84
26.54,25.849
23.585,23.472
20.687,20.424
26.908,26.67
21.668,21.47
24.05,23.742
16.585,16.379
24.618,23.304
12.452,12.167
26.794,26.297
23.561,23.168
24.537,23.124
26.899,26.715
26.085,25.797
25.241,25.071
25.487,23.826
22.496,22.32
26.07,25.407
26.822,26.481
18.634,17.387
24.17,23.099
25.391,24.349
26.397,26.076
26.075,25.577
22.539,22.031
17.44,17.194
16.285,16.09
25.44,24.103
24.463,24.312
26.893,26.458
26.042,25.566
24.978,24.573
23.942,22.461
26.557,26.205
24.768,22.408
20.408,20.198
22.827,22.735
22.134,22.021
22.5,21.396
24.143,23.075
15.1,15.01
24.139,23.988
22.993,22.15
26.758,26.172
26.456,25.784
22.707,21.306
25.724,25.218
25.772,25.499
24.126,23.752
15.115,14.957
24.116,23.18
23.641,23.471
26.85,26.431
26.306,25.868
21.377,21.307
21.703,20.294
20.641,19.551
20.428,19.246
26.717,26.295
23.79,23.319
24.607,22.636
22.615,21.259
24.989,24.676
23.44,22.493
26.843,26.499
25.034,24.492
17.732,17.61
24.728,24.505
25.927,25.573
26.839,26.392
25.424,24.955
26.952,26.475
26.632,26.178
20.952,20.796
24.137,23.683
19.611,19.456
17.558,17.138
22.244,20.783
26.106,25.555
26.333,25.715
25.996,25.43
24.341,21.717
21.818,21.343
24.586,24.515
22.404,22.3
26.835,26.426
25.074,24.688
26.367,24.372
26.355,23.935
25.024,24.6
26.168,25.711
24.848,24.458
25.198,24.768
19.514,19.308
20.704,20.603
22.75,22.274
26.972,26.543
24.437,23.303
24.902,24.812
25.766,25.484
22.624,22.407
25.659,24.747
22.235,21.383
25.502,25.118
23.753,23.429
23.777,23.619
20.723,20.44
24.384,24.253
24.406,23.728
22.009,20.423
21.419,21.364
24.998,24.785
22.482,21.268
16.453,15.831
26.543,26.075
26.8,26.112
24.273,24.191
26.462,26.245
20.76,19.983
22.503,22.3
22.376,20.564
17.356,16.655
26.427,24.298
17.059,16.932
26.323,25.777
26.87,26.489
26.696,25.882
24.608,24.28
25.772,25.506
26.058,25.425
26.598,26.026
23.768,23.392
25.298,23.269
26.325,25.863
22.382,22.308
25.129,23.989
22.641,21.614
24.681,23.198
21.794,21.672
24.32,23.186
26.706,26.153
18.933,17.995
23.316,22.171
24.959,24.52
21.696,21.447
26.436,25.805
23.439,22.031
20.411,20.281
18.303,18.112
24.743,24.574
23.599,23.309
22.25,21.87
18.156,18.273
26.931,26.35
21.695,21.779
26.229,24.86
17.17,16.967
26.211,25.586
24.925,24.538
25.642,25.485
22.953,22.803
26.245,25.736
23.679,23.37
26.344,25.727
25.414,25.012
25.449,23.491
25.152,24.885
16.548,16.356
21.969,21.303
26.916,26.479
24.043,23.416
25.787,25.338
25.847,25.31
25.602,24.673
25.598,25.413
23.906,22.559
22.927,22.185
26.143,25.487
20.686,20.502
25.146,24.704
25.933,25.382
18.778,18.148
25.496,23.757
23.752,23.338
24.96,24.485
25.962,25.154
21.762,21.173
26.87,25.71
25.361,24.862
23.641,23.444
24.55,22.823
26.071,25.631
23.806,23.547
26.417,26.282
26.732,26.186
24.779,24.596
26.365,26.064
25.878,25.553
26.035,25.397
23.227,21.469
25.305,24.749
25.782,25.193
24.364,23.37
26.84,26.313
24.253,24.19
25.252,24.748
25.178,24.721
25.681,25.255
26.997,26.625
23.87,22.355
25.642,25.134
25.998,25.76
26.042,25.546
25.963,25.87
26.015,25.511
25.661,25.256
18.931,18.663
24.221,23.119
23.978,23.032
24.944,24.489
20.907,20.564
26.597,25.804
15.435,15.316
25.996,24.165
26.74,26.512
24.637,23.487
25.008,24.575
23.523,23.366
25.917,24.65
18.496,18.125
24.28,23.212
26.919,26.405
24.447,24.206
22.726,21.191
19.725,19.65
24.437,22.698
21.818,21.727
24.666,24.576
26.096,25.624
24.537,24.414
22.495,20.913
21.05,20.373
18.524,18.2
23.979,23.829
23.97,23.458
21.341,19.788
26.416,25.654
23.558,23.169
20.425,19.079
24.626,24.523
24.807,24.356
17.488,17.426
26.974,26.381
24.365,23.678
26.293,25.439
25.798,24.09
25.873,25.416
25.978,25.757
25.452,25.247
23.314,23.067
24.446,24.027
22.981,21.551
20.714,19.507
25.605,25.045
23.34,23.054
21.186,20.563
26.402,25.788
23.046,21.804
24.971,24.554
24.19,23.824
22.476,20.957
13.41,13.147
26.955,24.901
24.53,24.131
22.023,20.96
22.774,22.078
26.67,26.255
22.645,22.494
24.238,24.175
20.882,20.747
26.664,26.235
25.223,24.675
21.852,20.859
22.582,22.0
25.481,24.922
21.327,21.234
26.985,26.42
26.764,26.413
26.725,26.318
21.035,19.121
20.887,20.151
26.928,26.35
26.474,25.704
26.839,26.084
24.277,23.288
21.39,20.994
25.514,25.43
25.428,24.777
25.224,24.468
25.166,24.812
25.844,25.239
17.41,17.293
24.127,23.732
25.269,25.085
15.382,15.032
20.709,20.595
26.392,25.975
26.123,23.874
22.496,20.795
25.426,25.055
26.684,24.146
23.569,22.295
23.127,22.979
24.215,23.861
23.501,23.064
26.138,25.889
25.475,24.079
26.056,25.032
23.519,23.306
26.954,26.401
26.632,26.191
25.604,24.869
25.913,23.31
25.287,25.142
26.709,26.141
26.039,25.935
25.537,25.266
18.013,17.591
26.819,26.181
24.802,23.907
25.917,25.352
24.798,24.725
20.803,20.637
26.945,26.51
26.228,25.71
25.295,23.736
26.063,25.869
20.032,19.795
22.594,21.679
25.543,25.2
26.844,24.357
24.846,23.837
25.645,25.141
25.225,23.411
26.804,26.441
26.039,25.554
22.597,20.817
26.842,26.328
25.561,24.997
19.887,19.705
25.026,23.619
25.234,24.719
25.082,24.512
26.069,25.721
24.154,24.018
26.275,26.024
24.158,23.868
22.509,22.414
25.394,25.076
23.76,22.749
25.984,25.483
25.657,25.059
24.501,24.021
24.695,24.333
24.496,23.883
26.97,26.546
26.915,26.386
24.75,24.256
25.288,24.822
26.406,25.012
26.312,25.614
26.066,24.293
21.501,20.612
26.467,26.233
25.96,25.542
26.565,26.116
21.427,19.937
24.563,24.076
23.194,22.491
25.104,24.624
21.254,20.056
25.158,24.8
26.795,26.637
24.585,24.393
24.671,22.584
26.156,25.945
25.261,24.806
26.686,26.507
23.542,23.34
22.778,22.138
24.043,23.013
22.737,20.897
23.626,22.311
24.187,22.681
22.406,22.723
25.397,25.025
24.681,23.809
23.707,23.174
26.72,26.507
26.91,26.406
21.522,21.27
25.631,25.376
22.237,21.401
26.805,26.341
25.74,25.313
25.595,25.483
21.088,20.363
24.045,23.948
23.585,22.581
25.812,25.151
24.861,24.402
20.941,20.259
25.086,24.837
25.568,25.327
22.173,20.968
26.014,25.373
22.765,21.119
24.783,24.555
24.768,23.731
23.295,22.478
26.764,26.305
24.168,23.786
22.978,21.93
26.231,25.629
20.119,19.845
26.253,25.836
26.194,26.07
26.319,25.975
22.599,21.452
26.425,25.789
19.828,18.725
26.659,26.219
23.7,23.538
24.482,23.242
22.708,22.362
26.767,26.292
25.477,23.931
22.494,22.347
19.182,19.064
25.886,25.773
26.534,26.048
23.288,22.739
15.932,15.695
26.709,24.483
24.174,23.814
23.223,21.848
21.242,21.111
17.902,17.813
23.923,21.709
24.79,24.628
24.298,23.657
25.361,24.811
18.606,18.205
24.607,24.191
20.504,20.402
21.872,20.736
25.032,23.666
19.569,19.139
24.945,24.432
25.245,24.797
23.525,23.444
25.044,23.138
25.591,25.414
26.923,25.295
23.577,23.258
26.736,26.397
22.989,22.8
25.974,25.522
24.698,24.59
21.746,21.619
23.426,23.055
24.67,24.222
26.674,26.475
25.87,25.398
22.504,21.001
24.026,23.612
21.382,20.623
23.519,23.284
26.409,25.728
25.436,24.895
26.1,25.682
25.777,25.305
26.701,26.192
22.841,22.774
26.876,26.552
26.209,25.957
26.13,25.517
22.759,22.661
24.106,23.697
26.199,25.679
24.735,24.349
22.24,21.356
26.377,25.902
24.373,24.153
26.189,25.801
23.536,23.365
24.825,24.425
26.924,26.55
26.103,25.584
20.508,20.416
26.086,25.853
23.011,21.24
24.755,23.052
25.542,24.362
15.719,15.579
25.612,25.351
26.494,26.048
26.25,26.013
24.065,23.821
24.954,24.451
20.214,20.054
22.58,22.516
19.204,18.849
25.075,24.679
22.663,22.372
26.149,25.986
26.447,26.202
25.034,24.382
24.504,24.34
24.314,24.201
26.644,26.159
14.556,14.24
24.251,23.588
24.319,24.041
19.548,19.43
24.716,22.284
25.725,25.254
22.613,22.486
25.924,25.425
23.975,23.572
24.552,23.009
26.548,26.182
25.579,25.142
26.571,26.281
24.339,22.985
25.239,23.202
26.114,25.63
21.094,21.03
26.207,25.317
26.451,26.105
25.351,25.175
25.588,24.756
23.297,22.152
26.928,24.671
26.162,25.667
23.499,21.808
26.708,25.209
22.971,21.143
21.147,20.051
25.004,24.54
25.399,24.943
24.385,24.233
26.221,25.911
26.071,25.584
25.973,25.535
25.042,24.818
24.93,23.809
26.303,25.761
26.326,26.162
26.679,25.92
24.933,23.785
25.567,25.235
26.685,26.156
23.103,22.819
22.583,21.034
25.588,25.23
25.596,25.494
23.542,23.141
22.431,21.19
25.502,25.014
26.005,25.63
19.774,18.995
20.087,19.007
26.017,25.752
25.776,25.359
24.944,24.761
22.924,22.195
17.112,16.67
26.525,26.119
23.257,22.907
20.325,18.889
22.006,20.823
25.764,25.591
23.94,23.531
26.221,25.764
26.796,26.427
24.609,24.22
26.826,26.359
25.731,23.583
25.295,24.247
23.305,23.23
26.425,25.999
26.809,26.367
24.87,24.735
24.671,24.264
24.787,24.239
26.035,25.459
16.499,16.39
21.295,20.487
23.088,22.997
26.826,26.464
20.233,18.768
21.615,21.244
22.291,19.946
23.67,23.214
24.052,22.544
21.627,20.173
26.495,26.366
20.325,20.083
26.369,25.969
22.258,22.087
24.555,24.156
26.273,25.802
26.177,25.756
23.326,22.402
25.594,25.177
21.442,21.15
19.952,19.885
26.576,26.359
26.444,25.773
23.321,22.812
25.669,25.422
19.367,17.823
22.075,21.23
26.346,25.709
25.148,23.762
26.199,25.827
22.577,21.27
23.428,22.879
26.02,24.391
26.781,26.518
20.683,19.29
26.89,26.727
26.039,25.581
25.203,25.066
23.273,22.855
17.969,17.569
17.473,17.203
26.657,26.395
26.585,26.309
24.193,23.713
25.881,25.408
25.148,24.035
23.444,22.892
24.962,24.45
24.927,22.332
25.316,24.311
25.354,24.791
24.169,23.813
19.335,19.179
26.496,25.422
22.547,22.434
23.47,22.865
26.932,26.762
20.398,19.731
22.854,21.844
21.866,21.008
25.925,25.444
21.694,20.496
26.908,26.423
26.706,26.238
24.397,23.853
24.731,23.445
26.695,25.736
25.352,23.38
19.869,19.75
26.595,26.331
23.806,23.684
26.568,24.081
26.478,26.079
26.764,26.489
24.645,24.248
23.411,22.843
25.478,25.181
20.188,19.859
26.329,25.889
26.53,24.55
24.964,22.446
24.077,22.498
26.588,26.037
24.118,23.055
25.141,24.252
22.171,21.788
26.262,25.522
24.054,22.46
23.939,23.251
26.487,26.05
21.58,21.467
24.477,23.828
24.834,24.69
21.35,21.226
24.076,23.581
23.357,22.625
26.616,26.289
21.982,21.911
25.266,24.836
26.961,26.503
25.935,25.097
23.442,23.013
25.496,25.255
15.882,15.779
23.394,23.256
26.451,26.022
24.102,23.996
21.534,19.986
19.508,18.871
26.23,24.73
20.706,19.615
25.902,24.171
25.547,25.171
24.378,23.764
26.671,26.16
20.297,20.09
20.571,19.973
23.628,22.842
24.29,24.097
18.053,17.584
21.991,21.76
19.748,19.532
24.309,24.186
26.603,26.399
23.06,22.765
21.387,20.711
22.189,21.815
26.25,26.018
18.898,18.757
25.319,24.935
23.509,23.351
25.273,24.851
7.574,7.587
26.826,25.763
24.839,24.503
25.056,22.594
25.544,25.198
19.775,19.242
26.901,26.565
23.045,22.67
25.29,24.845
24.716,24.278
26.557,25.935
25.582,25.054
23.781,22.313
17.125,16.99
24.256,24.155
25.754,25.441
26.362,26.02
26.044,25.526
25.772,25.3
17.744,17.422
23.802,23.289
19.626,17.99
25.235,25.082
23.92,23.82
24.004,21.949
24.241,24.163
23.959,21.443
26.885,26.169
24.655,24.576
26.947,26.362
24.412,24.083
25.716,24.589
21.169,19.663
22.412,21.29
24.37,23.72
23.64,23.082
23.945,23.562
25.345,25.221
23.338,23.077
25.988,25.395
26.7,26.082
23.94,22.834
25.983,25.854
24.92,24.406
19.419,19.246
26.636,26.123
24.306,23.455
26.621,26.513
22.77,22.472
24.157,23.332
23.373,22.83
24.194,23.937
26.939,26.65
22.742,22.787
23.955,23.526
25.903,24.219
26.96,26.739
26.087,25.422
26.938,26.587
26.407,25.82
24.609,23.359
24.548,24.323
24.909,24.808
24.077,23.461
25.363,24.272
23.292,22.195
24.316,23.316
26.791,26.34
23.498,23.269
21.43,19.93
25.255,23.932
26.801,26.407
25.658,25.448
21.913,20.812
23.73,23.299
24.556,23.365
16.144,15.96
24.897,24.445
22.882,22.007
24.516,24.372
19.079,18.72
23.387,21.283
25.002,24.573
25.255,23.744
23.627,21.431
23.093,21.982
26.365,25.814
23.005,22.795
24.21,23.752
26.93,26.427
25.708,25.281
23.75,23.318
18.881,18.219
19.836,19.381
26.197,26.054
21.581,21.053
26.915,26.695
22.25,22.186
22.449,21.597
26.799,26.621
26.28,25.852
26.747,26.412
22.259,21.269
22.645,21.862
26.151,25.887
18.565,18.394
23.665,23.117
26.48,26.361
18.758,18.543
26.117,25.868
25.032,24.629
18.887,17.893
24.122,23.743
22.588,21.789
25.416,25.295
26.921,26.436
22.869,22.22
22.176,21.878
25.514,25.242
23.096,22.932
25.848,23.811
22.023,20.675
24.847,24.156
23.953,23.455
26.22,25.855
25.603,25.305
23.815,23.224
26.299,26.039
21.314,19.797
23.054,22.925
26.597,26.335
25.739,25.232
21.274,20.647
23.689,22.11
24.366,22.536
26.293,25.915
22.667,20.852
25.071,24.631
21.956,21.563
22.533,22.324
23.475,23.403
26.038,25.473
24.198,24.115
23.161,22.818
20.333,19.268
24.847,23.652
24.56,24.163
26.573,26.13
20.322,19.769
25.738,25.634
25.388,23.901
25.399,23.89
26.024,25.47
26.386,23.832
25.55,24.981
24.645,24.363
26.964,26.568
23.487,22.066
26.26,26.105
24.947,24.472
23.659,22.735
19.754,18.313
22.859,22.761
24.806,22.959
18.677,18.407
24.254,24.043
26.323,25.944
24.367,23.892
25.899,25.529
23.678,23.451
17.909,17.454
26.274,25.578
22.14,21.221
26.995,26.762
24.542,24.297
26.651,26.053
25.777,25.484
22.953,22.516
23.433,23.03
24.276,23.988
26.689,25.793
25.02,24.006
25.769,24.889
26.578,26.33
24.943,23.402
25.926,25.575
26.292,25.764
22.051,20.514
20.844,19.72
23.608,23.216
24.924,24.518
26.979,26.447
24.481,24.129
26.813,26.261
18.693,18.583
25.903,25.494
22.945,22.17
24.782,24.149
26.605,26.211
26.795,26.356
24.795,23.461
25.629,25.202
24.868,24.714
17.738,16.985
24.823,24.282
24.357,23.873
25.544,25.066
20.721,19.977
22.308,22.113
23.503,22.992
22.673,21.322
22.741,21.922
23.766,22.851
20.228,20.034
25.711,24.981
24.987,23.644
23.584,22.852
22.815,22.321
20.861,19.931
25.107,24.903
24.223,23.804
21.565,20.63
26.558,26.131
24.652,24.051
24.151,23.732
23.296,23.19
25.534,25.113
23.285,21.777
26.002,25.616
25.928,25.375
22.396,21.604
21.97,20.414
24.806,24.108
25.145,24.91
24.5,24.435
24.586,24.027
26.227,26.122
22.616,22.387
25.315,24.251
13.648,13.456
24.244,23.933
23.969,23.774
26.734,26.393
21.216,21.018
24.576,24.253
25.738,25.399
25.976,25.42
26.58,26.126
22.972,22.465
22.156,21.845
26.368,26.251
26.038,25.076
26.54,26.0
26.498,26.178
18.642,18.499
26.368,25.932
22.63,21.63
25.048,24.903
26.659,26.126
24.315,24.252
25.664,25.138
24.441,24.17
18.546,18.028
20.503,18.638
22.289,20.903
25.45,24.789
26.271,25.664
26.388,25.946
25.348,23.527
24.941,24.701
26.878,26.416
26.881,26.46
26.121,25.634
26.236,25.674
23.163,22.813
25.81,25.144
24.23,23.365
26.795,26.366
24.179,23.882
24.793,24.557
25.858,25.22
24.105,23.701
23.241,21.942
24.021,23.873
21.791,20.412
25.735,25.179
19.603,18.912
23.853,22.635
26.422,25.557
24.588,24.387
26.487,25.815
24.403,23.646
23.947,23.536
22.294,22.045
24.988,24.588
25.233,24.853
25.238,25.144
22.37,20.57
20.33,20.32
23.525,23.056
23.385,23.025
26.663,26.188
24.075,23.559
23.12,23.165
21.874,21.669
21.461,20.055
26.147,24.56
25.955,25.705
25.889,25.441
23.302,22.821
26.89,26.738
26.538,26.105
21.04,20.919
24.79,24.43
25.801,25.441
24.351,24.252
24.873,24.482
25.236,24.377
26.384,25.98
18.076,17.407
23.821,22.298
15.563,15.426
23.158,21.543
26.565,26.239
24.905,24.619
25.202,25.025
24.394,22.559
23.917,23.071
26.862,26.5
15.375,14.741
25.924,25.545
26.291,26.445
25.676,25.176
21.805,21.087
25.871,25.62
25.379,25.037
24.388,24.061
24.835,24.272
24.76,24.558
22.616,21.633
21.451,20.191
24.892,24.263
24.383,24.107
24.254,22.27
18.199,17.493
26.117,25.666
21.812,21.526
21.344,21.27
24.661,24.366
22.629,21.913
19.332,19.237
26.72,26.43
24.885,24.597
22.612,21.15
26.989,26.627
21.885,20.439
21.212,21.01
25.668,25.203
26.274,26.008
23.125,22.91
26.788,26.422
26.566,26.28
22.943,22.173
24.388,23.936
25.631,25.214
23.059,22.997
24.807,24.109
26.942,26.726
19.884,18.777
20.446,20.21
25.506,25.055
25.327,24.83
22.15,21.329
24.0,23.545
26.319,26.145
24.341,23.94
26.837,24.379
18.705,17.42
24.78,23.231
26.387,25.99
25.419,25.244
26.678,25.354
23.155,22.7
19.596,18.983
26.192,25.867
21.304,21.06
25.355,25.246
26.467,23.863
21.185,20.031
22.099,20.894
25.828,25.617
26.242,23.93
26.849,26.695
24.926,23.227
25.484,24.817
20.953,20.33
15.964,15.759
26.573,26.423
24.618,24.532
21.347,20.698
26.661,25.219
25.291,24.644
25.737,25.306
25.77,25.026
26.709,26.353
24.344,24.112
25.155,25.055
23.522,21.926
24.871,24.783
26.788,25.954
24.499,23.985
25.076,22.788
24.606,24.152
25.418,24.964
25.587,24.503
26.594,26.185
25.03,24.963
20.095,19.906
26.974,26.744
24.35,22.005
25.329,24.325
26.325,26.079
25.36,25.191
23.781,22.004
25.937,25.514
26.805,26.337
26.256,25.973
26.364,25.825
21.02,20.376
26.494,26.06
25.797,24.515
25.364,24.747
24.637,24.378
23.537,21.67
26.569,25.958
19.072,19.011
22.538,21.735
25.425,25.144
11.394,11.35
25.424,25.122
26.746,26.237
24.867,24.746
25.573,25.059
26.254,25.515
25.495,25.017
23.889,21.996
22.872,21.433
24.446,23.509
25.482,25.152
25.407,24.726
25.53,25.329
19.776,19.014
20.865,19.122
23.728,22.758
25.956,25.603
23.92,21.549
23.799,22.687
26.49,25.933
25.469,24.938
25.162,25.045
19.98,19.884
26.218,25.808
25.756,23.409
26.116,25.812
23.961,21.776
24.371,22.266
26.008,25.455
25.031,24.602
25.668,24.041
21.446,20.68
22.638,22.321
26.887,26.671
22.665,21.382
21.736,20.746
26.866,26.398
23.207,22.269
22.165,21.002
23.846,21.485
23.433,22.018
23.044,22.555
24.986,24.694
25.846,25.237
21.73,21.442
26.737,26.615
21.117,20.954
26.592,26.321
26.694,26.063
22.745,22.568
20.349,19.861
26.133,25.735
23.923,23.55
18.058,17.414
25.811,25.28
23.682,23.232
26.06,25.604
25.027,24.965
25.633,25.313
25.652,25.223
26.887,26.384
22.063,21.065
24.097,23.886
24.756,24.492
26.725,26.365
20.741,19.667
21.759,21.095
20.332,20.247
19.001,17.472
22.472,21.412
26.907,24.998
26.69,26.306
26.619,26.178
26.936,26.57
24.93,23.654
26.623,26.027
26.727,26.527
24.763,24.558
23.978,23.866
22.342,22.24
23.219,23.049
24.163,22.438
26.455,26.077
22.274,21.191
26.121,25.707
24.161,23.154
25.37,24.754
23.325,21.18
26.322,24.277
25.619,23.989
20.608,19.949
26.373,24.486
20.98,20.861
22.628,21.789
20.636,19.709
26.473,26.296
26.259,25.615
25.269,25.111
26.422,25.687
23.098,22.541
18.151,17.926
19.652,19.166
23.942,23.808
24.053,22.69
25.371,25.253
20.547,20.429
16.566,16.409
26.646,26.19
26.418,25.962
26.106,25.502
24.734,24.336
23.976,22.148
26.959,26.572
20.973,20.661
24.213,24.074
25.096,24.717
26.441,26.043
24.167,23.748
25.865,25.368
26.134,25.776
19.733,19.948
26.705,26.22
24.451,23.19
26.719,25.032
26.401,26.212
24.767,24.122
26.282,25.886
19.725,19.3
26.963,26.53
26.374,25.214
24.869,24.787
22.756,22.681
19.984,19.386
26.073,25.81
24.656,24.26
26.735,24.061
26.042,24.459
26.408,25.95
24.947,24.777
26.457,26.022
22.794,20.636
26.723,26.131
16.68,16.475
25.666,25.225
21.854,20.755
24.091,23.493
24.955,24.491
24.42,24.192
24.653,22.788
18.79,18.056
26.949,26.032
26.802,26.35
24.037,23.603
19.936,19.664
20.388,20.295
24.677,24.287
26.043,25.604
26.727,26.326
22.318,22.07
23.796,22.511
23.839,23.432
25.434,25.142
26.601,26.356
25.913,25.239
26.869,26.377
25.293,23.828
24.466,23.065
24.881,24.609
22.006,21.638
24.638,24.28
26.428,26.105
21.037,20.146
23.739,21.855
23.754,21.159
25.135,24.575
24.845,24.443
24.505,24.124
23.387,22.331
22.141,21.032
21.847,20.438
12.399,12.224
24.585,24.031
26.356,25.618
15.756,15.476
25.09,24.582
26.394,25.952
23.18,22.812
22.086,21.188
26.052,25.493
26.383,26.17
26.035,25.625
26.928,26.062
17.405,17.135
24.922,23.297
20.921,19.848
25.707,24.065
26.691,26.209
26.321,25.917
25.767,25.394
26.497,24.138
25.242,23.283
25.896,25.496
23.248,21.886
23.234,23.06
26.283,25.832
21.879,20.985
22.095,21.898
25.136,24.821
25.486,23.152
25.709,25.34
24.012,22.584
22.739,22.663
22.436,22.193
23.696,22.206
21.544,20.771
19.85,18.873
21.867,20.934
26.385,25.781
20.98,20.733
25.382,25.196
24.943,24.633
26.516,26.016
19.487,19.39
24.406,24.012
25.961,25.355
26.757,26.356
26.195,25.821
26.769,26.191
26.408,26.234
18.296,17.641
26.623,26.01
25.984,25.613
24.983,24.508
26.691,26.238
22.883,22.475
25.017,24.373
26.894,26.441
25.15,24.762
18.864,17.325
19.283,18.203
17.022,16.801
25.623,24.106
20.218,19.103
26.74,26.217
24.146,23.944
24.813,24.392
19.022,18.065
26.899,25.848
18.554,18.42
26.605,26.223
26.023,25.569
24.318,23.926
26.86,26.414
22.825,22.611
21.479,21.264
26.725,26.471
25.645,24.955
24.837,24.357
23.133,22.809
23.621,22.698
22.501,22.079
24.012,23.594
22.039,20.395
24.857,24.685
22.727,21.856
25.534,23.356
26.21,25.722
23.866,23.476
21.025,20.371
22.383,22.039
21.216,19.569
26.611,26.483
25.967,25.786
26.538,25.817
18.586,18.071
20.874,19.807
24.365,24.276
23.129,21.339
25.126,25.055
25.252,24.878
25.46,23.875
23.598,22.661
25.836,24.305
16.775,16.533
23.395,23.012
22.438,22.568
20.557,20.495
23.577,23.312
26.233,26.019
25.66,25.334
24.202,22.958
26.681,26.179
26.584,24.327
25.597,25.173
24.709,23.045
25.9,25.326
23.351,22.082
26.966,26.356
22.979,22.959
18.547,18.256
24.475,24.025
24.528,22.457
23.908,23.684
23.936,23.47
22.831,22.617
26.355,25.937
25.468,25.195
25.274,24.898
20.921,19.11
25.674,25.34
17.495,17.335
24.485,22.39
24.555,24.039
25.901,25.586
25.625,25.269
21.03,21.035
26.274,25.732
23.721,22.547
25.755,23.986
26.802,26.377
24.833,24.744
20.815,20.733
26.454,26.31
23.792,22.777
25.847,25.37
23.663,22.751
22.249,21.098
26.558,26.23
22.92,22.615
25.908,24.573
22.303,22.07
20.548,20.289
19.424,18.791
23.519,22.848
26.813,26.187
21.498,21.392
26.658,24.588
24.393,24.054
21.683,20.669
25.582,23.847
26.319,25.856
23.189,23.135
23.22,23.104
20.467,19.197
26.627,26.376
23.106,22.749
24.897,24.522
26.76,26.214
25.504,25.013
24.838,24.673
25.334,25.176
25.375,24.848
23.25,23.035
24.092,23.768
25.898,25.58
15.98,15.858
26.448,26.209
23.199,22.552
20.125,18.373
9.018,9.017
24.211,24.043
23.125,21.977
25.036,24.74
20.64,20.436
24.156,23.955
26.081,25.745
21.723,21.581
26.166,24.019
25.104,24.545
25.579,25.124
16.49,16.312
26.83,26.39
23.498,23.41
23.25,23.028
25.859,25.415
26.961,26.169
23.879,23.665
26.561,25.914
22.832,22.596
26.191,25.663
23.711,23.461
23.438,23.34
25.12,24.944
25.727,25.546
25.22,23.773
26.415,26.229
22.0,21.887
21.975,21.808
26.61,24.993
19.032,18.474
23.295,23.097
17.321,17.078
24.441,22.567
25.086,23.769
26.638,26.431
25.444,23.509
24.854,24.184
22.776,20.639
26.378,26.18
25.665,25.26
26.057,25.956
26.72,25.518
26.377,26.225
26.709,24.326
14.418,14.266
22.498,22.222
19.077,18.969
24.166,23.914
23.906,23.682
26.092,25.482
22.995,22.932
23.207,22.111
26.627,26.187
18.747,18.46
26.15,25.859
21.408,20.299
20.468,19.684
26.546,26.127
19.745,18.938
16.855,16.554
26.855,24.883
26.895,26.713
25.042,24.626
25.254,24.978
26.743,26.241
26.308,25.912
23.014,21.839
25.262,24.979
25.767,25.463
21.595,20.318
26.012,25.908
21.392,21.215
25.92,25.266
26.588,26.11
26.618,26.183
25.036,22.678
25.441,24.873
25.09,24.583
22.922,22.417
26.956,26.496
24.417,24.216
26.812,26.209
26.879,26.404
24.463,24.11
22.016,20.466
26.457,26.131
24.196,23.726
26.371,25.826
24.507,24.005
25.928,25.531
26.328,25.583
21.929,20.563
23.693,23.146
20.276,18.827
23.894,22.134
23.575,23.227
26.453,25.387
23.839,23.467
25.908,25.58
24.195,23.888
23.022,21.53
25.268,23.352
14.267,14.061
26.514,25.809
26.303,25.558
25.299,24.468
21.116,20.134
23.321,23.03
19.881,19.146
25.471,25.271
23.681,23.587
25.777,25.394
22.252,20.887
24.937,24.859
19.553,19.381
24.819,24.305
25.677,25.185
26.632,26.441
23.3,22.323
25.725,25.313
24.013,23.01
26.672,26.04
24.598,24.305
24.13,23.756
26.677,24.226
20.064,19.799
21.084,19.878
23.248,22.333
22.726,22.364
21.775,20.731
23.598,22.764
21.439,20.244
23.586,22.461
25.803,25.948
22.74,22.671
25.728,25.585
22.943,21.69
25.311,24.915
26.555,26.243
26.933,26.056
23.814,22.106
19.728,18.384
26.175,25.691
23.646,23.144
13.608,13.468
25.718,25.223
25.821,25.287
25.204,24.252
26.583,26.087
26.053,25.911
26.178,25.798
24.202,23.964
22.315,21.773
22.822,21.119
15.595,15.36
25.845,25.258
23.929,23.401
22.568,22.353
25.851,25.683
26.629,26.25
17.136,17.007
25.814,25.678
22.111,22.032
26.275,25.37
26.951,26.288
24.842,24.346
24.374,23.314
25.948,25.584
26.04,25.712
19.31,18.918
24.287,23.454
18.959,18.134
22.959,22.059
25.765,25.335
25.342,23.472
25.523,25.038
24.597,24.087
16.352,16.178
19.406,18.728
26.075,25.704
26.343,25.756
19.583,19.183
19.487,19.222
23.335,22.076
24.258,23.884
25.827,25.437
26.729,25.582
22.993,21.127
25.966,25.866
26.53,26.114
24.84,24.416
22.598,22.445
26.449,25.843
26.416,26.297
23.639,22.113
25.978,25.723
25.907,24.594
24.495,24.385
22.591,22.395
24.614,22.231
24.287,24.084
26.783,26.27
23.984,23.527
26.895,26.005
23.942,23.682
26.22,25.995
25.081,23.04
23.302,23.003
26.422,26.166
25.31,24.601
22.794,21.491
24.483,24.407
21.89,20.905
24.143,24.09
26.055,25.603
23.156,22.631
25.263,24.698
23.849,23.059
23.223,21.907
26.512,26.018
23.759,23.684
24.068,23.946
24.404,24.336
20.905,19.769
18.94,18.052
20.987,20.117
25.726,25.41
16.765,16.6
26.243,25.821
24.599,24.172
26.667,26.114
26.566,26.137
26.127,25.84
23.575,22.191
25.904,25.767
21.332,21.116
23.587,23.181
26.301,25.604
25.749,25.542
23.231,23.055
17.66,17.587
23.029,22.84
24.741,24.394
22.599,22.192
21.339,20.167
26.984,26.635
22.437,22.263
26.055,26.175
25.531,25.345
25.866,25.423
23.168,22.758
25.511,24.918
20.591,19.827
25.565,25.329
26.534,26.131
26.286,26.012
20.887,20.776
12.068,12.002
25.564,23.682
23.53,23.152
25.85,25.588
26.431,25.989
26.289,25.623
22.464,21.384
25.819,25.607
26.036,25.595
25.609,24.98
25.907,25.256
19.127,18.921
20.783,20.689
24.692,24.29
26.173,25.891
25.562,25.041
26.007,23.571
26.09,25.469
26.819,26.417
23.625,22.755
23.646,23.442
23.437,23.143
26.749,26.232
22.823,22.172
26.266,25.739
26.954,26.522
18.874,18.484
23.068,22.229
26.276,25.496
22.934,22.14
21.986,21.177
22.941,22.519
26.862,26.524
26.687,26.266
20.776,20.108
26.83,26.128
26.809,26.451
25.71,25.222
24.376,24.269
24.083,23.732
25.22,24.567
26.892,26.246
26.02,25.897
18.482,18.266
25.479,23.627
19.295,18.48
20.87,20.472
24.676,24.249
24.354,23.955
24.73,24.249
26.635,24.128
26.623,25.989
23.757,23.394
22.967,22.214
26.64,26.288
24.567,22.843
26.961,26.45
21.596,20.715
23.755,21.614
25.376,25.132
26.69,26.048
20.73,20.538
23.429,22.574
26.764,26.271
24.202,23.776
23.092,23.012
26.735,26.299
26.632,26.156
21.305,21.181
25.804,25.402
24.158,23.667
25.944,23.586
26.994,26.545
26.74,25.532
24.522,23.485
26.602,26.208
21.188,21.064
25.494,24.741
20.978,20.061
25.466,22.935
25.336,24.846
26.359,25.721
24.437,22.837
26.584,24.494
19.149,18.8
21.549,21.408
26.125,24.071
24.611,24.592
25.096,24.666
25.355,25.033
19.174,18.872
23.928,23.52
22.524,21.514
24.969,24.484
25.854,25.367
24.7,24.164
23.212,23.053
22.53,22.434
20.322,18.982
24.869,24.467
17.192,16.971
17.989,17.874
25.734,25.312
18.116,17.691
26.849,26.348
22.165,21.451
20.53,20.456
25.927,24.658
26.574,25.063
23.048,21.233
20.885,20.745
23.276,21.45
26.658,26.372
25.609,24.008
21.082,20.405
23.436,22.686
26.935,26.793
25.041,23.235
26.847,26.114
24.667,24.559
26.736,26.232
26.072,25.504
25.5,25.333
26.708,26.514
25.818,25.359
26.388,25.99
16.499,16.325
24.341,23.951
22.923,22.628
23.533,23.381
18.736,17.928
17.163,17.035
14.798,14.658
25.099,24.74
20.98,20.167
21.485,20.834
21.729,21.124
20.275,19.187
22.47,21.179
26.134,26.01
24.863,24.669
25.818,25.649
22.405,21.286
22.192,20.743
25.95,25.676
23.989,23.816
25.465,25.198
25.254,24.82
26.489,24.591
24.72,24.123
20.491,19.481
25.199,24.459
26.944,26.738
26.354,25.485
24.703,24.554
23.749,22.991
26.412,24.558
25.099,24.622
26.831,26.168
25.62,24.522
15.212,15.099
24.11,24.039
18.63,18.438
24.359,24.123
26.873,26.161
24.788,24.138
21.705,20.134
26.322,25.853
26.84,26.113
23.055,22.827
24.849,24.642
23.898,23.827
26.692,26.04
23.252,22.784
26.229,25.684
19.035,18.856
23.082,21.785
22.546,21.344
26.942,24.77
20.292,19.691
25.604,22.999
25.597,24.419
25.523,24.926
22.927,22.025
25.451,25.146
25.767,24.578
20.692,20.597
26.095,23.62
26.962,26.636
24.073,23.498
20.243,20.172
24.324,24.2
25.697,25.065
18.319,17.844
25.891,25.377
25.103,24.923
22.812,22.597
25.16,24.849
22.302,21.022
24.328,23.073
25.197,24.593
24.009,23.95
19.044,18.388
23.68,23.3
22.956,22.441
14.438,14.314
26.712,26.337
21.745,21.408
21.774,20.728
26.566,26.036
25.864,23.464
26.351,25.918
23.532,22.937
24.866,24.497
24.673,24.443
20.888,20.575
26.934,26.265
25.95,25.485
25.117,23.558
23.251,23.099
26.508,25.883
23.763,23.286
26.751,26.342
15.872,15.689
24.234,23.847
26.299,26.147
26.51,24.986
25.829,25.571
18.991,18.036
21.471,20.035
23.87,23.765
24.103,23.011
25.068,24.466
25.035,24.854
14.386,14.29
23.023,21.681
20.502,20.333
25.102,23.294
22.105,21.783
21.225,20.137
26.41,23.794
25.544,25.454
26.618,26.031
25.642,23.773
16.865,16.75
23.783,23.354
21.975,21.77
26.403,26.002
23.222,22.404
24.38,24.038
25.491,25.009
26.043,25.435
14.799,14.723
23.169,22.324
23.556,23.22
26.563,25.987
16.816,16.682
20.738,20.669
24.919,24.746
17.643,16.984
25.315,25.227
22.595,22.413
24.313,24.052
25.893,25.644
17.625,17.323
26.127,25.769
26.653,26.131
22.55,22.218
20.35,20.155
26.675,25.589
23.958,23.437
26.185,25.926
25.01,24.297
26.633,26.438
25.788,25.269
23.136,22.031
24.871,24.325
25.491,24.57
22.423,22.292
23.75,22.636
22.482,22.416
20.086,19.932
21.235,19.577
23.808,23.46
26.858,25.859
26.478,25.657
26.11,25.671
26.529,26.016
26.957,26.326
23.878,23.691
20.43,18.656
22.505,21.56
26.78,26.425
21.576,20.828
24.051,23.692
26.453,25.993
21.261,21.046
20.323,19.009
21.602,21.519
24.104,23.858
25.257,24.798
24.66,24.127
26.606,26.189
26.829,24.45
25.855,25.44
26.781,26.153
24.656,24.141
22.294,21.833
24.072,23.606
26.797,25.968
23.28,22.88
20.145,19.188
19.684,19.102
24.339,24.054
25.899,25.349
26.272,25.963
26.314,25.959
23.833,23.404
26.948,26.662
26.211,24.645
15.194,15.011
25.243,23.365
26.169,25.635
25.286,25.183
24.239,22.101
25.324,24.776
26.696,26.292
26.647,26.123
25.885,25.2
25.271,24.698
22.537,22.122
22.662,22.522
21.767,21.652
23.104,22.75
26.387,25.877
25.085,24.844
20.142,19.971
26.482,26.078
24.393,24.013
19.542,19.432
23.751,23.634
23.318,23.153
26.258,23.949
20.091,20.304
25.844,25.555
21.742,20.695
24.866,24.418
24.863,24.552
24.721,24.665
25.919,25.415
26.105,24.394
26.017,25.358
20.11,20.04
26.758,26.254
26.998,25.151
19.39,19.211
26.766,26.141
23.27,22.461
25.956,24.458
23.318,22.0
22.538,21.149
25.339,24.914
26.898,26.559
23.844,23.632
26.492,25.352
24.952,24.571
23.943,23.697
24.932,24.774
25.758,25.597
23.81,22.809
22.886,22.539
26.176,23.662
24.322,23.933
26.53,25.668
23.794,23.412
25.369,25.005
26.29,24.332
19.279,18.38
25.392,24.817
23.566,22.413
23.549,21.633
26.802,26.319
23.291,23.308
24.554,24.4
25.914,25.288
21.685,21.31
25.119,24.788
21.464,20.235
22.501,22.235
24.775,24.696
25.88,25.449
23.334,22.876
21.698,21.311
22.82,22.624
24.469,23.431
24.267,24.166
24.45,24.236
22.16,21.816
26.219,26.045
20.406,20.271
24.811,24.412
23.839,22.53
26.278,25.951
26.864,26.578
26.369,25.816
24.753,24.266
19.314,18.904
24.121,23.74
25.407,24.924
25.146,24.673
22.554,20.483
23.462,23.229
26.964,26.585
25.555,25.033
25.144,25.044
23.032,22.827
22.893,22.614
22.719,22.258
26.374,25.565
24.785,24.617
25.783,24.712
18.106,17.946
22.01,21.28
21.554,20.814
22.638,20.751
25.694,25.543
24.875,24.768
22.046,21.909
24.264,23.495
25.603,25.115
23.759,22.537
25.421,25.174
26.49,26.019
25.884,25.483
26.276,25.96
22.056,20.929
25.105,24.348
24.142,23.638
23.299,23.032
26.463,26.309
24.201,23.834
25.038,24.287
25.917,25.471
25.067,24.72
25.491,24.693
26.694,26.218
24.013,22.258
25.842,25.71
24.896,24.521
26.358,24.844
21.727,21.019
26.406,26.021
23.723,22.038
26.982,26.61
23.749,22.036
25.079,23.981
23.774,22.966
21.569,20.91
26.149,26.055
25.459,25.057
24.633,24.463
26.406,25.876
24.876,24.635
18.233,17.985
25.079,23.326
20.393,19.655
21.655,20.972
24.987,24.9
15.351,15.236
20.633,20.571
26.144,25.677
23.275,21.777
22.463,20.512
24.229,22.924
19.564,18.163
25.172,23.437
22.41,21.901
26.694,26.317
22.291,21.859
26.903,26.21
21.154,20.697
26.846,26.429
22.167,20.694
23.41,23.145
20.995,20.907
26.311,25.898
25.719,25.476
22.444,22.319
26.432,25.926
26.979,26.523
26.502,25.719
26.878,26.483
24.153,23.748
24.854,24.717
23.398,22.461
24.747,24.572
24.409,24.067
23.675,22.29
24.739,24.036
25.813,25.34
26.117,25.362
21.882,20.218
25.01,24.571
21.287,21.186
25.285,24.927
26.836,25.737
26.669,26.461
26.218,25.878
25.51,25.146
23.566,23.166
25.567,24.209
15.029,14.926
26.433,25.959
25.875,25.452
26.692,24.181
26.933,25.082
25.9,25.368
25.606,25.502
25.994,25.87
26.6,25.553
26.678,25.346
26.337,25.241
24.596,23.672
23.207,22.682
24.873,24.494
22.046,20.758
16.602,15.953
18.183,17.913
24.711,24.573
23.757,23.627
21.555,20.193
26.244,25.859
22.603,22.405
20.787,20.599
26.437,26.276
26.979,26.728
24.325,24.16
24.534,24.31
22.9,22.642
26.832,26.347
20.129,19.565
26.698,25.892
23.941,23.525
25.797,25.193
24.303,23.882
26.218,24.18
25.979,25.663
24.476,24.219
26.24,25.587
26.681,26.36
17.689,17.562
26.951,26.488
22.764,22.17
24.592,24.137
26.522,24.666
25.125,24.602
26.717,26.155
21.759,21.557
26.471,25.996
25.873,23.392
17.103,16.913
25.753,25.439
21.318,19.68
17.811,16.917
18.223,17.173
22.778,20.927
25.671,25.118
25.669,25.562
26.421,26.029
18.716,18.221
23.759,23.612
18.978,18.696
26.879,26.661
25.411,24.975
26.508,26.166
24.372,23.923
22.729,22.244
21.654,21.433
22.672,21.771
25.569,24.679
25.707,25.44
22.565,22.352
23.21,23.041
22.141,20.998
17.258,17.098
26.157,24.438
26.864,26.465
26.72,26.358
22.96,22.875
26.651,26.047
16.735,16.326
24.592,24.063
24.026,23.932
24.148,23.994
24.289,24.113
26.461,25.988
25.144,24.837
21.477,20.543
26.536,26.147
16.694,16.491
21.213,20.346
25.556,24.932
20.133,20.047
24.557,24.158
22.961,22.364
22.092,21.97
21.329,19.086
21.6,21.389
24.336,24.073
22.279,20.942
26.217,25.729
26.478,25.985
18.759,18.606
22.786,21.709
23.011,21.746
25.984,25.517
21.896,21.655
24.998,24.394
25.801,25.357
24.473,24.017
22.81,22.619
25.154,24.701
24.419,23.989
25.211,24.833
23.718,23.54
25.261,25.03
26.787,26.316
25.595,25.211
23.324,22.769
24.568,23.495
22.576,22.508
24.903,24.4
22.265,20.479
23.454,22.836
18.023,17.506
25.521,24.7
26.863,26.068
25.307,24.776
19.078,17.588
24.81,22.654
24.737,23.08
26.357,26.165
24.933,24.524
25.428,24.799
25.664,23.669
25.221,24.809
20.927,20.842
26.876,25.318
23.866,23.312
26.054,25.736
23.263,22.054
25.057,24.95
22.369,22.249
26.672,26.242
24.207,24.033
24.857,22.941
24.604,23.052
23.817,23.729
25.531,25.135
18.653,18.508
23.914,23.017
21.656,20.697
23.273,21.559
21.48,20.552
25.301,25.208
26.003,25.556
23.091,21.099
23.929,23.375
24.249,23.689
17.463,17.184
24.652,24.517
25.264,25.175
17.256,17.119
25.789,24.388
21.826,20.085
26.519,25.842
22.196,21.777
23.676,23.271
26.952,26.783
25.134,23.805
24.773,24.38
25.712,25.326
25.295,24.99
26.123,25.626
26.393,25.936
25.139,24.688
25.111,24.903
21.544,20.868
24.227,24.025
15.903,15.695
25.794,25.475
25.843,25.424
25.507,25.153
26.344,25.942
21.505,20.615
23.418,23.045
25.157,24.874
23.436,21.456
17.67,17.41
21.359,20.021
25.978,25.723
24.964,24.483
24.101,24.03
26.95,26.599
23.788,23.431
25.376,24.792
26.171,25.877
23.696,23.096
18.864,18.69
18.12,18.019
26.831,26.341
26.678,26.407
26.493,25.922
26.081,25.672
24.374,23.909
26.649,26.486
24.658,24.255
24.628,23.397
24.161,23.635
23.626,23.523
23.55,22.982
19.101,18.959
25.973,25.422
21.03,20.374
26.161,25.612
26.954,26.739
13.186,13.003
24.58,24.415
24.895,24.403
22.977,22.425
23.65,23.517
26.903,26.457
23.398,20.819
26.388,24.135
26.571,25.95
24.178,23.292
26.288,25.877
23.248,22.913
24.681,24.606
24.152,23.315
23.717,23.268
25.301,24.933
23.857,23.685
19.046,18.872
22.857,22.621
26.626,26.131
21.195,21.071
22.089,20.735
24.049,22.866
26.779,26.355
26.833,26.582
24.32,22.835
22.712,22.045
26.542,26.069
24.293,22.405
26.293,26.113
22.837,22.286
25.055,24.606
25.232,24.635
24.912,22.524
22.73,21.048
23.347,22.989
21.806,21.625
22.662,21.94
26.181,24.648
21.646,21.026
18.792,18.587
26.288,25.419
21.99,21.325
25.102,24.506
24.869,24.192
23.952,23.487
22.932,21.459
24.92,24.655
25.976,25.309
23.485,23.292
24.75,24.61
26.231,26.018
20.889,20.183
26.663,24.98
25.252,25.181
22.653,21.347
25.456,24.992
25.545,23.767
15.603,15.322
26.187,25.881
20.87,19.473
25.743,25.059
23.517,23.063
26.824,26.484
26.478,26.041
24.186,23.77
23.579,22.184
23.842,21.733
19.126,19.02
25.893,25.787
22.827,20.709
23.568,22.251
25.638,23.543
25.901,25.604
18.857,17.905
25.63,25.364
14.307,14.027
25.074,24.64
25.094,24.711
23.48,23.148
24.242,23.907
26.599,26.248
20.759,20.61
24.626,24.224
25.799,25.51
22.062,21.08
22.313,22.221
25.516,24.567
26.926,26.343
26.732,26.235
22.977,21.432
21.371,20.983
24.546,22.585
20.29,20.097
20.271,19.908
20.995,20.926
23.833,21.412
26.396,25.806
25.024,24.716
24.611,24.417
20.721,20.151
23.825,23.544
26.101,25.708
26.959,26.681
26.001,25.454
26.748,26.221
25.932,25.618
22.689,20.256
21.503,19.927
21.335,20.386
23.114,22.148
23.532,22.759
26.85,26.635
21.333,19.926
23.544,23.233
26.548,26.218
21.466,20.643
25.966,25.584
24.297,23.342
25.758,25.662
22.1,21.098
25.162,24.984
26.113,24.811
21.773,19.696
23.572,22.342
26.848,26.493
25.132,24.967
24.67,24.482
24.161,23.555
22.308,21.838
25.522,25.237
23.699,23.43
25.441,23.804
26.16,25.741
25.524,24.879
24.124,23.182
25.593,25.493
25.515,25.406
26.343,26.089
25.117,24.994
24.418,23.343
24.919,25.113
26.773,25.645
25.641,25.192
22.912,21.66
26.689,26.297
25.405,24.929
24.931,23.608
25.989,25.523
21.068,20.49
25.045,24.672
22.799,22.326
25.632,25.507
23.988,23.838
26.151,25.465
21.77,20.413
23.69,23.594
22.513,22.432
22.241,21.153
26.289,26.053
24.738,23.469
25.349,24.808
19.54,18.989
26.833,26.603
26.21,25.792
25.275,23.805
23.851,23.476
25.632,25.439
22.96,22.734
25.97,25.51
25.037,24.491
23.98,22.26
26.118,25.489
26.068,25.487
21.698,20.454
23.126,22.753
26.444,25.802
22.216,21.073
26.884,26.3
26.711,26.198
25.595,24.004
26.951,26.656
24.368,23.844
21.018,20.334
23.242,22.709
26.049,25.538
25.024,24.505
25.933,25.358
26.881,24.932
26.207,24.642
25.243,24.649
26.706,26.238
22.601,22.056
26.002,25.883
16.612,16.289
23.472,22.313
22.417,22.262
23.03,22.46
24.341,24.016
24.767,24.652
25.336,25.127
24.065,22.989
22.781,21.075
24.362,24.268
17.592,17.511
26.33,25.954
25.318,22.765
25.893,24.451
26.586,26.113
23.452,22.994
26.576,26.138
22.162,21.7
26.713,26.268
26.709,26.238
26.375,25.866
26.707,25.863
16.881,16.521
26.166,25.68
26.725,26.203
25.941,25.549
23.496,23.321
17.826,17.668
25.99,25.569
24.15,24.083
20.601,20.46
22.163,20.901
25.927,25.797
19.835,19.279
23.66,23.556
24.557,24.173
26.307,25.785
26.715,26.418
26.049,25.588
26.685,26.322
26.63,25.791
24.138,23.614
24.988,24.831
19.658,19.411
22.514,22.176
24.846,22.657
21.055,20.083
26.887,24.486
20.792,20.02
25.537,24.92
26.326,25.904
25.446,24.991
25.422,24.123
21.393,20.501
21.77,21.455
24.584,22.08
23.391,23.088
25.311,24.77
20.817,20.629
25.524,24.714
24.845,24.672
26.632,26.182
26.872,26.264
18.375,18.214
26.157,25.302
25.145,24.671
22.427,22.07
25.535,25.069
22.776,21.881
24.992,24.54
24.138,23.522
24.854,23.55
23.584,23.268
26.727,26.114
25.393,23.761
20.832,19.87
25.841,25.559
21.996,21.884
25.296,24.06
26.286,25.696
23.003,21.216
25.043,23.552
26.986,26.712
23.753,23.541
23.093,21.935
15.642,15.42
26.813,26.294
24.223,23.487
23.393,23.246
26.976,26.45
25.34,24.849
25.069,24.291
24.195,24.119
19.373,19.127
23.954,22.457
26.921,26.564
24.809,24.247
26.143,25.666
25.907,24.714
26.357,25.772
24.079,23.962
23.527,23.423
26.621,26.137
24.752,24.541
25.498,22.927
25.742,25.469
21.376,20.495
25.474,24.673
25.261,25.173
21.23,20.065
17.516,17.335
25.672,25.149
24.493,24.389
26.402,26.076
24.499,24.31
22.794,22.028
21.295,20.003
26.592,26.164
25.533,25.267
22.707,22.406
26.109,26.028
23.479,22.326
23.765,23.284
25.408,25.15
26.925,26.49
26.229,26.129
20.719,20.452
21.439,20.338
25.689,23.661
24.363,23.544
19.631,18.8
26.448,26.157
26.766,26.413
23.202,23.116
23.827,21.665
21.163,19.94
20.666,20.181
25.564,24.929
24.213,22.802
25.693,25.433
26.309,25.603
25.055,24.708
25.476,25.265
26.775,26.574
26.894,26.175
25.921,25.402
23.685,23.16
23.479,23.391
25.79,25.343
26.54,24.796
25.763,25.172
25.162,24.634
24.739,24.348
19.442,17.949
25.843,25.616
22.648,21.907
23.866,23.059
20.345,19.425
25.164,24.656
16.804,16.508
23.224,23.047
24.977,23.545
24.729,24.64
25.776,25.613
23.872,23.616
24.545,24.43
19.865,18.886
25.1,24.99
22.548,21.465
25.113,24.641
22.925,22.72
26.575,26.109
23.673,23.366
24.575,24.152
23.65,23.397
24.992,24.517
24.805,22.704
25.079,24.79
23.478,22.058
21.876,21.65
23.456,21.528
21.948,21.576
24.746,24.336
25.547,25.186
26.229,25.533
21.922,21.22
26.355,25.926
22.694,20.962
22.719,22.153
25.357,24.458
25.73,25.218
22.242,21.303
25.679,24.877
21.193,20.81
17.254,17.125
26.551,26.081
25.315,24.785
19.073,18.842
25.192,24.718
22.253,22.05
24.596,22.653
25.506,25.048
18.967,18.625
26.078,25.776
26.445,25.847
18.105,17.928
24.092,22.92
26.816,26.322
22.901,20.276
26.041,25.538
15.973,15.83
21.812,19.727
25.33,25.259
24.525,24.124
23.015,22.631
25.124,25.03
25.061,24.662
23.845,23.712
21.592,21.268
24.238,24.066
22.428,21.017
23.57,23.204
26.884,26.453
26.85,24.35
25.871,24.003
23.217,23.093
24.59,24.078
25.556,23.778
24.501,24.204
24.336,24.176
25.825,25.477
26.673,26.313
26.631,26.258
26.188,26.091
26.763,26.317
25.944,25.426
25.978,25.37
26.587,25.881
19.576,19.048
24.945,24.744
22.35,21.181
25.865,24.38
26.066,25.631
25.357,25.048
18.872,18.787
26.298,25.646
21.972,21.917
26.927,26.506
26.681,26.188
18.018,17.745
23.093,22.616
22.997,22.693
20.933,19.722
26.446,26.063
23.307,22.016
22.823,21.377
23.405,23.055
24.217,23.977
21.016,20.849
26.434,25.999
22.675,20.636
26.076,25.377
24.715,24.377
26.522,24.372
25.051,23.511
15.034,14.736
24.67,23.316
25.494,23.54
26.152,25.667
26.956,26.478
16.36,16.109
22.484,22.001
24.949,24.862
21.78,21.575
23.608,23.18
22.87,22.785
18.347,17.058
21.261,20.285
26.776,26.546
22.462,21.189
26.96,26.299
25.048,24.619
21.401,21.127
26.778,26.602
22.673,22.525
24.186,23.802
26.797,26.63
20.976,20.901
26.77,26.202
26.025,25.576
20.125,19.504
19.789,18.867
23.846,22.163
25.257,24.821
26.327,25.713
21.345,20.76
25.869,25.4
26.129,24.949
20.566,20.22
21.437,20.717
26.974,25.627
25.282,25.145
25.473,25.415
25.601,24.274
18.699,18.367
25.493,24.823
23.689,23.414
24.189,24.096
26.327,23.851
25.309,25.488
24.371,22.289
24.299,24.042
23.239,22.952
24.654,24.331
24.071,23.681
24.05,22.99
23.986,23.713
26.386,25.759
26.027,25.973
26.21,25.558
25.468,25.482
19.706,19.365
17.898,16.727
22.156,20.953
23.284,23.008
22.969,20.813
22.912,21.235
26.304,25.794
21.006,20.685
26.111,26.009
24.874,23.866
23.422,23.156
18.809,18.631
22.743,22.373
24.254,22.555
25.031,24.716
23.587,21.757
26.809,26.146
20.747,19.149
26.377,26.005
25.214,24.998
26.445,25.907
24.421,24.363
23.647,23.374
15.637,14.695
23.256,22.875
26.048,25.589
25.444,25.07
22.454,21.899
26.36,25.681
25.966,25.866
22.035,20.994
26.117,24.22
26.19,25.762
24.646,24.548
24.783,23.028
22.118,21.322
25.396,24.153
25.185,24.094
26.562,24.779
26.499,26.162
23.877,23.45
22.406,22.167
23.113,22.471
23.781,22.754
22.663,22.303
23.142,22.602
24.281,23.029
26.812,26.403
25.512,23.308
25.603,25.11
23.209,22.968
20.283,20.027
26.688,26.046
24.189,24.06
25.962,25.566
19.522,19.182
23.614,23.219
24.057,23.69
16.923,16.69
26.561,26.177
26.648,26.244
21.222,21.018
24.847,24.453
21.755,20.354
24.161,23.82
24.029,23.951
26.802,26.497
25.248,22.851
24.246,23.232
26.17,25.653
26.468,25.964
26.261,25.886
25.649,24.849
21.602,21.141
25.538,25.435
24.527,24.42
25.63,25.459
24.294,23.988
26.273,26.007
26.13,25.77
22.109,21.46
25.164,24.899
26.427,25.974
24.039,23.608
26.361,25.584
25.259,24.886
26.369,24.338
26.609,26.18
25.483,25.069
26.918,26.499
26.314,25.915
26.408,25.974
25.654,25.437
25.981,25.478
18.052,16.887
19.933,19.176
25.881,25.745
24.441,24.529
25.83,23.378
26.938,26.567
22.059,21.338
26.13,25.323
23.194,22.841
22.975,22.651
26.809,26.583
26.866,26.51
24.288,24.169
21.618,21.295
20.938,20.309
24.086,23.655
19.561,19.225
20.367,19.204
24.708,24.191
24.938,24.477
22.876,21.45
26.668,26.42
26.091,25.82
20.493,20.401
25.308,25.168
26.429,26.069
21.816,20.443
23.39,23.177
16.954,16.745
25.541,25.186
25.723,25.087
23.442,23.064
22.259,21.787
26.797,26.393
23.132,22.766
22.747,22.405
26.623,26.336
25.939,25.803
25.78,25.411
25.068,23.253
21.414,20.825
24.709,22.502
25.6,25.257
25.869,25.669
25.415,25.18
25.848,24.447
23.142,23.0
24.328,24.236
22.975,22.324
26.168,25.364
26.803,25.909
25.434,25.0
25.95,25.538
21.755,21.419
19.592,19.295
25.609,25.315
26.313,26.134
21.724,21.223
22.239,22.009
22.228,21.468
22.854,21.9
26.281,26.174
17.415,17.242
26.863,26.241
23.525,22.044
23.528,21.801
23.388,22.578
24.76,23.616
25.195,24.218
24.323,22.559
25.718,25.342
16.772,15.881
26.198,26.569
19.249,19.01
24.82,23.773
24.347,23.776
17.807,17.269
23.862,22.477
26.83,26.655
25.841,24.463
20.084,19.256
26.064,25.809
26.375,25.809
25.848,23.498
25.069,23.761
22.855,22.556
23.609,23.479
24.834,24.233
25.965,25.64
17.047,15.933
24.905,24.615
22.716,21.239
24.621,24.408
26.689,26.367
22.511,21.43
24.588,23.841
21.848,21.308
26.622,26.508
25.81,24.951
23.474,21.066
23.971,23.665
21.502,20.356
23.393,22.599
23.675,23.584
25.003,24.56
24.929,24.463
24.575,22.761
22.603,22.208
26.051,25.585
22.753,22.651
21.148,19.963
24.571,22.644
22.401,22.277
21.485,21.156
23.66,23.583
26.263,25.621
26.944,26.51
21.187,20.614
24.551,22.642
24.791,23.393
26.75,24.312
26.35,25.916
26.803,26.573
18.364,18.087
26.839,27.093
26.7,26.181
24.353,23.986
26.117,25.674
26.622,26.069
21.744,21.631
18.485,18.318
25.835,24.766
23.792,23.284
15.366,15.237
21.474,20.492
23.116,22.822
25.543,25.396
23.864,23.556
26.51,26.188
24.553,24.476
26.333,25.846
26.747,26.239
26.205,24.158
26.742,24.191
18.803,18.672
26.549,26.205
16.954,16.798
25.603,23.37
25.904,23.873
26.247,25.832
19.667,19.313
23.939,23.686
26.202,25.912
23.474,23.345
25.749,25.178
23.878,22.422
25.732,25.468
24.085,23.976
21.151,20.52
25.315,24.905
26.139,26.04
26.692,26.528
25.453,24.011
18.276,17.389
26.217,25.991
26.769,25.965
23.187,23.054
25.202,24.779
24.19,23.329
21.399,20.022
25.579,24.954
25.451,25.191
26.271,24.403
24.553,24.295
21.46,20.099
26.186,25.765
25.222,24.836
25.983,25.177
24.854,24.411
22.013,20.034
23.713,22.82
26.181,26.094
19.647,18.625
23.634,23.544
21.378,21.659
23.908,22.463
23.599,22.982
25.154,24.66
26.472,24.414
22.84,22.682
21.271,21.121
26.965,24.508
25.426,25.083
20.357,19.361
24.919,24.431
25.991,25.632
21.145,20.971
25.395,23.481
26.951,26.427
26.929,26.492
26.11,25.582
20.307,18.876
26.509,26.2
26.812,26.228
22.461,22.407
19.306,18.744
22.474,22.377
21.927,21.464
24.953,24.733
25.384,24.944
25.625,25.147
25.042,24.711
23.344,21.478
24.215,23.124
23.547,22.951
26.467,25.959
26.58,26.286
22.748,22.583
20.372,20.219
25.348,25.082
23.837,23.534
26.952,26.237
25.244,22.851
26.656,25.667
25.33,25.251
21.773,20.684
22.785,22.55
25.154,24.715
24.776,24.447
25.777,25.353
25.055,23.216
26.235,26.221
23.344,22.928
25.125,24.944
26.815,26.243
25.878,25.276
25.281,25.016
26.336,25.779
23.916,23.756
25.929,25.37
25.696,25.254
25.943,25.579
26.737,26.228
26.013,25.469
17.735,17.614
25.793,25.329
24.766,24.7
26.188,25.717
20.606,20.417
24.187,23.492
19.639,19.534
22.499,22.444
17.784,17.414
26.83,26.437
25.258,25.005
23.966,23.577
20.441,19.192
24.656,24.571
24.499,24.093
25.565,22.952
26.579,26.214
26.56,26.295
25.173,24.344
23.09,22.61
24.074,22.36
23.737,21.967
22.839,22.449
20.708,20.642
25.249,24.573
23.522,22.508
26.761,26.281
26.69,26.511
19.554,19.28
26.779,26.451
25.993,25.399
26.776,26.214
21.194,19.704
24.625,24.04
24.263,23.878
22.848,21.848
26.452,24.991
23.049,22.957
22.536,21.383
24.553,24.246
22.877,22.754
22.183,21.992
24.837,22.687
26.799,26.666
25.01,24.481
21.88,20.94
26.895,26.443
25.272,24.803
26.544,26.13
23.04,22.744
26.991,26.409
23.544,23.302
20.111,20.019
18.14,17.467
25.523,25.251
26.931,26.39
26.806,26.346
26.022,23.653
16.328,15.704
26.951,26.505
24.789,22.744
26.704,26.403
25.712,23.955
22.305,21.901
17.817,16.945
22.174,22.059
20.721,19.673
17.441,17.27
24.606,24.048
25.986,25.778
24.156,21.966
22.556,22.453
24.764,23.097
22.884,22.504
24.799,24.122
25.707,24.106
24.818,23.655
24.076,22.563
21.761,20.366
22.208,21.447
26.257,25.959
22.243,20.507
25.257,25.155
26.031,23.459
21.683,21.376
25.57,25.464
26.928,24.369
24.015,23.852
25.843,25.225
26.77,26.483
26.543,26.018
26.853,26.338
20.18,20.068
22.235,22.084
15.195,14.752
25.397,24.975
25.193,24.941
23.941,22.596
24.781,22.867
24.252,22.722
26.686,24.218
25.87,25.567
19.878,19.158
23.889,22.983
24.415,24.263
25.666,25.498
23.362,21.794
24.822,24.605
26.389,25.899
24.245,24.107
25.21,25.091
26.578,26.1
24.981,24.408
22.85,22.56
26.96,26.67
26.303,26.014
26.497,26.289
24.972,24.642
20.399,19.625
26.262,26.008
23.572,23.338
26.084,25.421
23.74,22.207
26.139,24.363
23.012,22.864
21.653,21.138
20.517,19.019
25.174,22.997
21.164,21.091
26.613,26.145
10.521,10.298
26.131,25.633
25.101,24.472
25.273,24.225
26.637,26.025
23.455,22.591
26.364,26.011
22.598,20.892
26.127,25.809
22.174,21.402
19.516,19.222
24.951,24.593
26.84,26.282
24.823,24.742
24.18,23.949
23.257,21.811
19.865,18.563
14.861,14.763
22.046,21.874
21.599,21.514
24.423,24.196
26.641,24.725
24.046,23.375
26.382,25.969
25.586,25.163
26.254,25.566
25.239,24.576
21.767,21.626
24.129,23.738
20.641,20.398
25.83,25.506
24.659,24.255
26.938,26.325
25.295,25.203
24.05,23.569
23.812,21.814
25.598,25.189
23.834,23.475
24.02,23.623
24.168,23.684
22.17,20.73
22.235,20.661
25.492,24.983
20.752,20.653
22.039,20.877
25.433,24.965
26.903,26.365
22.275,21.329
24.731,24.526
26.272,25.96
26.138,26.004
24.508,24.335
26.958,26.318
24.604,24.219
25.82,25.106
25.307,24.824
22.302,21.956
24.256,23.901
25.639,25.202
24.87,24.747
26.399,26.211
24.681,24.433
26.921,26.497
22.003,21.867
25.662,25.124
23.428,22.569
24.084,23.02
25.565,25.162
26.211,25.836
24.863,24.726
19.852,19.639
26.19,24.22
22.802,21.054
26.736,26.38
23.422,23.325
24.094,23.804
25.669,23.116
26.661,24.727
24.4,24.254
21.324,21.001
25.13,24.858
25.204,24.966
21.983,21.919
26.111,25.681
23.094,21.825
26.297,25.894
25.054,24.955
23.738,22.675
22.967,21.078
22.726,22.298
17.044,16.901
17.58,17.516
22.534,22.324
22.895,22.234
22.723,21.352
24.12,23.642
23.538,22.678
21.471,21.168
25.673,24.843
24.518,24.454
26.82,26.476
26.803,25.981
26.628,26.322
22.305,21.286
26.474,26.219
21.756,20.777
20.013,19.834
23.473,22.193
25.704,25.104
26.616,26.058
21.163,21.048
15.101,14.966
25.639,25.538
18.626,17.814
25.206,24.479
22.592,22.292
23.393,23.326
24.69,24.609
26.886,26.435
25.031,24.547
26.733,26.243
25.965,25.511
26.935,26.432
25.544,24.954
23.636,23.222
21.601,21.365
24.471,24.187
25.799,25.403
25.91,25.255
22.215,20.967
23.08,22.965
21.017,20.317
26.791,26.573
24.672,23.631
24.819,24.399
24.537,22.908
24.198,23.977
21.734,21.583
22.768,22.262
26.246,23.727
21.232,21.16
8.1,7.852
24.533,24.24
23.004,21.264
23.795,23.326
15.541,15.455
24.068,22.428
26.574,26.07
25.312,25.04
25.475,25.06
24.209,22.84
26.467,25.999
25.456,25.035
21.405,20.722
23.431,22.85
21.257,21.171
22.592,21.216
24.618,24.262
26.749,26.238
26.014,25.047
25.877,23.636
25.208,24.954
19.608,19.001
24.54,24.157
26.725,26.293
21.68,20.628
26.858,26.264
25.809,25.737
24.091,23.999
26.668,26.144
20.81,20.612
26.274,25.581
26.369,24.852
26.889,26.325
21.996,20.857
24.936,23.687
26.482,24.513
25.371,25.127
25.924,25.504
24.123,23.584
25.565,25.11
26.902,25.286
26.395,26.154
23.733,23.299
26.826,26.205
26.064,23.536
26.836,26.547
20.373,19.927
25.104,25.03
21.955,21.691
24.707,23.424
23.943,21.766
25.297,24.774
25.223,24.629
24.162,21.903
25.286,24.947
25.148,24.135
19.641,19.53
16.242,15.983
26.961,26.7
21.127,21.066
23.288,22.976
22.416,21.403
26.864,26.517
26.912,26.393
22.193,22.117
26.736,26.602
20.749,19.893
18.833,18.52
26.576,26.183
14.557,14.465
24.862,24.316
25.677,25.194
26.909,26.0
26.989,26.343
26.742,26.269
24.609,24.136
23.882,23.695
23.346,22.931
24.264,23.737
24.659,23.568
26.818,26.652
25.821,25.425
23.618,22.414
26.171,23.612
21.824,21.717
21.698,21.345
21.611,21.35
20.608,19.859
24.589,24.027
23.82,23.569
24.805,23.785
16.11,15.899
20.035,19.785
25.422,23.554
25.384,25.089
25.744,25.484
24.111,23.516
23.565,22.189
25.968,25.832
24.634,24.31
23.768,23.493
25.054,24.07
22.519,21.105
25.145,24.799
22.67,22.492
26.836,26.312
19.768,18.426
22.386,22.001
19.696,18.331
22.791,22.197
26.995,26.722
23.497,23.268
23.295,23.215
25.913,25.411
19.16,18.013
26.286,25.669
22.684,21.565
25.374,24.738
25.22,24.929
26.291,26.047
24.773,23.804
24.553,24.412
16.859,16.674
25.004,24.853
22.709,22.574
20.046,19.912
26.817,26.376
25.984,25.584
21.186,20.656
26.061,25.705
25.299,24.752
13.206,13.02
15.233,15.083
24.495,24.295
23.985,22.695
26.425,25.686
24.207,24.108
24.375,23.939
24.515,24.233
23.629,22.547
15.58,15.389
23.547,23.349
24.156,23.947
19.825,19.399
26.535,25.967
26.892,26.642
23.632,23.205
26.093,25.675
26.357,25.152
26.765,26.398
25.192,24.828
23.191,21.055
25.087,24.218
18.428,18.283
24.613,24.04
23.333,22.935
22.201,21.498
25.838,23.911
26.999,26.459
24.355,23.093
25.046,23.79
26.563,26.309
26.64,26.432
25.467,25.142
25.794,24.323
21.559,21.139
25.049,24.318
24.545,24.179
25.395,24.978
25.302,25.065
23.662,22.315
26.078,24.3
21.944,21.791
20.318,20.19
24.612,24.463
22.389,21.763
26.096,25.923
26.067,25.955
25.185,25.077
26.049,25.857
25.655,25.491
25.611,25.258
25.22,24.792
15.376,15.025
20.776,20.067
19.18,19.1
24.687,24.413
22.651,21.1
26.593,26.196
19.369,19.269
25.297,24.615
23.89,23.346
25.553,25.296
25.37,24.757
25.066,24.46
25.961,25.778
24.409,24.083
16.713,16.412
22.548,22.028
25.289,24.782
26.557,26.031
26.389,24.973
17.714,17.387
25.814,25.219
23.296,22.95
23.876,23.649
17.93,17.752
24.515,24.14
19.21,19.146
20.741,20.474
26.711,26.242
22.036,21.658
22.527,21.3
24.524,24.285
26.808,26.303
21.276,21.159
25.705,25.401
26.181,25.641
26.479,26.069
23.436,23.184
26.493,26.019
22.67,22.373
25.163,24.819
22.287,22.109
22.452,21.159
26.599,26.297
19.866,19.689
26.345,25.78
25.506,24.97
22.169,21.318
26.849,26.494
14.785,14.7
19.497,18.903
26.345,26.126
25.518,24.894
25.102,24.873
26.627,26.148
23.088,22.727
25.582,25.164
25.835,25.693
22.552,21.478
26.0,25.849
26.735,26.309
22.449,21.096
25.184,25.056
18.78,18.544
24.385,22.924
26.823,26.405
25.302,23.956
23.849,23.476
16.882,16.576
21.755,20.706
26.2,25.884
23.431,23.292
25.692,25.396
20.55,20.419
24.413,23.944
22.76,20.97
26.873,26.487
26.84,26.014
21.844,20.16
26.419,24.134
26.391,25.875
22.91,22.548
24.702,24.515
22.828,22.747
22.063,21.431
26.091,25.584
17.246,17.167
22.657,22.393
26.96,26.616
26.723,26.39
21.65,21.356
24.088,23.561
23.614,23.385
26.286,24.589
25.936,25.158
25.505,25.18
19.533,19.217
24.843,24.388
23.481,23.232
24.309,23.923
22.806,22.694
26.616,26.426
14.471,14.396
20.157,18.872
23.831,23.349
25.747,25.465
21.544,20.588
23.048,22.552
22.747,22.669
26.904,26.699
20.633,18.836
23.885,21.65
24.393,24.319
25.605,24.445
26.666,26.191
21.332,20.244
24.461,23.942
25.779,25.613
25.744,24.68
22.679,21.749
20.599,20.353
26.521,25.8
24.078,23.838
26.225,25.731
26.074,25.695
19.067,18.956
26.942,26.759
24.884,24.458
26.223,25.901
26.464,26.2
25.242,24.779
23.193,22.962
18.69,18.625
26.319,25.631
22.667,22.577
21.824,20.849
25.325,25.229
25.446,25.104
24.796,23.741
26.01,25.396
24.574,24.151
25.405,25.111
25.632,24.508
23.245,22.873
25.114,24.576
24.433,23.631
23.95,23.059
22.832,22.674
24.486,23.486
20.135,19.918
26.272,24.525
21.354,20.824
25.514,25.245
24.499,24.213
18.362,17.394
26.551,26.112
22.772,22.655
26.839,26.015
26.173,25.576
14.843,14.755
26.342,25.757
26.978,24.405
22.441,21.94
26.96,26.538
23.228,22.787
24.545,22.989
24.001,23.939
24.122,22.686
22.867,22.521
15.635,15.471
26.067,25.522
24.438,23.34
26.245,25.561
25.791,25.681
22.683,22.424
24.498,24.241
23.173,22.547
21.482,20.323
24.079,22.445
25.204,23.151
23.564,23.447
25.029,24.855
17.241,16.995
17.39,17.301
23.241,22.712
23.688,22.727
21.47,20.371
25.329,25.039
26.204,25.755
22.38,21.936
22.895,21.897
23.913,23.224
25.663,25.587
21.821,21.421
26.942,26.492
15.594,15.492
23.273,22.278
25.401,24.587
25.214,24.948
17.516,17.217
25.098,24.802
25.417,23.474
23.591,23.207
26.387,26.113
26.827,26.391
26.972,26.531
20.011,19.806
24.478,24.382
26.01,25.469
22.537,22.403
11.046,10.755
25.295,24.598
26.468,25.75
24.409,22.981
23.363,22.945
26.713,26.391
26.101,25.479
21.263,21.174
20.95,21.064
26.117,25.606
25.111,24.478
16.622,16.401
22.111,21.629
25.608,23.77
26.844,26.609
22.07,21.558
24.517,24.074
21.826,21.307
26.634,26.395
25.584,25.096
24.781,24.331
24.077,23.793
22.5,20.612
24.031,22.619
11.82,11.731
25.527,24.526
23.785,22.987
25.081,24.642
21.181,20.658
19.644,18.291
25.17,24.721
25.4,25.167
25.819,25.399
26.234,25.9
24.497,24.039
23.705,23.259
25.906,25.821
23.599,23.182
21.528,21.276
26.804,26.445
24.936,24.523
26.774,26.366
25.858,25.59
22.765,22.694
24.222,23.199
21.918,21.661
26.832,26.605
25.858,23.627
26.907,26.493
17.868,17.674
24.284,23.798
21.115,21.044
26.169,24.31
24.521,23.369
26.025,25.807
26.02,25.813
25.713,25.578
26.077,25.92
14.765,14.622
24.117,23.926
17.486,17.201
26.282,25.626
26.37,25.886
21.073,20.252
21.774,20.897
25.547,24.975
22.793,21.8
26.444,25.789
21.377,20.957
26.496,24.13
23.656,23.448
23.375,23.01
23.798,22.633
21.798,21.478
22.624,22.509
22.705,22.579
22.705,21.687
26.806,25.939
19.244,19.028
26.549,26.097
26.253,25.897
23.749,23.121
26.936,26.556
23.835,22.503
23.424,23.22
24.887,24.457
23.108,22.317
26.916,26.297
25.472,24.497
26.562,26.13
23.906,23.803
24.015,23.714
15.401,15.139
23.497,22.284
24.665,24.32
22.305,20.57
24.061,22.67
20.183,19.393
23.542,22.936
22.651,21.831
23.819,23.552
26.147,25.639
24.635,24.02
18.859,17.9
20.836,19.504
22.737,21.197
26.568,26.229
22.525,22.245
25.605,24.123
21.231,21.142
26.609,25.96
24.785,24.647
24.082,23.957
26.869,26.532
24.385,23.941
26.224,25.733
26.134,25.553
26.457,26.342
25.458,24.993
26.079,25.696
24.963,24.531
25.679,25.261
23.9,22.243
23.262,22.998
24.855,24.288
26.802,26.451
25.345,22.752
25.575,25.48
18.74,17.964
26.385,26.027
21.644,21.041
25.31,25.144
26.477,25.996
26.015,24.268
24.08,23.012
25.409,24.914
25.689,25.572
25.275,25.186
20.104,19.161
26.097,25.636
26.44,25.943
25.476,25.389
26.925,26.548
23.98,23.555
13.617,13.541
25.908,25.806
24.512,24.431
21.922,21.314
26.883,26.384
20.686,20.088
26.28,26.037
23.443,23.365
26.188,25.635
26.884,26.67
24.859,24.759
25.847,25.616
22.719,20.507
26.926,26.285
26.82,25.682
22.185,21.302
25.56,25.023
23.504,23.385
25.184,24.899
25.512,24.955
15.638,15.387
23.574,23.072
26.056,24.254
26.317,24.214
26.732,26.103
25.677,25.261
14.83,14.325
23.419,23.055
25.328,24.987
24.602,24.295
26.914,26.496
25.235,25.017
24.665,24.221
25.945,25.447
26.844,26.33
25.68,25.328
21.645,21.299
23.934,23.103
22.28,20.13
22.979,22.223
26.235,25.526
23.978,23.891
26.664,25.988
21.689,21.551
26.241,25.773
24.809,24.369
26.733,24.987
23.642,23.482
25.647,25.091
26.294,26.131
26.808,26.081
23.292,23.22
17.416,17.21
23.8,22.078
20.495,20.435
21.761,20.237
26.845,26.415
26.37,26.045
26.508,26.053
26.577,26.431
25.087,24.49
23.01,22.868
26.232,26.1
26.123,25.771
24.75,24.512
24.317,23.902
26.044,25.529
25.151,24.631
26.92,26.392
19.266,19.181
24.052,23.629
23.614,23.532
24.05,23.567
23.68,23.224
23.235,22.949
23.434,23.036
24.201,23.579
25.996,25.754
26.464,26.26
24.913,24.261
24.946,24.337
25.635,25.391
26.376,25.863
22.8,22.576
26.11,25.214
26.999,26.727
20.571,19.966
14.188,14.044
26.055,23.637
21.797,20.649
24.315,21.912
26.233,25.734
18.681,16.885
25.432,25.082
24.074,23.752
26.056,25.619
23.266,22.333
26.772,24.957
25.131,23.668
24.961,24.677
24.478,24.162
26.664,26.129
25.211,25.02
23.261,23.104
25.893,25.193
21.22,20.013
16.648,16.552
26.204,26.043
25.948,25.557
15.196,14.62
26.827,26.601
17.02,16.788
19.7,19.289
25.73,25.597
24.752,23.853
25.563,24.552
25.888,25.477
25.187,24.971
23.657,22.872
25.784,25.468
23.789,23.376
26.594,26.29
17.85,17.632
25.589,25.128
22.591,22.501
25.789,24.49
26.605,25.977
22.668,22.402
23.083,22.785
25.856,23.528
23.236,22.782
25.663,25.412
22.683,21.994
22.655,22.125
26.664,26.338
21.025,20.36
24.719,24.119
24.235,24.005
21.078,21.013
24.012,22.326
21.378,20.343
23.987,23.597
16.461,16.359
25.088,24.659
25.021,23.134
26.9,26.703
24.356,22.255
23.721,22.991
23.68,23.381
25.99,24.753
26.926,26.343
25.566,25.209
26.807,26.043
21.748,20.112
26.147,25.852
25.915,25.813
26.897,26.439
25.074,24.707
24.088,23.638
22.863,22.352
26.528,26.177
25.027,24.325
20.492,20.341
25.886,25.379
21.501,21.304
22.435,22.291
26.993,26.665
23.261,23.092
26.933,25.449
23.654,23.592
21.332,20.216
23.548,23.462
23.139,22.763
25.269,25.078
26.136,25.766
23.853,22.87
18.986,18.238
24.394,24.068
15.71,15.54
23.909,23.724
25.064,24.55
25.173,24.736
26.307,25.782
22.421,20.985
23.0,22.493
26.571,26.146
24.311,24.091
25.457,25.252
22.712,22.517
23.154,23.058
26.605,26.137
26.052,25.376
23.399,22.952
16.025,15.871
25.544,25.404
22.198,22.118
23.509,22.305
26.305,25.887
26.077,25.672
26.637,25.928
25.064,24.731
26.299,25.844
24.062,23.791
25.564,25.413
25.859,23.929
25.992,25.434
16.165,15.929
20.9,20.25
25.787,25.369
21.849,20.459
22.501,21.227
25.163,25.099
21.59,20.654
26.199,25.722
21.532,21.41
25.225,24.72
25.652,25.402
25.325,23.377
24.577,24.373
26.456,26.024
22.043,21.926
22.338,22.129
25.909,25.525
25.404,23.49
26.353,25.639
26.198,25.666
26.719,26.44
26.357,25.911
25.533,23.791
24.752,22.236
23.48,23.21
26.36,25.743
25.576,25.149
20.874,20.259
19.495,18.868
26.611,26.224
26.239,25.804
13.352,13.143
25.11,24.925
26.068,25.791
24.169,24.108
24.877,24.815
20.641,20.485
20.982,20.845
25.607,25.069
26.936,26.684
24.998,24.839
25.126,24.803
26.037,25.892
25.802,25.618
23.097,22.873
25.531,25.416
14.998,14.886
26.029,25.584
26.006,25.773
24.306,23.62
25.61,25.822
26.171,24.687
23.24,23.047
26.05,25.844
24.848,24.429
20.312,20.181
25.095,24.65
20.614,19.585
26.526,25.727
26.971,26.492
24.341,23.491
15.772,15.461
24.251,24.175
24.702,23.591
15.643,15.44
26.114,25.872
26.509,24.441
24.234,24.073
25.037,24.685
23.342,23.166
23.653,23.377
24.602,24.4
23.79,23.25
21.533,20.783
25.959,25.004
25.307,24.807
15.217,15.106
14.544,14.194
21.173,20.765
25.663,25.395
24.142,23.675
25.692,25.169
26.528,25.888
24.748,24.376
24.927,24.654
22.725,22.542
25.293,24.75
25.315,24.613
24.917,24.298
22.531,22.073
22.55,22.409
21.435,19.215
25.808,25.215
25.65,25.307
24.447,21.889
23.782,23.223
23.882,23.473
24.787,24.506
26.281,26.0
20.815,19.703
24.977,23.161
12.6,12.534
24.777,24.562
24.949,24.518
26.248,24.389
23.788,22.473
23.527,23.386
19.975,18.688
26.834,26.297
26.773,25.416
26.793,26.592
23.192,23.03
25.463,24.815
25.192,25.116
26.907,25.033
24.362,24.142
26.595,26.138
24.484,24.295
26.718,24.091
23.78,23.84
25.755,25.411
20.07,20.013
24.823,24.419
23.24,21.518
23.286,22.361
23.47,23.065
26.528,26.117
21.146,20.906
24.147,23.044
22.524,20.356
23.493,23.073
23.913,21.822
26.612,26.148
26.451,25.648
19.934,19.569
16.325,15.12
23.765,23.661
23.569,23.231
25.512,23.109
22.176,21.981
24.588,24.297
20.898,20.187
26.064,25.369
24.614,24.12
24.02,23.638
24.972,24.697
24.37,23.713
20.102,19.855
25.798,25.41
26.989,26.584
24.956,23.378
25.712,25.268
25.71,23.858
23.916,23.727
25.936,25.712
25.677,25.27
24.794,24.323
25.623,25.35
24.3,23.795
26.679,26.14
26.001,25.583
26.623,26.174
21.125,20.755
18.857,18.783
24.239,23.651
25.391,22.761
24.446,23.839
22.42,22.113
24.251,23.981
24.299,24.058
20.307,19.472
25.76,24.453
25.76,25.488
18.721,18.405
26.637,26.031
25.113,24.88
26.552,26.143
26.655,26.046
23.36,21.865
24.959,24.523
24.512,23.631
22.875,22.769
26.424,26.189
22.668,22.346
24.649,23.14
22.48,22.056
26.215,25.875
24.01,23.645
23.003,22.187
24.628,23.599
22.61,22.502
26.829,26.468
24.381,24.18
21.924,20.789
20.83,19.373
25.218,24.829
19.823,19.765
26.253,26.006
20.27,19.625
25.048,23.421
26.073,25.626
26.949,26.545
26.662,26.39
24.233,23.881
25.432,24.929
25.369,23.034
21.201,20.88
25.228,25.143
26.35,26.082
24.58,24.171
25.0,23.13
25.524,25.011
26.136,25.866
25.962,25.594
22.784,22.251
21.391,21.314
22.185,20.288
25.863,25.752
18.74,18.483
26.94,26.38
20.879,19.903
22.915,22.824
10.082,10.032
25.413,24.285
26.937,26.329
23.339,23.08
26.653,26.198
25.744,25.266
19.995,18.391
26.792,26.318
26.88,26.3
22.945,21.563
25.676,24.972
25.209,24.484
23.39,22.653
24.397,24.017
26.758,26.256
22.88,21.452
24.323,24.094
25.749,25.249
23.486,21.785
26.005,25.714
24.478,23.939
24.942,24.469
21.218,21.001
24.214,24.066
21.308,20.653
16.609,16.515
26.951,26.475
25.023,24.669
16.504,16.377
24.149,23.766
24.146,22.127
25.242,25.121
20.223,20.146
20.335,19.558
24.826,24.45
26.954,26.376
24.648,23.281
25.769,24.813
26.174,24.339
26.789,26.551
25.211,24.691
23.98,23.0
24.532,22.275
25.596,25.14
25.171,24.796
25.921,25.429
20.105,19.045
25.523,25.278
23.198,22.18
15.0,14.825
24.458,24.118
21.511,21.427
21.345,19.553
25.108,23.423
24.976,24.581
23.126,22.6
21.139,20.448
21.975,21.621
26.244,25.818
24.772,22.305
25.153,24.882
25.167,24.757
25.701,25.132
23.85,22.397
24.288,24.176
25.371,24.695
26.816,26.163
26.568,26.343
25.58,25.006
23.121,22.178
24.608,24.17
26.157,25.842
26.882,26.477
25.671,25.22
26.417,26.045
25.622,25.002
22.842,22.625
25.903,25.805
24.578,22.461
23.023,22.924
26.153,25.769
24.925,23.309
26.731,25.927
22.907,21.527
19.759,19.482
21.188,21.05
23.798,22.089
26.286,25.775
22.069,21.143
23.948,23.379
22.669,21.41
22.67,20.901
24.809,23.739
26.257,25.935
24.232,22.478
23.713,23.508
25.327,25.104
24.231,22.55
21.918,20.931
21.135,20.499
25.03,24.903
25.221,24.88
17.576,17.083
26.962,26.352
26.8,26.312
21.648,21.583
25.155,25.013
21.383,20.44
25.302,24.772
26.523,25.137
21.602,20.455
24.458,23.993
21.708,21.545
23.131,23.025
23.045,22.519
25.767,25.234
20.584,19.594
26.826,26.604
26.202,25.803
26.49,26.303
20.097,19.715
22.724,22.122
24.654,24.121
24.366,24.082
22.263,21.726
25.833,26.008
21.617,21.437
21.073,20.807
25.098,24.734
16.442,16.133
26.311,25.586
24.714,24.394
25.126,24.909
23.913,23.537
25.589,25.456
23.035,22.598
25.937,23.59
21.153,20.777
23.171,23.09
24.146,22.387
25.111,24.786
25.885,25.238
25.822,25.397
18.105,17.529
25.397,24.959
26.124,25.699
26.134,25.237
24.401,24.001
25.535,25.321
26.298,25.951
26.25,25.968
22.243,22.152
20.501,20.061
25.348,25.194
26.648,24.152
26.697,25.471
24.826,24.457
22.046,21.979
24.315,23.89
24.412,23.769
22.125,21.607
26.958,25.175
25.824,25.568
25.005,23.165
25.465,25.092
26.012,25.607
25.008,24.132
22.222,20.763
24.424,23.833
22.501,22.109
24.695,24.454
22.059,21.038
24.24,23.909
21.98,20.957
25.607,25.2
25.098,24.655
19.549,19.374
23.865,23.442
23.891,23.652
24.221,23.808
26.284,23.769
24.169,22.391
24.221,23.717
24.45,23.317
26.834,26.691
25.538,25.017
26.811,26.374
25.501,25.107
26.57,26.323
25.406,24.935
15.072,14.855
23.922,23.715
25.862,25.583
13.267,13.227
16.524,16.321
25.15,23.019
21.886,20.693
19.233,17.993
25.833,25.429
22.672,22.523
22.68,22.616
26.878,25.639
25.984,25.398
25.224,24.798
23.631,23.505
26.18,25.76
22.085,21.847
23.546,23.228
24.508,23.308
25.308,23.715
25.536,25.232
25.628,25.155
20.788,20.52
23.067,22.608
22.694,22.611
25.456,24.942
25.375,25.0
25.321,24.746
24.964,24.559
24.376,23.766
26.614,25.776
26.556,26.117
25.063,24.471
22.715,22.217
23.389,21.824
24.198,22.941
26.892,26.294
13.692,13.625
24.834,24.691
22.976,20.887
25.94,23.27
25.43,23.536
24.516,24.085
26.908,26.306
26.284,25.992
24.933,24.353
24.726,24.312
25.623,25.419
25.397,24.929
21.603,21.528
22.602,21.212
24.956,24.831
26.276,25.719
25.249,24.701
14.703,14.581
22.44,22.304
26.559,26.045
26.273,25.652
25.871,25.318
26.422,24.345
22.183,22.051
24.382,23.408
24.528,22.989
19.785,18.612
26.457,26.094
25.877,24.451
20.399,18.881
26.429,26.21
23.42,22.824
21.534,21.228
23.858,22.7
26.818,26.244
25.353,24.76
25.853,25.494
23.829,21.991
25.435,24.804
20.489,18.651
25.744,23.851
19.545,18.681
26.027,25.41
26.745,26.249
26.666,26.358
25.98,24.954
24.405,24.208
21.602,20.767
24.282,23.93
25.457,25.122
26.637,26.069
12.26,12.174
24.828,24.717
25.804,25.278
26.522,26.387
22.289,21.652
17.603,17.471
23.893,23.394
23.484,23.338
26.633,26.327
26.682,26.193
25.935,25.428
26.343,25.83
26.799,26.586
24.593,23.674
24.605,23.781
26.49,25.646
24.597,22.515
26.591,26.109
23.376,22.869
26.208,25.914
25.176,24.285
24.944,24.512
22.558,21.243
25.761,25.586
25.791,25.389
24.403,24.178
25.988,25.515
25.322,24.737
24.644,24.242
26.746,24.372
26.425,26.036
26.729,26.333
24.047,23.571
26.082,25.471
23.388,22.83
25.799,25.43
24.628,24.155
25.08,24.97
25.97,25.498
24.98,24.399
21.528,19.845
21.477,21.408
26.514,25.876
25.724,25.283
26.664,26.553
22.507,21.719
26.701,26.314
20.707,19.118
26.312,25.835
26.275,25.543
22.92,22.225
25.642,25.185
24.209,24.12
25.766,25.323
25.092,24.909
22.964,22.451
23.907,22.67
22.273,22.14
22.96,22.434
22.155,22.068
25.883,25.248
26.697,26.123
20.193,19.667
26.296,25.977
24.798,24.07
26.544,26.071
17.751,17.459
20.158,19.664
25.235,25.04
24.806,24.732
26.574,26.08
26.87,26.672
21.311,20.323
26.052,25.614
24.897,24.431
22.124,22.036
15.839,15.294
23.708,22.086
23.411,23.15
22.213,21.365
26.796,26.337
25.853,25.497
26.052,25.655
26.835,26.575
22.897,22.483
25.605,25.52
26.896,25.635
19.179,18.423
24.814,22.221
24.887,24.204
26.306,25.691
26.35,24.48
26.349,25.862
24.602,24.507
26.081,25.135
24.859,23.679
24.756,22.577
24.79,24.436
24.985,23.564
25.21,24.769
24.16,22.605
25.426,23.756
22.111,21.769
25.005,24.516
25.886,25.326
24.116,23.221
25.952,25.226
23.964,23.363
22.7,22.631
24.814,24.695
24.537,22.901
25.538,25.394
22.861,22.606
24.93,24.842
22.162,21.41
25.529,23.461
22.442,21.753
21.153,20.907
20.035,19.92
26.554,26.14
26.273,25.79
21.971,21.082
25.528,23.795
24.439,24.154
26.008,25.632
26.403,26.056
26.364,25.521
26.794,26.376
25.234,24.786
26.903,26.351
24.539,23.34
25.378,23.478
22.273,21.889
25.798,24.705
23.861,23.521
25.992,25.643
25.779,25.325
20.854,20.73
25.225,25.07
24.558,23.699
25.622,25.142
23.696,23.628
24.379,24.084
22.513,20.445
22.877,21.224
25.998,25.759
26.418,25.887
26.796,26.225
24.534,24.465
20.676,20.365
25.998,25.497
23.251,23.093
25.668,25.331
24.793,23.606
26.839,26.413
26.341,26.054
16.728,16.504
25.379,23.2
20.88,19.312
26.76,26.135
25.252,24.757
23.212,22.814
21.78,21.522
26.118,25.805
20.827,19.754
22.908,21.149
26.828,26.212
22.465,20.907
25.982,25.544
23.664,23.234
25.982,25.595
25.997,25.711
25.353,25.219
26.37,25.937
23.171,22.926
25.691,25.367
25.128,24.768
25.989,25.171
26.016,25.585
23.493,23.392
26.527,26.138
26.598,26.477
24.469,22.919
22.986,22.565
26.954,25.838
26.099,25.676
24.282,23.807
26.253,25.81
21.265,20.332
18.796,18.615
25.896,25.441
22.735,22.446
26.329,25.929
26.066,24.682
23.014,22.546
23.395,23.047
16.163,16.087
24.439,22.064
23.122,22.689
26.722,26.314
23.079,22.926
25.752,24.449
25.637,25.016
20.539,20.281
24.56,22.685
23.21,23.011
23.162,23.036
26.668,26.243
24.858,24.796
24.472,24.072
25.966,25.633
23.654,22.646
19.353,18.414
22.652,21.917
25.757,25.075
10.259,10.227
26.228,26.107
22.491,21.558
22.614,20.236
21.887,21.717
25.979,25.337
26.213,25.796
23.116,22.575
26.98,26.594
24.889,23.76
25.496,25.092
22.101,21.783
26.263,25.698
23.654,23.403
24.766,24.323
19.938,19.037
23.326,22.836
19.979,19.032
22.769,22.004
24.1,22.145
25.481,25.233
26.608,25.902
26.585,25.119
26.89,26.655
26.588,26.292
26.944,26.736
25.735,25.125
25.527,24.292
21.529,21.144
22.476,21.314
23.177,22.927
23.051,22.378
21.191,20.947
25.237,24.812
26.992,25.468
25.285,23.612
20.538,19.702
26.392,26.06
25.194,24.727
23.751,23.653
23.46,21.458
26.922,26.443
25.649,25.256
26.131,25.853
24.321,24.114
22.657,22.438
26.696,26.313
26.424,26.058
25.147,24.819
25.809,25.534
22.009,21.809
25.903,25.76
21.876,21.033
21.477,19.947
20.941,20.804
26.877,26.379
16.098,15.885
22.69,22.007
25.917,24.619
24.188,24.028
26.625,26.058
25.43,24.985
25.977,25.505
21.813,21.606
26.57,26.16
24.673,22.337
22.892,21.519
23.648,23.109
26.546,26.354
19.792,19.164
25.918,25.84
25.673,24.958
26.048,24.805
24.926,24.559
23.399,22.109
24.893,24.564
25.329,25.12
25.252,24.869
26.816,26.58
26.657,26.171
24.367,23.978
25.012,24.701
23.113,22.837
26.02,24.352
24.222,24.148
23.23,22.688
23.933,22.495
22.864,21.408
26.618,26.375
26.03,25.864
26.024,25.521
23.682,23.279
21.568,21.188
25.828,25.48
25.438,24.938
25.671,25.597
23.436,22.812
26.358,26.164
21.671,20.508
26.139,23.512
26.319,26.189
21.54,20.583
26.385,24.268
26.549,26.224
26.442,26.03
26.734,26.326
26.784,26.511
25.33,25.266
20.234,20.136
23.685,23.351
26.42,26.088
24.175,23.787
19.421,18.969
26.997,26.547
25.488,24.789
26.879,26.406
24.029,23.172
25.652,25.266
25.708,23.661
23.036,22.916
25.582,25.359
20.239,20.102
24.823,24.441
25.693,25.549
24.226,24.066
25.376,25.174
26.345,26.157
25.593,24.951
24.751,24.082
26.684,26.217
24.122,23.956
21.88,21.227
18.2,17.944
26.997,26.522
24.765,24.536
26.814,26.309
26.506,26.002
18.684,18.431
25.703,23.132
19.139,18.344
26.24,26.06
26.887,26.464
24.739,24.178
25.141,24.586
23.911,23.346
25.254,24.994
26.415,25.837
22.149,21.475
26.686,25.994
23.512,23.321
25.134,24.652
17.605,17.277
24.627,22.764
25.686,25.228
25.823,25.318
26.488,25.938
23.869,22.201
23.684,22.517
26.893,24.779
26.603,26.221
26.424,26.107
25.429,24.253
19.458,17.886
26.477,26.02
26.301,26.089
26.313,25.727
25.979,25.648
24.787,24.335
23.49,23.166
24.64,23.413
24.979,22.45
25.457,23.12
20.333,19.672
20.455,20.372
21.58,21.409
26.442,25.108
26.095,25.586
24.278,23.793
25.574,25.358
22.686,21.78
21.272,20.759
26.132,23.53
25.192,24.765
21.844,20.425
26.77,26.314
25.954,25.682
26.174,25.912
20.728,20.408
24.342,24.065
24.203,23.763
26.12,25.899
23.94,22.767
24.762,24.23
23.614,22.737
25.975,25.534
24.635,24.134
21.763,20.475
26.904,26.54
21.966,21.127
16.374,16.079
23.544,23.418
22.01,19.947
24.257,24.101
26.667,26.283
22.914,22.208
22.03,21.331
23.668,23.584
25.532,24.867
25.103,24.887
26.638,26.492
26.569,25.87
20.111,19.003
23.006,22.511
20.62,20.359
24.97,24.88
23.387,22.862
25.173,24.757
24.276,23.785
26.02,25.574
26.304,26.194
26.888,26.401
23.948,23.397
26.001,25.537
26.567,26.108
25.172,22.667
22.505,21.509
22.802,21.549
19.672,19.443
25.094,24.624
26.989,26.532
21.016,20.763
21.892,19.84
22.486,22.219
25.579,25.205
26.311,26.018
22.238,21.805
23.593,23.439
19.282,19.096
26.111,25.768
25.065,23.736
24.755,24.078
24.832,22.451
14.836,14.726
22.43,22.346
25.41,25.028
22.007,21.657
23.333,21.965
19.762,19.568
25.642,23.407
24.961,24.459
26.182,25.377
25.218,24.389
23.458,21.778
22.267,20.435
26.491,25.466
24.899,24.451
25.728,25.485
25.972,25.862
25.253,23.354
25.989,25.449
23.798,23.311
24.13,23.813
26.346,25.7
23.561,22.59
26.79,26.276
23.817,23.088
21.186,20.789
26.573,26.411
22.306,21.506
25.1,24.304
25.731,25.602
23.538,22.642
23.789,23.629
20.368,20.15
26.617,26.496
25.92,23.571
23.206,22.079
26.068,23.452
22.414,21.852
24.226,24.097
25.59,25.053
24.578,24.389
26.787,26.356
25.65,25.17
24.089,22.637
25.684,23.834
25.071,24.562
25.116,24.843
25.139,24.607
26.652,26.044
22.036,21.648
22.869,21.554
22.948,22.827
24.586,23.69
26.398,26.21
19.397,17.938
26.338,26.121
25.454,24.222
24.476,24.063
23.715,23.342
23.013,21.701
24.75,24.364
23.281,21.844
23.769,22.886
26.918,26.395
20.384,19.31
26.859,26.388
25.408,22.823
22.811,21.915
26.417,24.681
21.388,20.212
22.573,22.257
25.76,25.333
26.216,25.687
24.972,24.499
21.16,20.125
24.841,24.379
21.054,19.937
21.239,20.088
24.331,23.958
22.539,22.181
20.667,20.552
26.831,26.469
25.271,23.488
22.648,21.348
25.685,25.161
26.181,25.61
16.5,16.224
23.22,22.792
25.261,24.641
24.791,23.79
26.704,26.217
22.571,21.75
24.77,22.379
26.818,24.55
24.381,24.163
25.693,25.154
26.514,26.107
26.971,26.745
26.614,26.017
26.445,26.082
19.648,19.416
23.111,22.123
24.529,23.248
23.281,21.819
25.634,25.142
24.57,24.147
25.911,25.517
20.906,20.433
25.895,25.792
23.289,22.818
22.765,21.967
25.596,25.008
25.332,25.261
24.379,23.984
24.381,24.101
25.6,23.351
25.099,24.573
26.424,26.269
24.941,24.507
15.503,15.359
22.348,22.131
21.645,19.854
23.388,22.964
20.083,19.015
21.218,20.893
24.886,24.35
24.035,22.035
21.973,21.892
25.679,25.367
26.055,25.395
16.892,16.773
17.94,17.828
22.65,22.326
20.337,20.264
24.88,24.575
25.301,24.818
24.958,22.792
17.522,17.449
23.297,22.319
26.408,26.238
25.763,25.304
24.726,24.594
24.309,24.124
26.631,26.374
25.28,24.823
26.777,26.171
20.497,19.523
23.13,22.717
26.727,24.515
26.901,26.372
22.963,22.579
25.768,25.594
24.864,24.338
21.335,20.236
21.397,20.4
24.675,24.297
26.822,26.295
25.241,24.81
23.206,21.435
25.856,24.704
22.643,22.288
25.463,23.777
26.526,26.367
25.147,24.758
24.125,23.992
25.703,24.971
21.818,21.459
21.055,20.911
23.392,22.906
24.545,24.197
26.821,26.174
22.187,21.748
26.009,25.647
24.694,24.314
26.261,23.914
24.906,24.487
26.651,26.298
26.598,26.072
15.302,15.101
26.518,26.381
17.471,17.178
20.846,20.01
25.876,25.011
22.759,22.623
22.669,22.583
24.043,23.669
25.073,24.664
26.726,26.165
26.711,26.421
25.765,25.259
23.038,22.074
24.035,22.268
21.887,21.646
22.091,21.235
23.238,22.654
25.587,25.233
26.401,25.672
24.836,24.427
14.384,14.218
23.552,22.38
18.724,18.558
23.46,22.167
24.646,22.518
24.974,24.397
23.819,23.366
24.214,23.876
24.75,24.279
25.432,25.093
26.539,25.878
25.032,24.571
23.976,23.497
20.337,20.1
26.338,25.915
17.456,17.153
20.292,18.775
26.113,25.979
22.899,22.812
23.825,22.215
22.105,21.913
21.868,20.219
23.983,23.911
26.543,25.951
22.506,22.158
26.396,25.557
26.995,26.505
24.581,24.51
17.182,16.373
26.227,26.111
25.417,23.533
24.11,23.517
24.923,24.425
22.719,20.923
22.803,21.854
25.71,25.201
20.834,20.122
26.551,26.352
26.645,25.99
23.913,22.928
19.73,18.807
25.451,24.341
26.084,25.574
24.235,22.993
25.758,25.311
25.717,25.569
21.617,20.522
24.368,23.953
25.554,25.419
20.299,19.348
26.821,26.294
22.502,21.686
21.555,21.042
26.092,25.643
23.0,22.495
21.154,20.74
26.699,25.789
25.011,24.543
24.228,23.3
25.453,25.363
26.19,24.473
26.243,25.8
26.668,25.903
25.463,25.273
26.486,26.219
26.869,25.878
26.448,26.255
25.317,24.805
26.732,26.292
18.803,18.612
25.983,25.828
24.598,24.178
24.733,23.573
20.926,20.585
24.362,22.794
24.114,23.604
22.696,22.262
25.919,25.352
19.156,19.043
23.453,23.123
20.363,19.772
24.276,22.891
20.446,19.177
24.622,22.046
22.914,22.813
21.37,21.214
23.092,23.007
25.653,25.357
23.518,23.222
25.556,25.363
24.062,23.988
26.351,24.673
25.152,23.285
26.682,25.305
22.518,22.21
23.885,23.344
24.418,24.055
22.085,20.975
26.504,25.698
23.942,21.998
21.36,21.186
21.773,20.446
22.011,21.944
20.054,19.717
26.456,26.126
24.148,23.784
26.112,25.807
23.261,22.359
24.38,23.308
26.904,26.375
25.377,24.378
23.561,23.141
24.662,24.306
17.875,17.796
20.959,19.735
26.311,25.733
26.447,25.896
23.854,22.542
21.519,21.446
22.475,21.283
22.03,21.224
24.955,24.886
25.828,25.24
26.183,25.716
26.177,25.99
24.299,24.002
24.702,23.582
26.821,25.969
21.831,21.609
25.67,24.99
23.409,23.092
24.601,24.581
24.956,24.704
25.346,24.81
22.068,21.937
24.42,22.607
25.577,25.163
26.791,26.138
25.148,24.614
20.542,19.512
22.122,21.861
26.879,26.2
22.204,22.006
26.604,24.024
19.739,19.074
26.377,26.221
26.546,26.39
26.019,23.618
18.845,18.773
26.968,26.482
26.549,26.337
26.668,25.871
19.568,19.029
24.75,24.273
25.123,25.018
26.699,26.099
25.007,24.509
24.809,24.66
21.756,21.683
21.112,20.94
20.661,20.502
23.017,21.804
22.609,22.036
20.837,20.579
19.702,19.503
21.904,21.099
25.583,23.958
24.177,23.316
26.492,24.342
24.361,23.877
22.953,21.089
23.4,23.306
25.147,24.286
25.745,25.31
24.461,24.22
26.706,26.132
23.858,22.626
23.231,22.466
25.31,24.869
22.072,20.76
26.968,26.193
22.892,22.422
26.429,26.201
24.136,22.186
23.089,22.885
26.202,25.668
24.635,22.277
25.921,25.359
14.402,14.295
25.23,24.715
19.946,19.806
20.956,20.274
25.582,25.47
25.576,25.191
25.512,24.779
23.772,22.627
20.676,20.432
23.174,23.026
25.715,25.484
18.06,17.987
26.054,25.403
25.675,25.209
20.383,19.502
14.435,14.308
25.615,25.082
26.564,26.013
25.907,25.467
26.149,25.583
24.203,23.941
23.254,22.477
18.096,17.931
25.578,25.316
24.992,22.976
24.27,24.139
23.344,20.692
24.756,23.554
26.724,26.482
18.668,18.455
26.741,26.271
24.024,23.799
18.448,17.52
26.27,25.937
22.559,21.897
25.762,25.604
23.41,23.127
24.164,23.777
22.457,22.258
23.999,23.865
25.149,24.525
25.596,24.957
24.943,23.04
22.271,21.467
26.415,25.962
23.461,22.005
26.96,26.579
26.281,23.955
26.684,26.258
23.014,22.607
23.342,22.149
21.239,20.812
25.836,25.54
24.215,23.464
26.623,26.325
22.459,21.625
25.713,24.942
24.657,23.955
26.966,24.916
22.724,21.783
22.308,22.051
23.948,23.455
25.566,25.148
23.069,22.824
25.174,24.981
26.552,26.261
26.876,26.457
24.884,24.776
26.939,26.774
22.381,21.287
25.004,24.545
25.375,25.275
26.216,25.955
25.671,25.276
25.927,25.806
25.885,23.411
23.84,22.889
26.755,24.425
16.374,16.258
24.729,24.153
26.198,25.791
26.906,26.453
24.891,23.573
25.006,23.738
21.103,19.918
26.762,24.425
25.251,24.883
25.127,24.86
25.561,25.312
23.271,22.776
21.501,21.447
26.963,26.119
24.964,24.474
25.484,25.0
22.391,21.182
22.649,22.504
25.538,25.253
25.551,25.446
26.083,25.516
24.788,24.394
25.278,24.896
24.754,24.306
21.285,20.816
24.338,23.967
26.199,25.827
24.476,24.12
25.288,25.17
25.969,24.035
22.189,21.142
25.531,24.543
23.206,22.354
26.282,25.812
25.875,25.176
21.499,20.694
24.862,24.463
25.959,25.375
25.627,25.299
24.297,23.211
24.875,24.502
22.502,22.273
26.648,26.229
24.057,23.733
26.791,25.763
23.824,23.407
18.104,17.443
22.966,22.157
22.029,21.835
26.765,26.502
20.161,20.321
24.254,24.01
24.535,24.299
22.848,22.608
22.477,21.699
26.419,25.968
22.404,21.423
25.874,25.548
25.206,24.83
25.028,22.547
23.292,22.525
26.232,25.769
25.661,25.251
24.061,23.724
26.741,25.884
23.777,21.911
26.295,24.537
25.975,25.551
23.947,21.847
26.448,25.761
25.441,25.121
22.534,22.301
24.069,23.775
26.302,26.179
26.775,26.431
25.498,24.862
23.83,23.418
22.368,20.915
26.392,23.798
21.045,20.013
25.588,23.823
26.582,26.06
24.07,23.592
26.976,26.224
26.086,25.972
22.999,22.835
23.348,21.785
21.632,21.367
23.009,22.767
26.214,25.855
23.273,22.961
21.581,21.066
25.001,23.946
24.287,24.014
22.411,22.044
26.98,26.685
25.503,25.11
20.514,19.605
16.995,16.76
23.253,22.805
23.592,23.495
26.911,25.884
26.835,26.629
24.657,24.346
23.16,22.916
23.563,22.475
26.264,26.023
20.68,20.034
26.96,26.248
21.792,21.57
26.909,26.217
25.033,23.367
25.443,24.937
24.673,24.634
24.216,23.495
22.102,21.224
22.71,22.442
23.386,23.219
26.374,23.758
25.333,24.876
25.701,25.031
24.977,24.442
26.33,25.564
24.647,23.347
24.567,24.325
25.988,25.456
25.804,25.548
19.763,19.48
23.64,23.066
26.821,26.417
26.691,26.5
17.292,17.04
15.01,14.914
26.732,26.284
24.686,24.312
23.658,23.282
25.508,25.248
25.001,24.597
21.853,20.497
26.221,24.86
25.492,24.897
23.205,22.725
24.082,23.005
25.301,25.162
26.193,25.852
23.046,22.864
25.696,25.292
21.48,20.556
24.142,22.156
23.006,22.014
25.467,24.853
26.978,25.548
23.993,23.933
23.647,22.588
24.976,24.679
24.593,24.318
26.745,26.387
22.736,22.111
22.474,22.406
25.215,24.499
18.546,17.259
24.714,24.375
21.423,20.038
24.357,24.112
16.321,16.176
24.372,23.829
24.273,23.85
23.687,21.822
26.298,25.822
23.127,22.658
25.532,24.013
26.326,26.189
21.662,20.06
21.7,20.86
24.955,24.234
22.044,20.873
20.79,19.628
20.864,20.588
25.363,25.016
23.746,22.713
23.982,23.89
26.481,26.021
24.483,24.224
25.084,22.857
25.022,24.784
25.257,24.815
20.822,19.158
25.897,25.673
22.347,22.104
23.635,21.579
26.576,26.448
26.544,25.97
26.848,24.221
25.276,24.96
18.465,18.298
21.875,21.375
26.251,25.912
25.606,25.054
25.094,24.993
26.89,26.276
24.702,24.481
24.085,21.719
25.713,25.617
26.176,25.565
22.828,22.078
24.298,23.792
22.654,22.5
24.823,22.789
24.515,23.986
26.201,25.026
24.284,23.646
24.276,22.457
25.318,23.366
24.836,24.39
25.974,25.5
15.54,14.757
25.455,25.096
22.284,21.229
22.273,20.173
19.243,19.121
26.324,25.839
26.951,26.463
21.074,20.879
25.741,25.33
25.691,25.454
23.176,22.528
25.473,25.164
20.797,20.587
26.844,26.254
25.678,25.097
21.466,21.18
25.764,24.285
23.704,23.602
22.407,22.023
26.684,26.218
26.661,26.199
24.204,22.5
24.792,24.355
21.486,20.084
24.816,24.133
26.697,26.165
24.852,24.085
26.475,24.374
23.325,22.269
22.367,21.629
26.054,25.68
24.228,23.843
22.555,21.935
26.997,26.461
19.627,19.061
25.824,24.501
23.887,22.996
26.916,26.426
26.769,26.241
21.546,20.848
24.599,24.103
26.119,25.728
24.397,24.238
25.957,25.636
22.036,21.065
23.676,23.317
23.477,21.881
25.611,24.196
25.849,23.695
25.498,25.388
23.995,22.282
25.097,24.744
24.969,24.849
26.856,24.665
25.263,24.659
24.547,22.888
26.325,23.818
24.567,23.511
25.955,25.389
25.388,24.83
23.0,22.514
23.942,23.457
23.509,22.983
26.192,25.092
25.921,25.528
25.548,25.098
24.881,24.702
24.581,24.214
18.673,18.42
25.696,25.274
22.261,22.134
23.598,23.354
22.435,22.275
25.261,25.054
26.536,26.064
26.799,26.504
25.315,24.824
24.838,24.155
24.261,24.382
25.849,25.268
25.898,25.784
25.459,24.478
23.667,22.99
23.821,23.736
26.819,26.306
22.459,21.746
26.922,26.588
21.493,20.9
21.758,20.825
24.389,24.279
22.722,22.62
26.454,25.781
25.842,23.918
25.249,25.1
22.874,22.769
23.043,22.522
25.992,25.537
26.722,25.761
26.728,25.941
21.697,20.045
24.2,24.075
26.698,26.256
20.299,20.22
26.788,25.996
24.503,22.728
25.112,24.717
25.612,24.145
20.21,19.779
17.728,17.475
26.826,26.535
20.103,20.038
25.403,25.05
26.996,26.54
24.211,23.878
22.455,22.077
24.108,23.9
25.725,25.093
25.745,25.565
21.283,21.183
23.674,21.576
26.531,25.88
24.861,23.911
25.82,24.662
25.509,25.322
26.354,26.048
23.36,22.565
25.913,25.478
25.129,24.631
23.376,23.18
24.187,24.015
26.78,25.203
26.676,26.17
24.798,24.466
26.297,25.245
25.052,24.856
24.725,24.549
18.443,17.896
25.146,24.954
24.858,24.201
26.579,24.604
26.122,26.033
24.617,23.956
25.018,24.416
21.503,20.093
24.34,24.122
20.281,19.288
26.366,25.967
26.248,25.85
25.233,25.146
26.039,25.645
25.419,24.934
26.946,25.535
26.256,24.739
18.511,18.329
25.514,24.965
24.926,24.717
26.237,26.101
23.473,22.486
26.972,26.707
24.475,24.108
25.507,25.334
19.253,18.153
20.818,20.151
20.914,20.652
21.664,21.55
24.722,24.559
23.326,23.104
25.234,24.914
26.987,26.356
22.214,20.918
25.879,25.788
22.678,22.086
21.685,21.256
26.292,25.736
26.515,25.714
25.227,24.9
16.129,16.039
20.723,19.424
24.987,24.556
25.559,23.382
25.024,24.955
25.472,24.649
26.478,25.767
25.779,25.537
25.718,25.4
24.411,24.236
25.546,25.156
25.919,25.611
25.99,23.575
23.676,23.481
21.904,21.34
15.111,14.695
25.553,25.318
24.895,24.504
24.789,24.285
22.157,20.091
26.602,26.267
24.787,23.484
26.448,25.778
25.524,24.873
15.565,15.337
23.608,22.566
26.14,25.546
20.73,20.653
16.886,16.786
26.823,26.374
25.461,25.078
26.142,25.78
23.571,23.245
23.269,22.975
24.371,23.905
22.673,22.499
26.969,26.66
24.564,24.066
26.945,26.593
26.129,25.767
21.948,21.721
24.469,24.212
23.003,21.787
23.39,23.154
26.447,26.072
26.048,25.499
26.598,26.001
23.037,21.928
25.532,25.368
22.088,20.806
25.774,25.655
22.236,21.291
25.591,25.094
22.354,20.247
16.07,15.958
23.038,22.421
24.647,24.581
23.155,23.075
25.073,24.628
24.068,23.93
26.747,26.24
26.984,25.634
24.775,24.129
22.759,21.563
26.118,25.72
22.58,21.139
24.619,24.53
24.693,24.3
26.605,26.051
22.93,22.822
21.582,20.43
25.736,25.182
24.42,23.916
24.491,23.826
26.898,24.326
24.896,24.501
22.345,21.022
25.971,25.373
26.777,26.447
25.551,25.307
19.127,18.802
26.224,25.568
25.955,25.545
19.962,19.614
24.802,24.432
22.7,22.339
25.713,25.383
22.681,22.109
26.751,26.938
26.341,26.154
25.965,23.559
15.922,15.799
26.683,26.223
13.449,13.217
26.842,26.64
26.386,25.919
26.635,26.121
26.402,25.163
22.293,21.962
26.776,26.175
26.834,24.896
26.279,26.074
26.894,26.233
24.003,23.899
24.452,24.029
22.114,21.321
21.608,21.527
26.953,25.33
24.609,23.453
24.991,24.918
25.926,23.732
26.357,26.075
24.816,22.477
23.731,22.174
26.738,24.113
26.704,26.074
24.837,24.564
23.595,23.45
23.763,23.63
25.939,25.372
19.793,19.357
25.06,22.609
21.881,21.754
25.281,23.311
14.489,14.363
22.296,20.974
25.441,25.026
26.622,26.454
25.907,25.71
26.701,26.447
25.988,25.6
17.742,17.505
24.247,24.074
26.58,25.848
25.992,25.774
23.812,23.36
25.024,23.444
23.898,23.447
20.311,19.145
19.278,19.086
16.309,15.972
26.292,25.78
23.185,22.876
26.734,25.405
26.601,26.091
24.659,23.22
26.308,25.76
25.248,25.132
26.454,26.248
24.393,23.867
21.436,19.795
15.052,14.973
25.465,24.902
24.247,23.944
22.349,22.277
24.35,23.964
23.769,23.329
26.244,25.827
25.557,25.021
26.632,26.17
26.511,26.008
25.031,22.549
26.503,24.859
23.585,22.945
22.968,22.707
25.084,24.683
23.965,23.816
26.314,25.852
25.361,24.915
23.329,23.261
23.575,23.094
25.224,24.62
24.862,22.614
24.278,23.848
21.433,20.286
25.47,25.116
24.882,22.653
26.773,26.396
24.644,22.643
25.623,25.252
17.487,17.313
24.74,23.49
16.954,16.865
22.662,22.291
24.006,23.833
25.622,24.916
26.771,26.533
23.588,22.073
12.085,11.998
25.693,25.497
25.25,24.872
26.72,26.218
25.134,24.702
23.325,21.811
26.006,25.607
25.248,24.645
25.067,23.085
26.505,26.09
26.813,26.583
22.855,22.063
15.517,15.389
25.181,25.001
25.327,24.693
26.103,25.643
25.813,23.564
16.062,15.788
23.432,21.627
24.968,24.055
24.217,22.917
25.998,25.586
23.817,21.694
15.457,15.361
22.057,21.412
16.336,16.193
24.147,23.711
22.484,21.998
20.648,19.581
24.556,23.231
17.875,17.586
26.782,26.419
22.534,22.068
26.359,25.862
26.167,25.769
22.535,22.124
26.916,26.284
17.148,17.037
21.961,20.529
25.78,24.718
22.492,20.916
20.849,19.714
22.156,21.711
25.871,25.501
20.315,19.441
25.509,23.91
25.856,25.51
22.725,22.631
24.263,22.414
26.877,26.246
26.005,25.644
26.226,25.712
24.214,23.624
24.171,23.902
25.672,25.557
26.067,25.78
24.911,24.751
22.744,22.465
26.272,25.827
26.681,26.038
24.034,23.885
24.223,23.891
25.761,24.785
26.52,25.57
26.143,25.883
24.443,23.968
23.411,21.719
23.724,23.359
26.454,25.742
21.757,21.361
25.829,25.376
25.504,25.368
24.208,23.387
21.542,20.355
24.969,23.084
25.33,25.262
26.999,26.413
26.952,26.372
14.937,14.821
26.939,26.505
20.03,19.674
25.613,25.429
25.599,25.129
26.573,25.927
20.908,19.936
22.145,21.635
25.822,25.3
25.203,25.119
25.204,24.944
25.91,25.533
25.719,25.3
26.75,25.945
23.269,22.735
26.435,26.077
26.723,26.497
23.816,23.487
13.32,13.187
20.15,20.068
26.436,24.442
19.897,18.722
21.571,21.479
26.561,25.95
24.23,23.997
24.631,24.172
24.687,24.579
24.65,24.622
23.165,22.6
17.799,17.489
24.725,24.334
18.79,18.547
26.049,25.897
25.421,24.95
21.036,19.817
25.37,24.957
25.65,24.365
25.774,24.84
23.263,23.013
24.912,23.855
21.708,21.586
26.037,25.644
24.959,24.878
24.316,24.054
21.237,20.103
25.509,25.229
25.287,25.145
23.53,23.404
25.026,24.918
18.717,18.156
21.897,21.711
26.16,25.849
24.0,23.894
23.137,23.019
20.791,20.688
22.227,22.135
25.801,23.658
25.387,24.759
25.708,25.163
24.661,24.173
25.1,24.274
24.965,24.749
26.828,26.359
24.178,23.541
21.161,19.959
23.875,21.437
23.156,23.325
26.669,26.488
25.912,25.321
25.667,25.463
25.591,25.398
23.361,22.304
17.866,17.381
23.941,23.74
24.266,23.497
23.237,22.941
24.384,24.305
19.942,19.663
23.945,22.102
24.661,23.239
15.174,14.956
25.355,25.054
26.957,26.566
22.651,21.431
22.194,21.01
23.664,23.388
24.571,23.981
23.727,23.546
22.377,21.369
25.055,24.705
18.783,18.636
23.249,22.762
26.972,24.856
24.24,22.794
26.917,26.177
21.836,21.736
26.367,25.869
25.665,25.06
25.696,25.046
22.8,21.919
25.527,25.265
21.267,20.879
21.33,20.9
26.717,26.417
23.369,21.974
25.399,25.255
26.08,25.882
23.625,21.863
26.547,26.093
24.086,23.729
23.47,23.363
20.733,20.515
26.293,25.893
26.063,25.661
24.368,24.246
24.96,24.692
19.586,18.537
24.411,23.837
26.839,26.231
24.059,23.67
24.733,24.473
18.05,17.83
21.708,21.415
22.117,20.96
26.493,26.023
25.33,24.964
26.573,26.271
21.765,21.693
25.931,25.715
24.7,23.315
25.889,25.468
25.007,24.618
23.269,22.32
25.823,23.142
23.902,23.486
26.481,25.911
26.684,24.218
24.683,24.292
24.602,22.907
25.22,25.118
26.656,25.031
20.93,19.918
25.658,24.054
26.574,25.546
26.037,24.585
26.666,26.157
23.726,23.492
25.022,24.499
25.312,25.219
21.377,20.331
23.421,22.685
25.206,25.125
25.658,25.322
24.412,24.251
26.202,25.765
21.324,20.752
24.36,24.139
26.686,26.35
26.602,26.147
26.098,25.614
23.146,22.428
25.854,25.446
26.245,25.642
22.344,21.36
26.653,26.378
20.1,19.589
25.282,24.782
25.689,25.268
26.125,25.211
24.393,22.051
22.68,22.458
25.63,25.261
20.006,19.925
20.351,19.265
26.381,25.945
23.329,22.248
26.421,26.267
25.023,24.09
13.811,13.587
23.832,23.69
24.325,23.775
25.481,23.712
25.275,23.227
21.48,20.35
23.126,21.608
26.49,26.18
20.114,20.002
15.279,14.804
19.907,19.365
23.217,23.13
26.58,25.761
22.517,21.998
19.138,18.454
26.111,25.82
26.788,26.373
25.618,23.254
26.301,25.774
24.199,23.027
23.463,22.947
23.405,22.315
25.641,23.268
20.689,19.805
26.184,25.809
24.809,24.01
24.628,24.085
19.401,18.992
26.923,26.441
24.066,22.908
26.729,25.188
25.992,25.86
26.352,26.242
25.91,25.38
26.9,26.186
26.79,25.114
25.793,23.667
25.675,25.519
22.883,21.413
26.746,26.421
23.188,22.04
20.815,20.655
26.664,26.203
23.891,23.826
26.173,25.805
26.06,25.669
26.109,23.796
24.928,24.706
19.783,18.996
24.75,23.825
25.493,24.774
24.711,23.072
17.058,16.923
25.325,25.109
23.75,22.437
26.007,25.484
25.947,25.7
26.191,23.848
24.346,23.518
21.038,20.534
25.908,24.42
21.996,21.916
20.028,18.631
25.286,25.217
23.223,22.859
20.29,20.026
18.39,16.939
26.219,25.578
19.027,18.848
25.313,24.678
26.974,26.675
24.729,23.693
26.644,26.443
24.954,24.274
24.44,24.217
21.11,19.471
22.711,22.527
22.12,21.752
24.101,23.689
23.449,23.287
21.646,20.04
25.985,25.605
26.92,26.625
21.415,20.104
22.873,22.187
25.838,24.794
24.142,22.568
23.94,23.542
24.803,24.448
21.754,20.273
17.873,17.774
26.799,26.298
24.361,24.173
26.864,26.364
25.387,24.937
22.732,22.302
16.942,16.58
26.883,26.648
25.201,24.772
23.834,22.952
23.138,23.044
24.477,23.546
12.228,12.218
22.57,21.605
22.214,21.57
24.226,23.76
26.778,26.357
23.418,22.793
25.308,24.824
26.715,26.431
23.639,23.276
20.207,19.981
22.112,21.239
16.341,16.159
23.802,23.628
22.076,21.908
25.561,25.46
22.995,22.917
26.156,25.789
24.03,23.667
23.833,23.318
26.617,26.152
24.502,24.248
26.365,25.914
21.679,21.384
26.657,26.253
20.807,20.638
20.196,18.771
20.232,20.17
26.855,26.361
23.122,22.179
23.892,23.528
25.999,25.42
24.636,24.085
23.018,22.921
24.558,24.156
24.892,24.72
24.988,24.471
20.653,20.483
26.703,26.235
26.805,26.305
24.303,24.067
25.603,25.142
25.327,24.739
23.593,23.479
26.012,25.442
24.375,24.12
25.754,25.334
26.475,25.404
25.734,24.6
20.94,19.432
26.313,26.144
25.229,23.146
25.836,25.353
23.611,23.429
24.755,24.501
23.192,22.817
26.294,25.775
23.653,22.454
25.213,25.077
25.793,25.329
24.899,22.775
26.88,26.244
21.399,20.356
25.143,23.677
25.421,23.164
20.03,19.962
24.316,23.997
25.227,24.245
19.846,18.734
25.437,25.06
26.435,26.016
23.019,21.214
25.895,25.359
24.764,24.42
26.329,23.843
24.837,22.192
26.414,24.964
22.199,21.406
25.341,24.829
25.062,23.131
23.101,23.002
25.455,25.295
23.325,23.22
25.805,24.029
26.016,25.652
25.254,24.979
26.398,25.935
26.287,25.988
23.958,21.968
24.074,23.401
22.653,22.076
24.259,23.868
24.438,24.324
24.056,23.828
26.949,26.458
25.304,23.268
21.441,20.068
21.956,21.538
20.29,19.722
22.897,21.771
26.088,25.895
26.382,26.116
26.442,26.186
26.163,26.047
24.807,22.863
26.586,26.359
23.77,22.684
25.983,23.663
25.912,25.374
26.273,25.939
25.7,25.162
24.626,24.165
24.944,24.585
21.231,19.958
20.157,19.411
24.261,22.177
25.188,24.777
25.804,25.292
26.104,25.595
22.354,21.506
22.326,21.955
26.215,25.812
22.68,22.595
24.063,23.908
25.241,24.941
24.833,24.5
26.303,25.896
24.637,23.821
24.546,24.23
22.298,21.968
22.978,21.071
23.874,23.277
26.225,25.765
23.618,23.482
22.551,22.281
26.981,25.956
22.269,21.184
24.113,23.645
26.483,26.007
24.658,24.482
21.578,20.763
20.759,20.68
24.322,23.635
17.637,16.929
25.957,25.458
23.247,22.934
23.508,23.096
24.863,24.513
22.772,21.555
25.978,24.517
22.143,20.262
23.343,23.066
22.776,20.69
26.562,26.173
25.315,25.005
26.705,26.318
22.785,22.688
26.344,25.871
24.323,23.703
20.567,19.608
23.592,23.181
24.85,24.194
22.858,22.687
24.197,23.896
21.861,21.141
25.995,25.866
23.053,22.842
22.686,21.031
25.798,25.415
26.282,26.01
25.322,24.332
19.846,18.579
24.461,24.361
26.723,26.225
16.983,16.628
25.705,25.294
22.289,22.568
22.371,21.967
26.97,24.916
26.919,26.706
26.844,26.599
26.952,26.364
20.65,20.385
12.835,12.767
16.705,16.515
22.665,22.598
25.495,24.869
26.098,25.466
26.147,23.476
21.812,20.018
24.881,24.445
25.621,24.626
26.709,25.305
25.029,24.603
23.657,23.089
23.942,23.77
25.935,25.613
26.544,26.146
25.996,24.446
25.66,24.743
23.706,23.339
22.037,20.884
26.254,25.858
26.766,26.196
23.637,23.226
24.735,24.395
25.244,23.973
25.699,25.493
19.448,18.734
25.26,23.31
19.993,19.923
26.994,26.621
26.274,25.506
16.69,16.51
25.002,24.438
26.999,26.537
22.886,22.646
25.492,25.046
23.709,23.473
26.038,25.593
19.006,18.43
14.131,14.026
23.677,23.559
23.613,22.286
24.396,22.783
22.895,22.502
25.113,24.137
23.815,23.369
26.187,24.024
25.985,25.837
23.839,23.716
20.695,19.144
24.335,21.929
25.092,24.888
25.06,22.669
26.271,26.034
25.921,25.801
26.761,26.191
14.415,14.249
22.79,22.068
23.01,21.565
23.976,23.842
26.836,26.449
26.35,26.084
21.681,21.347
19.704,19.05
18.408,17.298
23.146,21.962
24.073,23.661
25.102,25.004
26.108,25.597
21.919,21.617
22.058,21.666
26.936,26.516
26.499,26.3
25.748,25.225
25.892,23.823
26.494,26.231
26.491,24.28
24.933,22.573
25.772,25.456
26.819,24.816
25.639,23.704
22.666,21.866
24.837,24.601
23.282,23.026
26.894,26.43
25.867,25.472
25.833,25.302
25.913,25.408
26.954,26.466
18.42,18.16
24.856,24.71
24.357,23.984
26.359,25.867
20.968,20.389
23.956,23.369
24.065,23.796
24.816,24.628
25.342,24.832
23.382,22.223
20.146,19.145
22.883,21.063
26.261,25.769
25.621,25.169
22.939,22.693
25.05,24.494
20.566,19.576
26.407,25.93
26.807,26.523
26.573,24.091
20.22,19.473
23.651,23.529
25.581,25.075
26.731,26.152
26.461,26.044
26.21,25.55
26.139,24.585
25.726,25.322
18.146,17.885
22.906,22.765
22.043,21.777
26.961,24.299
26.173,25.52
23.277,22.863
25.169,24.803
24.887,22.784
25.508,25.091
24.146,22.515
24.55,24.084
17.66,16.193
25.436,23.781
26.393,26.127
25.706,25.234
24.546,24.203
26.298,25.844
26.842,26.535
24.097,22.772
24.405,23.904
26.863,26.412
26.695,26.391
26.61,26.094
23.57,23.481
25.223,25.256
19.893,19.047
26.404,26.036
24.14,23.742
23.524,23.425
21.458,21.212
25.588,25.074
17.599,17.329
26.666,25.131
26.514,25.882
23.125,21.573
25.294,24.993
20.967,20.389
22.995,21.643
25.426,23.261
26.425,26.235
26.999,26.643
26.164,26.066
24.959,24.593
25.91,25.633
19.57,19.43
26.717,26.444
23.53,23.267
23.239,23.171
26.77,26.345
26.015,23.386
20.913,20.693
22.173,21.111
22.797,22.651
26.847,26.312
20.896,20.677
26.246,25.815
26.106,25.827
24.743,23.489
24.922,24.473
25.584,25.175
25.496,25.21
18.352,17.421
23.024,22.916
26.467,25.992
25.013,24.389
24.593,24.038
25.928,25.444
23.621,23.548
21.795,21.718
23.669,21.673
21.219,20.107
24.711,22.976
22.539,21.997
23.376,23.193
26.372,25.884
22.921,21.595
24.304,22.806
22.163,21.066
24.648,24.135
24.753,24.636
22.136,21.197
19.213,18.784
21.604,21.3
24.864,24.315
23.88,21.537
19.919,18.825
22.978,22.432
23.874,23.597
24.12,23.195
23.826,23.489
26.203,25.692
25.94,25.595
22.629,22.555
25.276,24.853
21.907,21.587
25.09,24.86
25.706,25.309
25.809,25.655
17.455,17.357
23.002,21.578
25.795,25.341
26.888,26.258
26.97,26.433
21.883,21.173
25.009,23.927
26.375,25.712
22.983,22.776
22.901,22.664
26.245,24.893
24.989,24.627
22.652,21.124
22.875,21.112
25.239,24.844
26.618,24.986
26.652,24.054
25.92,25.655
26.959,26.399
23.585,22.978
26.559,26.083
26.692,26.4
23.977,23.796
26.059,25.958
24.109,23.834
25.582,24.992
26.802,26.421
23.414,21.568
21.095,19.984
24.157,23.913
24.988,24.616
26.465,26.252
16.933,16.523
26.433,26.249
26.238,23.668
26.749,26.529
25.686,25.101
22.678,21.141
25.278,24.694
24.115,23.907
18.871,18.761
23.091,23.009
21.292,20.962
23.15,22.897
25.785,23.968
26.474,26.356
26.613,26.087
26.479,25.956
26.31,25.88
24.198,22.408
26.984,26.393
25.316,24.875
18.483,17.963
26.925,26.359
20.188,19.903
25.092,24.771
26.951,26.439
25.556,24.943
26.577,26.024
25.882,25.548
22.452,22.336
25.02,23.37
23.248,23.081
24.211,24.146
26.683,25.155
26.82,25.868
16.774,16.703
26.955,24.493
26.864,25.989
21.226,21.025
20.778,19.41
26.577,26.439
25.915,25.602
26.111,24.807
26.958,26.414
26.172,26.062
24.973,24.859
26.276,25.897
24.345,23.887
18.877,18.226
24.386,24.044
23.706,22.545
25.722,25.585
26.971,26.602
25.755,25.005
25.061,24.539
26.645,26.159
26.018,25.649
26.729,26.427
26.689,26.091
25.641,24.342
26.326,26.149
19.057,18.262
26.689,24.928
24.797,24.678
26.105,25.158
23.952,23.586
26.026,23.911
26.273,24.815
26.886,26.432
11.566,11.54
22.917,23.17
26.811,26.082
23.15,22.625
25.064,24.502
22.94,21.876
22.568,21.594
25.087,24.885
18.308,17.347
25.536,25.385
21.308,20.767
21.184,20.122
19.155,19.012
23.652,23.565
25.538,25.125
26.523,26.121
15.941,15.725
24.901,22.736
22.701,22.562
23.926,22.702
26.207,25.748
23.041,22.539
21.316,20.088
26.386,26.051
25.043,24.897
26.084,25.661
26.41,25.964
23.402,23.222
24.339,23.589
22.537,21.726
26.559,25.803
25.486,24.583
25.547,25.039
23.905,23.741
22.803,22.675
24.511,24.097
25.452,22.971
26.963,26.426
26.871,26.62
26.177,26.093
24.685,23.382
14.051,13.924
24.699,24.208
24.686,24.373
21.736,21.261
24.465,23.309
23.446,23.36
25.835,25.259
23.796,22.931
25.528,23.193
25.816,25.402
26.571,25.13
23.605,22.689
25.825,24.781
25.991,25.536
26.787,26.664
26.143,25.645
21.346,20.229
26.206,25.956
25.551,23.383
20.857,18.563
22.771,21.794
20.668,20.027
22.648,22.286
26.07,25.254
24.241,24.039
23.479,22.155
23.815,23.687
25.745,25.467
22.475,22.261
25.207,25.146
26.776,26.176
22.273,20.956
23.678,23.427
26.184,25.563
25.683,25.223
21.012,19.909
24.937,22.893
24.466,22.564
24.597,23.155
25.998,25.584
22.792,22.696
26.588,26.25
26.451,25.853
26.85,26.713
22.88,22.81
24.259,23.305
26.657,26.124
16.24,16.123
26.281,25.789
23.364,22.965
26.73,25.848
26.775,25.629
25.759,25.576
25.025,24.44
26.467,26.351
21.906,21.229
25.03,24.336
18.841,18.776
26.704,26.175
26.762,26.443
26.377,26.174
25.247,24.698
25.474,25.061
26.249,25.747
24.958,24.345
26.866,26.605
25.491,25.189
21.643,19.919
26.637,26.277
26.386,25.769
22.399,22.236
26.547,26.214
26.589,26.204
20.434,20.344
23.814,23.593
25.011,24.922
25.671,25.382
25.94,23.92
23.513,23.086
26.937,26.485
25.763,24.15
26.211,26.015
25.434,24.964
23.095,22.637
25.177,24.636
24.676,22.605
25.826,25.264
26.135,23.972
18.947,18.775
23.936,22.567
18.776,18.715
24.257,23.817
23.685,23.58
24.076,23.74
26.008,25.914
23.836,23.232
25.666,23.069
21.232,19.93
25.52,25.19
26.123,23.573
24.931,22.936
22.363,22.489
24.57,24.101
26.796,26.281
26.88,26.553
22.668,22.183
26.525,26.038
25.472,24.891
26.762,26.231
24.948,24.506
24.34,24.071
23.076,22.122
22.898,22.456
25.884,25.446
22.353,22.259
20.892,20.721
25.634,23.047
22.407,21.664
19.949,19.719
25.444,25.053
24.398,22.955
23.709,23.643
25.596,25.148
25.638,25.032
26.696,26.212
24.764,23.362
26.385,25.721
21.623,20.428
25.606,25.331
17.713,17.539
26.847,26.225
24.322,23.131
25.676,25.265
23.177,23.069
22.092,21.777
25.96,25.511
26.83,26.55
19.685,19.621
24.615,24.153
22.606,22.382
25.591,24.654
19.426,19.358
25.694,25.35
22.84,22.247
18.886,18.645
26.35,25.842
22.607,20.756
24.761,24.708
25.74,25.426
23.861,23.498
23.417,23.32
24.172,23.783
25.028,24.708
18.541,18.251
26.142,25.675
14.622,14.269
24.732,24.329
24.635,23.173
21.638,21.538
26.758,26.292
21.897,21.659
26.197,25.836
22.732,22.514
26.295,24.371
25.878,24.391
17.704,17.299
25.813,25.002
25.438,25.196
25.328,24.912
25.273,24.801
22.137,20.372
26.498,26.045
26.563,26.039
25.631,25.48
25.054,24.637
24.756,24.173
25.347,24.81
24.424,23.886
25.221,24.719
26.69,24.928
21.2,20.903
26.905,26.489
24.024,23.042
18.74,18.476
18.455,17.246
24.554,24.017
23.968,23.079
24.472,24.051
22.943,22.697
24.036,22.94
16.675,16.572
23.516,22.069
25.13,24.722
26.126,25.218
25.637,25.321
20.403,20.33
25.647,25.528
25.794,25.388
26.87,26.658
25.29,24.702
24.587,24.141
25.527,23.297
25.828,25.346
23.524,22.738
23.733,23.369
25.632,25.193
26.367,25.734
23.658,21.555
21.23,21.029
22.557,22.144
25.515,24.673
26.715,26.185
24.327,23.055
25.402,25.199
22.232,22.13
26.866,26.425
23.652,23.119
21.549,21.427
24.792,23.672
22.723,21.061
25.901,23.831
26.805,26.277
25.561,25.406
25.876,25.625
21.318,20.237
26.091,25.575
14.482,14.36
19.762,19.687
26.604,26.0
26.978,26.483
26.639,25.907
26.848,26.469
24.673,24.388
24.976,24.576
25.352,24.993
25.886,25.717
23.004,21.593
26.197,25.642
25.52,25.278
24.737,24.313
25.69,25.384
21.09,20.903
18.013,17.586
26.839,26.323
25.06,24.774
24.038,22.988
24.705,24.247
15.442,15.311
26.574,26.192
25.938,25.49
25.974,23.417
25.762,25.465
25.635,25.215
25.987,25.321
23.065,22.374
26.275,26.05
23.076,22.96
18.635,17.849
25.963,25.79
25.682,25.607
25.693,25.492
21.92,20.318
23.444,23.18
24.6,24.207
22.849,21.552
24.804,24.334
25.035,24.821
14.027,13.911
26.322,26.026
26.863,26.494
21.92,20.489
24.556,24.281
18.552,17.962
19.236,17.751
22.641,21.409
20.939,20.062
25.135,23.615
23.288,22.72
17.252,16.873
25.544,25.132
25.46,25.019
26.939,26.371
23.907,23.594
24.629,24.244
25.785,25.566
22.32,20.821
21.401,21.253
26.311,25.932
24.086,23.86
25.016,24.528
23.602,21.798
25.691,25.406
26.824,26.076
26.426,25.73
25.223,24.66
26.126,24.427
24.837,23.688
21.718,20.906
24.302,22.362
26.655,26.028
20.16,18.993
23.621,23.529
24.175,23.427
23.8,23.496
24.859,24.254
25.426,25.075
25.661,25.296
25.97,25.687
22.551,22.076
26.934,26.526
23.607,22.373
26.968,26.707
21.755,20.695
23.273,21.272
24.597,22.247
26.243,24.313
22.718,22.586
24.641,24.469
23.724,23.591
25.048,24.965
24.087,23.705
24.866,23.044
26.757,26.363
23.816,22.228
26.478,26.205
25.647,25.157
21.981,21.911
26.393,25.938
26.455,24.158
26.85,26.471
26.495,25.962
24.931,24.53
26.852,26.223
26.216,26.044
23.834,23.621
25.761,25.198
22.621,22.466
22.937,22.533
26.824,26.378
24.868,24.373
22.125,20.597
23.197,22.965
20.009,19.733
24.811,24.51
20.405,19.499
22.056,21.824
25.723,25.251
26.763,26.351
24.16,23.649
21.683,21.159
24.144,24.033
26.34,23.75
24.793,23.875
23.297,21.595
25.075,23.131
23.493,22.582
20.485,19.584
24.695,24.594
24.082,23.713
26.048,25.587
26.317,26.109
24.819,24.264
25.674,24.576
23.683,21.714
24.568,24.173
18.759,17.506
19.186,19.008
24.639,24.258
23.286,22.063
22.958,22.836
23.811,22.912
26.904,26.531
14.785,14.555
25.565,25.082
19.521,19.128
23.632,23.475
23.215,23.129
25.493,25.054
23.362,22.651
22.263,21.432
24.002,23.878
26.431,26.002
24.028,22.257
24.989,23.515
24.767,24.487
17.822,17.591
22.509,21.037
23.926,23.395
26.01,25.116
24.386,24.083
22.977,22.682
18.929,18.7
19.457,17.846
15.545,15.432
24.789,24.644
24.15,24.014
21.415,19.6
23.144,22.747
23.761,23.35
26.387,25.97
25.878,24.985
26.361,25.989
22.282,21.789
26.492,25.729
20.176,19.855
23.762,23.614
25.688,25.533
26.568,25.195
24.049,23.851
26.695,26.435
25.352,24.76
20.887,20.565
25.452,25.215
26.517,25.646
24.52,24.09
26.054,25.159
24.155,23.767
23.153,22.136
25.182,24.872
23.665,22.134
24.387,23.824
24.852,22.458
22.992,21.886
25.327,24.819
25.432,23.12
25.127,24.56
25.278,24.703
20.933,20.133
18.522,18.292
24.267,23.649
13.661,12.509
18.013,17.725
25.83,25.732
26.121,25.816
21.572,19.313
25.586,25.27
26.506,26.212
21.141,19.288
21.574,20.804
26.497,26.281
26.176,25.722
24.537,24.128
25.319,24.102
25.445,25.2
26.89,26.579
24.458,22.372
22.32,21.818
19.85,19.662
25.914,25.771
25.91,25.593
23.523,22.836
24.895,24.516
26.254,25.867
18.388,17.062
25.886,25.208
24.762,24.353
26.8,26.612
26.4,25.91
20.558,19.911
25.986,25.635
23.708,23.756
24.476,24.158
20.202,19.327
20.867,19.465
26.815,26.135
22.143,22.036
16.801,15.845
20.248,20.172
26.178,25.714
24.331,24.259
23.752,23.449
26.369,25.763
19.668,18.274
25.457,25.197
26.865,26.594
22.156,20.955
22.889,22.285
23.791,23.605
26.804,26.338
26.075,25.691
26.309,25.882
25.513,25.222
24.9,22.419
26.552,26.255
24.839,24.348
26.085,25.19
19.624,19.534
21.856,21.759
23.668,21.863
23.206,22.846
19.697,19.585
24.597,23.998
25.326,25.139
21.75,21.581
22.709,22.334
25.88,25.44
26.277,25.279
22.91,22.761
22.697,22.507
22.93,21.817
26.123,25.671
24.449,23.772
25.919,25.528
24.004,22.748
25.889,24.785
24.188,23.696
26.666,25.7
24.478,22.425
24.448,23.016
24.592,24.53
25.744,23.818
23.871,23.724
22.621,21.231
17.552,17.275
22.791,21.167
23.914,23.638
25.463,25.165
25.719,25.085
26.18,25.396
24.362,23.828
21.177,19.861
25.348,24.793
25.454,25.009
23.239,23.126
25.954,25.334
17.157,17.061
26.869,26.044
26.509,23.886
20.863,19.901
24.143,23.975
26.948,24.566
22.317,21.798
23.178,22.956
16.71,16.548
22.789,21.287
23.887,22.374
25.039,24.69
24.223,24.026
23.101,22.068
25.064,24.559
18.943,18.663
26.616,26.183
24.436,24.18
26.013,25.608
24.742,24.435
26.352,25.999
23.239,22.361
24.535,24.044
25.887,25.43
25.269,24.844
25.942,23.731
23.845,23.198
25.425,25.331
25.747,24.254
25.048,24.86
26.593,25.42
21.572,21.486
20.023,19.768
25.082,24.506
26.265,23.679
23.037,22.92
26.313,26.048
25.429,24.255
23.291,23.146
26.967,26.201
23.606,23.429
25.272,24.741
25.761,25.402
22.144,21.996
22.313,22.066
26.673,26.216
23.791,22.529
24.28,23.78
26.164,25.769
26.381,25.862
22.259,19.656
22.587,21.192
20.138,19.642
21.429,21.154
26.535,26.064
24.874,24.179
21.471,20.206
21.276,20.753
26.834,26.348
24.226,22.907
25.498,25.088
24.776,24.431
19.99,19.317
24.414,23.186
26.979,26.633
19.363,19.087
21.52,21.337
22.256,21.163
26.22,25.737
25.671,25.293
24.016,23.531
26.385,25.977
21.322,20.341
22.796,22.62
21.61,20.596
24.561,24.489
24.683,24.482
24.764,23.002
22.609,21.291
26.87,26.51
24.345,23.906
26.19,24.029
26.212,25.747
25.695,25.013
23.284,21.815
25.392,24.922
24.184,24.127
24.243,23.257
24.848,24.522
26.589,26.194
23.683,21.744
26.246,26.102
22.321,21.977
24.781,24.556
24.495,23.987
19.309,18.859
24.706,24.235
26.456,26.269
24.574,24.366
19.108,17.882
23.308,23.167
26.356,25.728
25.236,22.538
18.928,18.829
23.741,22.015
20.556,20.429
22.725,22.604
23.557,22.225
26.612,26.354
26.449,25.837
26.547,26.12
23.218,22.835
24.48,24.309
25.436,24.794
24.646,24.065
25.458,24.946
23.1,22.917
21.166,19.236
23.576,23.06
24.481,24.091
21.551,21.46
26.533,25.966
20.613,19.705
26.534,26.219
23.54,23.421
18.915,18.593
19.295,18.712
20.199,20.109
24.558,24.087
23.335,23.036
25.592,24.803
23.239,23.103
24.581,22.106
23.557,23.155
25.907,25.559
19.267,18.978
22.953,22.774
22.718,21.501
24.886,24.483
24.439,23.809
23.229,22.13
23.843,23.744
26.737,26.515
25.746,25.155
22.281,21.161
24.643,24.511
23.908,23.84
26.036,25.544
25.428,24.86
26.915,26.629
26.774,26.539
23.842,23.72
17.968,17.031
26.613,26.273
26.678,26.114
25.923,25.253
17.943,17.712
19.023,18.913
22.648,22.385
24.985,23.94
21.906,21.649
18.614,18.543
26.755,26.572
24.888,24.589
19.196,18.747
26.834,26.212
25.127,24.941
26.332,25.575
22.565,22.61
24.675,24.549
26.95,26.612
25.274,25.07
24.264,24.088
25.405,24.764
26.863,24.419
25.436,25.116
22.343,22.111
26.132,25.627
21.231,20.734
22.719,22.46
25.467,25.345
22.903,21.452
25.865,25.415
23.901,23.601
24.089,23.84
21.746,20.441
26.079,25.643
25.63,25.478
23.648,23.345
25.403,25.341
25.641,25.114
24.724,24.06
14.344,13.725
21.923,21.003
16.284,16.178
23.756,22.892
26.972,26.5
26.99,26.498
23.472,23.208
25.741,25.364
21.61,20.8
21.259,21.07
26.252,25.843
25.85,24.0
23.934,23.388
26.718,26.919
25.247,25.033
24.632,23.924
26.361,25.887
23.295,22.855
25.642,25.213
24.725,23.235
20.876,20.198
24.923,24.533
25.283,24.377
23.98,23.804
22.769,22.681
25.946,25.65
23.456,21.471
25.566,25.064
25.033,24.673
23.663,23.346
20.488,19.639
22.916,22.277
26.919,26.377
25.775,24.422
24.287,23.827
23.413,23.17
24.425,24.271
25.7,25.322
25.485,25.336
26.966,26.385
26.651,26.192
24.169,23.948
24.621,24.155
17.626,17.346
23.476,21.219
25.28,24.875
22.702,22.507
26.592,26.291
23.954,23.348
26.256,26.012
24.732,24.148
25.699,25.435
25.254,23.281
23.239,22.012
26.469,25.954
23.166,21.079
18.301,17.995
24.071,22.989
24.592,24.171
26.829,24.565
26.611,25.89
24.22,22.658
24.738,23.762
21.428,21.3
25.065,24.927
26.653,25.89
12.68,12.545
26.358,25.999
25.767,25.668
22.745,22.183
24.567,23.262
23.709,23.31
25.287,25.121
22.115,21.994
22.891,22.689
26.083,25.876
26.792,26.132
22.412,21.941
25.344,24.588
14.504,13.788
26.739,26.421
25.179,24.784
26.515,26.2
25.912,25.181
25.931,25.456
20.472,19.902
22.034,21.167
24.987,24.441
26.361,26.162
24.415,24.059
25.039,24.551
23.417,22.964
23.739,21.676
21.044,20.812
16.9,16.709
25.115,24.607
22.919,22.497
26.356,26.003
25.541,25.172
22.384,21.526
26.328,26.193
25.571,24.148
26.913,26.364
26.137,25.759
24.502,24.01
15.815,15.735
26.263,24.413
23.082,22.527
26.155,25.71
24.407,22.087
23.279,22.889
25.976,25.38
26.75,26.369
26.776,25.947
23.837,23.317
25.56,24.311
24.251,23.756
24.6,23.91
23.699,23.451
24.963,24.627
26.389,26.024
24.995,24.785
26.337,25.766
25.023,24.756
26.258,25.954
24.56,24.362
24.985,24.474
24.689,24.58
22.843,22.581
21.054,20.124
19.59,18.565
21.656,19.783
26.399,25.824
18.455,17.831
26.537,26.047
25.13,24.595
25.836,25.689
23.14,22.841
22.993,22.582
25.191,24.695
26.27,26.033
22.972,22.49
19.621,19.517
19.778,18.898
24.859,24.736
25.568,24.662
25.512,25.122
18.594,18.435
25.24,24.779
26.764,24.466
25.23,22.605
26.353,25.953
26.093,25.654
16.535,16.183
22.754,22.643
26.577,25.235
19.729,18.787
20.67,20.134
26.046,23.955
22.825,22.368
24.015,23.917
22.565,22.253
24.767,24.292
25.442,24.847
23.845,23.484
25.572,24.959
24.53,24.384
26.879,26.458
24.577,24.223
25.624,25.315
25.938,25.706
24.325,24.017
25.559,25.341
25.428,25.214
23.267,21.36
25.38,25.003
23.36,21.619
26.815,26.052
25.938,25.515
22.982,22.842
26.371,25.841
25.238,25.073
26.616,24.652
23.906,22.235
22.623,21.41
25.422,24.979
26.659,26.118
25.946,25.469
26.557,26.056
24.419,24.121
26.313,25.983
25.53,25.173
22.366,22.128
17.423,16.559
24.498,24.037
26.731,26.362
26.899,26.734
25.52,25.417
23.253,22.559
26.075,24.557
26.971,26.536
26.763,26.281
23.505,22.418
25.421,25.363
26.808,26.286
22.828,22.709
21.173,20.813
21.782,20.726
20.469,19.828
24.073,23.865
23.272,22.995
24.6,23.255
25.819,25.399
26.042,25.48
22.776,22.387
26.069,25.504
26.153,26.013
26.62,25.858
21.381,21.049
25.649,25.122
26.666,25.798
22.225,20.55
26.946,26.782
23.29,21.709
23.6,22.928
26.712,26.498
24.645,24.504
16.092,15.885
22.647,22.581
25.647,25.246
25.098,23.397
22.633,22.218
26.46,25.962
14.108,13.972
23.216,22.165
26.337,25.906
23.03,22.635
26.873,26.12
25.689,25.208
20.999,20.621
25.691,25.367
22.941,22.783
21.42,21.049
24.249,23.749
22.054,21.466
26.861,26.556
26.652,24.123
21.391,19.917
21.174,19.808
21.221,19.524
21.24,20.264
26.729,26.307
25.093,24.629
23.801,23.723
23.93,23.879
23.14,22.146
20.141,19.747
17.248,17.07
24.752,23.18
24.994,24.129
24.18,23.631
22.054,20.714
23.451,23.268
25.953,25.25
22.86,21.997
16.376,16.254
25.002,24.36
25.922,25.402
22.288,21.395
17.453,17.189
22.063,21.428
18.893,17.875
23.149,22.74
22.753,22.432
25.489,24.998
25.902,25.496
25.594,25.497
23.277,22.771
22.015,21.831
25.798,25.587
18.183,17.756
26.756,26.344
25.957,25.47
26.908,26.742
23.195,21.758
22.896,22.629
26.696,26.29
23.482,23.082
23.921,22.971
21.979,20.944
26.119,25.745
26.032,25.533
23.059,21.988
14.663,14.571
25.215,24.009
25.424,24.912
26.401,25.798
25.044,24.593
26.665,26.283
23.67,23.245
22.266,20.633
26.269,24.368
24.326,23.133
23.679,21.631
24.512,22.563
26.142,25.745
24.246,23.662
25.567,25.037
22.324,22.173
24.341,23.912
26.309,25.843
26.77,26.382
25.758,25.5
25.459,24.292
25.963,25.002
16.96,16.639
25.315,25.012
26.08,25.568
18.323,18.2
25.277,24.781
24.626,22.419
23.776,23.681
26.351,25.763
24.414,22.86
24.482,24.012
26.816,26.191
25.634,25.248
26.864,25.049
23.765,23.238
21.093,20.182
24.599,22.39
24.496,23.312
25.782,23.341
25.486,25.243
26.19,25.978
24.38,22.935
22.169,21.853
23.374,22.821
23.252,21.248
25.003,23.291
23.708,23.471
25.07,23.513
23.608,23.497
24.919,24.583
26.85,26.521
26.489,25.885
24.644,24.354
23.982,22.861
25.872,23.211
25.609,24.956
17.062,16.741
21.237,20.866
24.925,24.331
25.096,24.656
24.992,23.148
26.241,25.571
26.109,25.723
25.411,24.865
17.51,17.268
21.054,19.958
26.929,26.477
20.759,19.185
20.895,20.219
26.061,25.83
23.741,23.369
26.228,25.83
23.815,22.612
24.184,23.726
24.837,24.457
22.646,22.56
26.893,26.732
26.685,26.292
25.526,25.232
23.611,22.522
23.664,22.191
25.476,25.356
23.427,21.946
25.858,25.508
23.601,23.407
24.935,24.753
19.978,18.87
25.449,25.375
26.078,24.652
26.125,23.578
21.526,21.383
25.728,24.102
22.794,22.616
26.721,25.941
25.841,25.292
25.418,24.884
24.333,23.797
25.55,24.945
25.85,25.509
21.246,20.197
26.929,26.694
26.826,26.475
22.319,20.272
24.242,24.075
26.503,25.876
23.671,23.493
23.719,21.876
24.71,23.524
24.93,23.106
24.168,23.716
24.812,24.455
21.891,21.839
26.378,25.915
25.348,24.121
25.198,25.086
17.914,16.376
25.527,25.153
21.562,21.053
21.786,21.435
26.98,26.047
20.774,19.464
21.447,21.368
25.046,24.624
22.992,22.509
24.69,24.063
25.965,23.564
22.61,22.194
26.798,26.347
22.202,22.077
23.215,22.109
22.085,21.817
20.459,19.63
26.867,26.51
26.954,25.989
21.833,20.958
26.831,26.277
26.983,26.494
22.252,22.0
24.309,24.06
22.858,21.222
26.22,26.081
21.354,20.457
20.159,18.342
24.53,23.401
26.543,26.203
22.085,22.277
23.636,23.281
24.576,24.464
23.577,22.854
23.523,23.115
22.047,21.082
22.699,22.454
24.548,22.92
25.725,25.295
26.533,25.554
23.729,23.652
26.28,25.815
22.679,22.555
25.82,25.463
24.891,24.502
25.193,25.092
26.492,26.349
16.127,15.926
19.256,18.303
24.809,24.546
21.939,21.703
25.519,25.314
26.197,25.7
25.123,23.008
25.379,24.872
24.722,24.172
21.251,21.153
24.615,24.389
25.291,25.109
26.9,26.549
24.825,24.565
21.775,21.623
24.599,23.861
22.961,21.624
26.889,26.572
20.494,20.356
24.255,24.048
16.554,16.48
23.661,21.111
23.034,21.92
24.602,24.434
25.116,23.824
23.326,22.788
25.037,24.618
26.591,26.398
23.332,22.406
19.922,18.632
26.76,24.266
24.948,24.199
25.341,24.276
23.85,23.397
16.67,16.517
26.627,26.405
22.939,22.554
22.68,22.285
24.731,24.015
24.647,24.258
26.579,26.119
24.622,23.129
26.349,25.62
26.621,26.253
22.989,22.844
26.163,25.576
23.505,23.032
24.943,24.802
26.694,26.173
21.362,20.441
25.129,24.97
23.859,23.775
26.56,25.887
24.772,24.118
24.403,23.379
24.945,24.552
23.968,22.576
24.933,24.185
24.615,24.336
25.804,23.663
25.603,25.047
20.074,18.705
26.473,26.001
19.925,19.02
23.517,21.782
26.334,25.722
21.613,21.385
24.222,24.072
22.912,21.634
23.559,22.102
26.875,26.437
24.555,24.335
26.927,26.547
26.487,26.001
26.342,25.884
19.287,18.193
25.699,25.011
25.376,24.851
26.497,26.06
25.903,25.411
26.677,26.195
22.967,22.838
25.434,24.998
24.58,22.173
22.462,21.025
23.116,22.696
22.175,21.266
25.997,25.607
22.508,22.119
23.015,20.41
21.953,21.581
25.774,23.505
25.831,25.131
23.027,22.406
26.252,25.416
17.757,17.371
26.026,25.688
26.171,25.605
19.571,19.457
22.503,22.371
18.007,17.539
26.488,26.268
26.595,26.171
26.675,26.108
22.473,22.32
23.535,23.1
22.66,21.48
24.943,24.451
25.397,24.514
25.704,25.196
26.809,26.465
23.002,22.677
22.175,21.09
26.336,24.914
20.701,20.604
26.558,26.167
26.627,26.283
24.551,24.454
26.885,26.579
24.314,23.125
16.712,16.581
23.378,23.07
19.65,18.611
22.027,21.831
19.598,19.218
23.53,22.549
24.913,24.562
25.562,24.704
26.522,26.298
24.911,24.702
24.681,24.157
25.599,25.298
26.727,26.099
20.358,19.261
26.649,24.71
24.946,22.493
24.208,23.646
26.952,26.765
22.424,20.938
24.435,22.959
20.439,20.05
23.534,23.295
24.87,24.514
19.597,18.707
26.883,26.725
26.479,26.11
20.718,20.4
25.665,25.508
26.216,24.39
26.717,26.324
26.155,25.797
18.494,17.981
23.336,23.276
26.627,26.514
23.383,22.896
25.196,25.114
25.255,24.755
26.435,26.08
26.492,25.892
23.922,23.594
19.289,18.252
26.208,25.75
26.621,25.27
24.676,24.366
20.66,19.686
24.02,23.584
25.857,25.353
25.044,23.644
18.009,17.758
26.701,26.302
22.147,22.024
15.505,15.313
24.683,23.51
25.682,23.522
26.419,26.262
23.439,21.769
25.055,23.008
26.423,25.711
18.771,18.59
22.397,22.238
22.348,21.22
26.208,25.476
23.851,23.579
25.8,25.407
26.101,25.733
25.504,25.074
23.616,22.277
26.589,26.107
26.102,25.71
21.918,19.899
25.785,25.309
23.881,23.63
25.359,25.139
26.061,25.665
22.327,21.275
26.751,26.169
24.543,24.107
20.369,19.696
17.783,17.677
25.173,24.964
22.665,22.581
24.223,23.95
23.427,22.1
26.268,24.859
23.836,23.58
25.588,25.269
26.883,26.501
21.807,21.557
24.294,23.818
23.891,23.794
24.325,23.752
26.916,26.232
26.009,25.665
26.162,23.597
26.079,25.654
26.37,25.978
23.643,22.717
26.955,26.688
26.085,25.855
18.025,17.828
22.772,21.732
26.29,25.924
22.929,22.645
14.199,13.923
26.868,26.441
26.344,25.84
24.012,23.477
23.222,21.323
24.169,23.397
25.138,24.652
26.412,25.059
23.815,21.572
25.191,24.714
25.377,24.844
23.365,22.904
25.754,25.612
20.671,19.259
20.97,19.968
24.992,23.35
24.011,22.817
18.816,18.715
23.878,23.287
23.286,22.875
20.104,19.247
24.53,24.291
25.622,25.425
26.509,26.044
26.415,25.988
24.566,23.409
25.728,25.184
25.983,25.731
25.435,23.76
25.79,25.172
26.269,26.48
26.347,25.977
25.463,25.189
25.609,23.199
25.177,24.613
25.357,24.887
20.548,20.39
23.074,21.648
26.439,25.739
26.72,26.113
25.476,25.394
15.068,14.963
22.459,21.519
26.579,25.948
21.564,19.867
18.599,17.993
23.247,22.758
24.237,23.968
25.761,25.165
26.244,25.84
26.252,25.798
26.532,25.824
21.023,19.522
26.609,24.328
23.348,23.114
24.686,24.272
25.75,25.558
26.813,26.381
26.025,23.427
21.587,21.534
24.287,23.761
25.963,25.155
23.564,23.177
23.189,21.858
16.809,16.718
25.73,25.688
25.727,25.552
23.745,23.453
19.368,19.267
25.647,25.577
24.186,24.064
25.974,24.539
26.532,25.987
25.793,25.5
26.872,26.454
25.532,25.125
26.293,26.162
26.592,26.078
23.935,23.514
23.027,22.952
25.479,23.039
26.301,25.919
18.261,17.607
23.195,22.709
26.586,24.57
25.218,24.775
21.872,20.562
23.987,23.818
23.918,22.9
17.308,16.338
26.74,25.994
20.769,20.701
26.47,25.506
26.252,25.857
23.817,22.756
22.03,21.854
22.101,22.042
25.512,24.849
23.7,22.132
25.251,23.061
26.807,26.097
25.837,25.331
26.975,26.645
26.109,25.801
26.426,26.202
23.153,22.296
26.086,23.749
24.153,23.803
22.847,22.737
26.739,26.572
24.718,24.367
24.135,23.984
21.927,21.415
21.128,21.061
24.343,24.212
26.253,25.883
20.761,19.309
26.772,26.252
23.62,23.366
21.718,21.469
25.763,25.33
25.678,25.466
16.324,16.115
21.907,21.517
26.573,26.356
17.633,17.437
26.063,23.654
26.777,26.398
26.863,26.598
24.623,23.416
24.325,22.851
26.663,26.478
25.941,25.255
24.166,23.62
26.944,26.556
24.665,24.197
23.909,23.506
26.008,24.604
26.664,26.039
22.231,21.113
23.074,21.746
25.618,25.566
25.311,24.394
26.104,25.613
20.68,19.722
25.999,25.696
26.948,26.452
19.815,18.297
26.703,26.044
25.489,25.062
25.732,25.513
22.763,22.148
23.579,22.028
22.887,22.793
22.365,20.793
25.095,23.682
24.409,23.95
26.95,24.462
25.147,24.735
20.92,19.561
25.485,25.374
21.595,20.438
23.438,22.977
17.309,16.445
25.305,23.973
26.643,25.884
26.027,25.648
25.564,25.149
24.005,23.838
25.369,24.279
26.759,26.353
22.911,22.449
25.6,24.761
21.906,21.121
23.655,23.282
26.95,26.289
23.013,22.376
25.507,25.387
15.768,15.405
22.029,20.87
23.741,23.669
23.818,23.481
26.676,26.204
23.72,23.568
24.789,24.507
23.776,23.195
25.503,25.108
26.991,26.491
23.146,22.935
26.464,26.015
19.841,18.716
24.349,23.76
26.988,26.521
25.414,25.315
23.534,23.394
22.979,22.05
23.211,21.648
24.604,24.41
25.094,24.889
17.782,17.499
25.91,25.451
25.052,24.431
23.973,22.123
23.745,22.846
24.239,23.679
26.428,25.625
24.167,23.101
25.228,24.789
24.775,24.337
24.429,24.329
25.055,24.66
23.169,22.879
25.825,23.869
24.659,24.214
26.079,25.321
26.173,25.102
23.034,20.865
21.926,20.799
26.403,26.099
26.925,26.459
21.432,20.584
26.807,26.008
26.111,25.573
25.998,25.598
26.967,26.712
25.277,25.051
26.913,26.294
26.733,26.216
25.834,25.482
20.48,20.416
23.863,23.65
21.742,21.657
25.529,23.89
20.699,20.459
25.372,24.951
17.827,17.368
23.369,23.052
25.632,25.005
26.617,26.037
21.638,21.184
25.651,25.14
22.308,22.201
24.863,24.325
22.412,21.772
21.609,20.056
24.709,24.339
26.082,24.902
26.529,26.034
18.968,18.721
26.093,25.596
25.273,24.995
25.099,24.82
22.285,20.766
23.428,22.606
26.431,25.776
26.249,25.721
26.216,25.829
23.939,22.626
26.79,26.638
17.138,16.515
24.506,24.134
24.248,23.852
21.119,20.706
25.926,25.532
20.724,20.197
26.682,26.13
24.437,24.356
25.796,25.375
25.494,25.39
20.297,20.095
26.817,26.587
26.283,26.14
26.877,26.216
26.508,26.387
26.852,25.156
26.083,25.714
21.134,20.386
26.299,26.173
24.137,23.904
26.179,25.973
25.217,25.01
23.823,23.253
24.329,24.063
11.786,11.691
16.369,16.155
20.771,20.551
26.094,25.554
26.751,26.278
25.312,24.872
26.938,26.373
24.073,22.783
25.91,25.528
21.967,21.232
24.308,23.893
23.863,23.793
24.882,24.654
23.848,23.506
24.279,23.976
22.856,22.695
18.284,18.109
18.846,18.128
21.331,20.2
26.456,26.062
26.409,25.935
24.579,24.232
26.384,26.028
25.089,22.849
21.73,21.292
26.885,26.037
20.275,19.361
22.43,21.613
24.952,22.828
24.226,23.22
23.39,23.127
23.613,22.782
26.473,24.658
25.344,24.689
21.59,20.661
25.66,25.359
22.997,21.945
22.885,21.468
26.682,26.084
24.745,24.518
26.585,26.216
25.46,25.12
22.397,22.225
24.814,24.387
23.53,22.085
25.977,25.623
25.229,24.816
26.93,26.595
26.515,26.155
26.697,26.399
24.542,24.447
24.434,23.799
21.622,21.163
17.728,17.616
18.67,18.312
21.742,21.144
26.917,26.264
19.499,18.437
25.418,25.243
24.797,23.836
25.981,25.521
26.783,26.378
25.207,25.06
24.832,22.637
26.817,26.298
25.403,25.179
26.443,25.986
26.412,25.929
26.142,26.009
24.877,24.479
24.245,23.736
25.822,25.598
26.383,25.803
24.177,23.704
26.964,26.388
25.768,24.615
22.309,22.067
25.419,23.294
23.199,23.054
26.126,25.486
25.417,24.996
23.96,22.878
26.131,25.736
24.187,23.832
24.814,23.959
23.617,23.214
25.297,25.216
20.692,19.624
25.706,24.218
22.993,21.509
24.997,24.782
26.226,25.511
26.127,25.851
26.55,26.099
26.78,26.39
24.11,23.69
25.843,25.432
21.607,21.51
24.559,24.215
19.044,18.762
22.832,22.028
22.96,21.662
26.947,26.51
24.169,24.071
17.154,17.059
26.567,26.12
26.317,26.181
17.821,17.613
24.841,24.554
22.645,22.473
26.663,24.692
25.361,24.906
22.496,21.076
26.318,26.18
21.93,20.224
23.837,22.117
22.457,21.279
22.409,21.457
26.217,25.745
26.287,25.5
26.156,25.637
25.229,24.863
17.08,16.789
22.545,20.914
22.906,22.767
26.373,25.448
24.488,24.246
22.957,20.94
23.232,22.211
24.534,24.344
26.95,26.417
23.453,23.082
25.97,25.698
25.339,23.734
25.789,25.214
25.854,25.728
21.712,20.828
23.499,23.019
26.815,24.207
25.632,25.271
26.476,26.115
24.497,23.855
23.753,23.604
17.703,17.546
22.754,22.217
24.598,24.481
26.327,26.206
16.039,15.84
24.702,23.638
23.492,21.824
26.873,26.433
26.765,26.432
24.736,24.503
23.551,21.715
26.517,26.212
24.968,23.665
26.674,26.355
23.864,23.267
24.31,23.904
25.696,25.283
16.25,15.683
26.697,26.026
24.039,23.784
25.155,24.678
25.711,25.092
26.081,24.035
24.511,24.185
26.879,26.602
26.911,26.463
26.986,26.748
23.933,23.82
26.534,24.368
22.122,21.605
26.444,25.847
26.129,25.567
23.997,23.257
25.91,25.793
23.631,23.178
24.096,22.166
17.083,16.6
25.456,24.918
22.629,21.273
26.381,25.868
20.32,19.69
26.108,25.668
16.777,16.188
24.79,23.712
25.26,23.388
26.527,25.845
18.734,18.282
25.382,24.924
23.817,22.816
21.859,21.763
23.09,22.579
26.254,25.828
23.308,22.554
26.655,26.539
24.251,23.923
25.96,25.754
26.336,26.099
26.097,25.942
26.315,25.843
22.055,21.832
24.755,24.458
24.292,23.911
24.479,24.291
26.73,26.079
25.643,25.134
26.681,26.266
23.55,22.277
19.265,19.071
26.051,25.863
24.57,24.304
25.141,23.204
23.033,22.629
25.797,25.37
23.993,23.529
25.158,24.762
22.461,20.945
24.761,24.327
26.533,26.085
25.019,22.931
25.778,25.329
26.233,25.796
18.033,16.873
26.868,26.416
26.734,26.141
24.095,23.958
24.721,24.249
26.942,26.609
23.627,23.358
25.686,25.577
16.473,15.622
24.39,22.253
23.751,23.348
26.282,26.008
25.867,23.758
26.073,25.664
22.835,22.397
23.928,23.622
24.262,22.987
23.16,21.878
24.436,24.039
19.709,18.322
26.674,26.254
24.291,23.046
26.303,26.05
22.771,22.73
26.111,25.985
26.081,25.757
25.448,23.066
20.073,19.306
20.972,20.142
24.063,23.943
22.737,21.787
24.761,24.511
26.058,25.537
26.316,25.927
26.636,26.209
24.288,22.724
24.163,23.876
25.115,23.313
26.892,26.416
24.401,23.921
25.555,25.426
23.239,22.9
26.962,26.202
25.277,24.551
24.479,24.401
25.213,24.351
21.711,20.849
24.8,24.515
26.031,25.437
26.917,26.41
25.099,24.553
26.404,25.896
26.321,26.063
21.609,20.6
26.452,26.324
24.445,23.311
24.061,22.789
25.276,25.049
26.363,23.711
23.808,23.407
17.488,16.495
22.647,22.509
22.091,21.943
24.732,23.962
24.23,24.04
26.797,26.521
24.28,22.135
23.574,23.349
25.897,25.452
21.677,20.887
23.483,23.258
26.654,26.3
22.218,20.944
19.869,19.676
22.515,22.127
24.227,22.997
26.893,26.347
21.56,21.495
23.699,23.236
24.093,23.752
26.68,25.986
24.745,24.539
26.594,26.163
22.003,21.932
21.353,21.291
26.481,25.969
24.048,23.961
25.562,25.377
24.536,23.964
24.492,24.304
21.911,21.825
24.765,24.045
24.66,22.306
24.842,23.556
26.786,24.889
26.702,26.241
24.6,24.182
26.092,25.612
25.812,25.303
26.835,26.431
26.149,25.981
26.658,26.273
22.069,21.957
26.659,26.094
25.917,25.552
24.172,23.905
26.59,26.139
25.895,25.409
25.207,24.932
24.282,23.936
17.939,17.847
26.886,26.379
22.191,19.932
24.366,23.762
22.844,22.323
26.582,25.684
21.994,20.188
23.12,22.867
24.905,24.711
20.114,19.921
20.141,19.529
24.175,22.33
25.947,25.512
23.851,23.374
25.407,24.889
24.65,24.51
25.337,24.901
21.479,21.305
26.635,26.065
25.975,25.476
25.038,24.589
26.588,26.076
25.612,24.567
25.995,25.793
23.271,23.148
25.42,24.885
25.918,25.13
24.338,23.933
23.408,23.23
26.521,25.601
16.717,16.257
24.55,22.831
26.713,26.16
19.105,18.339
22.776,21.713
26.884,26.506
23.3,23.136
21.549,21.271
24.252,23.693
24.051,23.627
22.949,22.347
26.76,26.364
26.981,26.612
23.742,23.297
23.937,23.852
22.741,21.439
25.5,25.047
23.037,20.814
22.776,22.055
17.423,17.023
26.855,24.984
26.374,25.969
26.99,26.462
20.967,20.895
19.213,18.575
26.685,25.551
25.608,25.237
25.155,24.946
25.327,24.848
20.81,20.676
26.728,26.449
25.519,25.194
24.325,23.787
15.202,15.094
24.563,24.537
24.938,24.451
24.972,24.546
26.12,25.92
25.102,24.451
22.545,21.873
26.96,26.379
25.968,25.853
23.045,21.323
20.976,20.252
26.908,26.411
23.938,23.799
26.125,25.53
25.295,24.821
24.604,24.067
24.521,24.129
23.496,22.95
25.198,24.727
25.362,24.897
26.712,26.285
24.408,23.955
25.62,25.536
23.903,23.493
25.965,25.703
22.77,22.291
23.2,22.022
26.776,26.286
23.516,23.215
22.594,21.25
24.978,24.49
24.332,23.788
26.16,25.858
24.977,24.788
22.493,22.14
21.844,21.566
22.918,21.766
23.85,22.772
25.703,25.193
26.909,26.519
26.163,25.73
24.665,24.296
21.437,19.833
23.964,23.483
25.88,25.496
24.51,24.271
25.884,25.682
25.943,25.454
17.907,17.723
22.474,21.831
26.003,25.816
25.276,23.704
16.087,16.013
23.956,23.491
15.693,15.136
26.045,25.9
22.913,22.34
24.23,22.476
25.977,25.838
26.191,26.036
14.728,14.332
23.8,22.721
24.719,24.298
26.203,25.949
23.441,22.431
22.191,21.179
26.268,25.936
23.873,22.413
25.031,24.932
23.643,23.458
26.864,26.25
24.185,23.724
16.229,16.064
26.936,26.45
24.873,23.969
24.973,24.662
22.601,22.148
24.33,23.92
21.446,21.233
26.991,26.42
21.638,20.314
15.523,15.313
24.995,24.756
25.544,25.004
26.813,26.394
23.782,23.227
24.57,24.358
24.284,23.874
21.197,20.395
22.254,22.169
26.724,26.304
23.018,22.713
26.137,25.749
13.773,13.569
23.801,22.357
26.069,25.959
26.822,25.662
25.528,24.974
21.701,20.377
22.354,20.53
26.464,25.823
26.321,25.852
25.865,25.285
23.844,23.397
26.625,26.205
26.022,25.638
25.552,23.604
23.722,23.591
24.84,24.061
23.727,23.564
23.487,23.014
24.277,23.644
25.894,25.518
24.191,23.712
24.329,24.127
26.053,23.468
24.512,23.625
24.896,24.624
24.766,22.914
19.313,19.216
26.11,25.615
21.407,21.234
16.493,16.33
23.272,23.091
26.3,25.77
21.604,19.823
26.487,26.109
24.291,24.19
20.101,19.959
25.911,25.614
25.686,25.315
25.782,25.514
24.901,24.565
21.169,21.033
24.679,23.869
26.692,25.744
22.28,21.885
25.392,24.215
25.078,24.742
25.648,25.256
25.255,23.798
23.496,21.124
18.076,17.987
22.238,21.339
25.748,25.493
22.111,21.843
25.553,25.02
20.905,20.828
26.35,25.81
23.513,23.103
26.683,26.307
25.238,23.683
22.976,21.622
24.03,23.927
22.186,21.988
26.766,26.376
25.696,25.482
26.184,24.131
23.834,24.044
25.06,24.834
22.059,21.882
22.36,21.537
24.792,22.969
26.56,26.23
22.895,21.846
26.5,26.089
20.618,19.587
23.856,23.78
21.031,19.651
25.996,25.65
26.533,26.004
23.68,22.626
21.587,21.281
24.952,24.55
19.045,17.883
26.208,26.041
22.279,22.163
23.476,22.03
19.24,18.58
26.674,26.225
26.723,26.556
24.494,23.356
22.555,22.226
24.432,23.66
20.633,20.551
26.266,23.947
26.628,26.293
24.154,23.649
17.547,17.206
23.838,23.351
25.954,25.66
26.889,26.523
23.326,21.693
24.27,24.128
23.927,23.52
22.384,21.159
25.163,24.673
23.725,23.346
26.902,26.183
26.125,25.595
26.876,26.104
24.998,23.646
24.79,24.623
24.173,23.783
26.874,26.362
19.207,19.013
24.839,24.466
24.567,24.467
26.428,25.008
25.526,24.996
25.225,24.601
22.761,22.394
20.357,19.045
26.704,24.507
22.478,22.08
24.735,24.235
21.136,19.543
23.924,23.604
24.211,23.677
23.152,22.267
25.828,23.832
25.276,24.677
24.336,23.875
24.8,24.509
24.465,24.379
22.864,22.475
20.465,19.033
25.915,25.413
25.589,25.429
23.017,21.508
14.276,14.16
25.765,25.391
18.778,18.676
24.392,22.557
25.279,24.807
22.156,21.384
22.965,22.535
25.45,24.566
26.477,25.866
26.229,25.592
25.943,25.286
24.514,24.245
21.895,21.736
24.561,24.139
16.921,16.756
26.124,25.64
25.986,25.777
26.11,25.769
25.487,23.626
26.503,26.075
23.57,23.479
24.445,23.876
26.119,25.519
26.505,26.4
26.146,25.535
21.869,21.387
25.607,25.207
25.524,25.052
22.949,20.886
21.24,21.041
25.59,25.447
26.271,25.848
25.523,25.419
25.961,24.14
22.487,22.341
26.461,24.064
26.307,26.165
25.042,24.726
23.769,22.002
23.547,23.023
26.672,26.541
25.788,25.263
20.825,20.649
21.201,21.089
23.016,22.597
25.05,22.774
25.365,23.449
26.528,24.147
20.264,20.051
24.881,24.513
22.688,21.635
25.535,24.886
25.573,25.472
22.262,21.088
26.432,26.325
24.888,24.277
26.904,26.507
25.662,25.243
26.062,25.616
21.558,21.134
15.536,15.272
26.405,25.93
25.286,24.838
24.971,24.436
13.173,13.074
26.221,25.763
23.17,22.902
24.703,24.108
26.833,26.647
24.232,22.825
26.726,26.242
25.923,25.768
26.466,25.941
22.359,20.718
26.993,26.733
26.65,26.165
24.963,23.772
26.628,26.479
20.745,18.89
23.68,22.041
20.915,19.671
20.842,20.771
21.716,21.635
25.833,25.467
23.96,23.875
25.303,24.998
25.815,25.43
21.562,21.432
26.873,25.851
25.248,25.166
17.174,17.105
24.089,22.247
23.867,23.044
21.286,20.553
26.412,26.025
25.687,25.213
25.98,25.419
23.523,22.417
26.328,25.785
25.71,24.809
26.707,26.361
26.668,26.253
26.689,26.302
25.585,25.055
21.633,21.144
26.598,26.214
22.859,22.734
24.902,22.298
20.141,19.941
23.253,22.729
26.09,25.628
26.062,25.706
26.674,26.094
24.341,23.289
24.833,24.221
24.889,24.735
25.27,23.567
22.595,22.215
26.718,26.181
24.577,22.757
23.566,23.089
25.578,25.443
24.633,23.954
26.176,26.034
25.819,25.36
21.99,21.855
25.222,24.743
22.063,21.268
26.348,25.592
24.508,23.961
24.935,24.301
26.352,26.064
25.381,24.98
25.723,24.201
24.985,23.973
25.851,25.454
25.817,25.243
26.019,25.565
23.457,23.277
24.119,23.483
22.132,21.085
26.76,24.735
25.032,24.673
23.501,23.056
24.985,24.511
21.752,20.119
26.294,25.775
17.084,16.585
24.077,23.014
26.44,25.023
22.364,20.627
25.275,23.824
25.301,24.959
23.336,22.832
26.225,25.934
24.474,23.321
26.923,26.578
24.271,23.842
26.073,25.695
24.536,24.099
19.347,18.352
26.465,25.878
24.971,23.145
22.829,21.249
26.274,26.168
26.24,24.133
26.157,25.464
26.963,25.528
20.023,19.767
18.295,18.186
26.907,26.375
26.552,26.045
26.364,25.968
25.147,24.537
26.467,26.059
23.037,22.313
24.805,24.393
26.393,26.188
24.078,22.37
26.924,26.528
22.596,21.714
25.376,24.937
23.42,23.222
24.711,24.593
23.357,23.251
18.82,18.005
25.913,25.439
26.765,25.273
23.2,22.396
24.839,24.656
15.85,15.739
25.233,24.741
26.405,26.244
26.518,26.033
24.312,22.348
24.889,24.703
21.862,21.56
23.674,23.293
26.878,26.678
26.005,25.826
24.639,24.348
22.829,22.574
26.665,26.261
24.138,23.326
26.408,26.037
24.909,24.827
26.886,26.402
24.173,23.798
24.569,24.469
23.99,23.81
23.271,22.886
26.516,26.204
22.527,22.241
19.634,19.306
24.49,23.241
25.315,23.393
23.752,23.23
25.095,24.651
24.222,23.744
24.797,24.348
21.618,21.549
24.976,24.386
24.166,23.935
24.618,24.005
24.856,23.776
26.745,26.425
25.831,23.672
25.917,25.748
25.009,24.822
19.32,19.101
24.949,24.652
20.755,19.645
25.255,24.865
25.619,25.09
24.521,24.418
26.587,26.182
26.207,23.691
25.525,25.245
24.849,24.728
23.026,21.224
24.109,22.705
21.336,21.037
17.789,17.678
24.054,22.43
22.644,22.214
26.366,25.515
23.63,21.552
26.149,25.762
22.17,21.66
26.205,25.728
25.853,25.461
25.989,24.305
24.931,24.45
25.059,24.653
22.565,21.456
15.571,15.291
25.275,23.303
26.64,26.192
26.281,24.731
21.933,20.604
24.575,24.057
21.489,21.351
24.856,23.594
24.182,23.654
22.73,21.178
24.013,23.644
24.636,23.285
24.688,23.508
26.689,26.104
26.878,26.469
25.186,24.615
23.902,23.526
24.775,24.267
23.533,22.998
22.786,22.147
26.003,25.508
25.868,25.533
26.23,24.423
10.837,10.748
25.51,23.19
18.493,18.378
25.832,25.353
21.506,21.231
20.323,20.161
25.488,24.915
26.227,25.961
23.493,23.234
25.02,24.507
25.778,25.405
20.602,20.348
24.549,24.482
26.252,25.736
14.601,14.463
24.761,24.283
25.631,25.356
25.624,24.659
26.24,26.006
23.049,22.249
17.037,16.164
26.938,26.4
25.363,24.893
24.87,24.395
17.937,17.72
22.957,22.679
22.02,20.777
23.815,23.727
23.339,22.269
25.666,25.319
26.313,25.967
19.154,17.837
23.772,22.444
25.096,24.835
23.628,23.481
24.028,23.561
24.088,23.793
26.832,25.882
24.611,24.153
24.619,23.651
22.289,22.004
25.319,24.559
26.468,25.916
25.34,23.714
23.962,22.919
25.825,25.414
23.553,23.139
20.93,20.847
26.153,25.696
26.816,26.434
24.72,23.389
21.298,19.773
23.352,23.262
20.216,20.114
22.506,22.357
26.055,24.046
23.018,22.765
20.443,19.617
19.194,18.919
25.937,25.72
21.859,21.358
26.312,25.841
21.487,21.17
25.387,24.83
23.213,22.929
21.999,21.817
25.663,25.191
26.643,26.233
24.04,22.394
26.563,26.193
22.262,21.398
24.427,24.198
26.272,23.883
22.978,22.837
26.787,26.299
26.78,26.067
23.302,22.967
26.104,25.639
25.839,25.332
24.802,24.71
22.737,21.39
21.066,20.21
23.882,22.268
25.592,25.185
22.673,20.957
24.511,24.147
23.358,21.536
21.011,20.397
25.802,25.251
25.689,25.322
23.669,21.087
26.428,25.713
19.856,18.801
23.508,22.965
19.724,19.135
24.642,23.564
24.191,23.724
25.159,23.84
21.117,20.443
24.528,23.992
19.203,17.998
22.471,20.85
25.236,25.111
23.674,22.26
21.619,20.503
25.888,25.182
22.297,21.808
24.114,23.146
26.649,26.439
26.218,25.846
25.672,23.585
24.074,23.518
23.639,23.239
20.676,20.065
26.774,25.99
26.334,25.87
26.79,26.258
24.762,23.858
25.669,24.686
25.352,24.435
24.351,22.559
22.845,22.29
22.042,21.292
17.41,17.041
17.155,16.851
21.769,21.12
17.902,17.768
19.523,18.651
20.871,20.282
24.981,24.89
26.315,26.175
24.587,24.373
21.39,20.231
16.599,16.513
25.388,24.404
25.439,25.168
23.698,23.508
24.893,23.941
22.402,22.055
19.436,19.262
26.502,25.998
24.475,24.206
23.783,22.272
24.229,22.873
23.569,23.457
25.752,25.666
21.122,20.723
25.775,25.496
23.191,21.582
26.766,26.326
19.065,18.504
18.828,18.804
24.0,21.429
25.38,25.05
24.273,23.838
12.929,12.86
24.459,23.954
26.634,23.987
19.687,19.385
26.077,25.498
26.169,25.773
20.232,19.883
22.408,21.602
20.136,18.658
25.848,25.004
23.126,22.165
19.771,19.401
24.768,24.627
23.674,22.686
22.806,22.673
21.491,20.859
20.944,20.742
24.502,23.959
25.933,25.244
23.602,23.218
26.507,25.818
26.551,26.342
22.573,21.33
26.915,24.501
21.804,20.601
20.72,19.7
24.833,24.732
24.272,23.771
26.376,25.544
15.587,15.063
23.767,22.606
26.774,26.372
26.042,25.466
19.82,19.392
18.884,18.557
22.74,21.6
25.079,24.669
23.658,21.873
26.908,26.395
25.086,24.716
20.915,19.997
25.455,24.822
21.493,20.769
25.912,25.323
26.656,26.496
20.605,20.35
24.774,22.375
24.006,22.479
25.935,25.658
25.809,25.381
23.264,22.525
25.741,25.595
23.762,23.419
20.243,19.428
23.75,23.281
24.377,21.903
24.41,24.337
22.328,21.762
26.689,24.184
26.73,26.34
22.981,22.595
20.958,18.988
25.017,24.909
26.846,26.193
26.216,25.217
26.573,25.956
18.019,17.482
26.324,25.877
26.101,25.672
25.357,25.124
22.444,21.642
25.065,24.789
25.119,24.662
26.499,25.584
25.955,25.321
24.606,22.687
25.678,25.458
26.178,25.787
25.502,25.06
26.732,26.497
24.069,23.607
26.056,25.595
20.055,19.808
26.135,25.664
25.729,25.621
26.152,25.444
21.507,21.279
26.869,26.359
23.694,22.871
26.191,23.791
25.134,24.976
25.36,22.898
17.911,17.84
24.607,24.197
26.221,25.769
21.988,21.919
26.358,25.911
24.742,24.133
26.862,26.181
25.907,24.52
26.893,26.47
24.874,24.288
25.84,25.332
23.531,23.453
22.694,22.518
26.732,26.223
22.588,21.639
26.996,26.517
14.25,13.976
26.813,25.987
23.877,23.211
26.875,26.531
24.878,24.7
26.383,25.986
23.456,22.951
25.74,25.335
26.107,25.643
25.492,24.956
21.046,19.59
21.049,20.408
20.756,19.983
26.05,23.474
25.853,25.136
26.471,25.958
24.763,24.225
25.879,25.357
24.504,24.077
25.727,23.727
23.091,22.681
22.231,22.025
26.843,26.306
26.259,25.791
22.523,22.34
26.461,26.164
25.686,25.268
24.795,24.274
23.129,22.701
25.477,24.804
26.506,26.263
23.151,21.837
19.463,18.958
26.702,26.235
26.361,26.117
20.046,19.02
23.514,23.102
26.121,24.295
24.096,23.676
21.856,21.442
21.524,21.088
23.614,23.298
23.592,22.381
25.065,24.978
25.606,25.281
22.611,22.484
24.193,24.095
20.592,20.503
26.819,24.82
23.049,22.904
25.782,25.483
25.42,24.805
25.808,23.738
19.006,18.363
17.365,17.23
23.742,23.195
23.988,23.844
25.939,25.828
23.848,23.587
26.62,26.253
22.658,21.093
23.847,23.402
18.477,17.363
22.892,22.797
24.302,21.828
23.584,22.257
16.248,16.024
22.293,22.169
21.166,20.86
24.466,23.143
23.465,23.167
24.292,23.989
21.658,19.375
26.971,25.867
25.815,25.42
22.043,21.748
25.442,24.963
24.662,23.218
20.927,20.863
25.365,25.123
24.084,23.648
23.511,21.511
24.305,23.894
21.257,20.564
26.515,26.23
26.95,26.539
26.094,23.971
23.073,22.571
25.486,24.573
24.308,23.828
20.491,19.673
15.523,15.277
24.49,23.911
26.802,24.342
23.462,23.219
26.222,25.896
26.365,26.22
20.754,19.309
23.99,21.817
26.133,25.856
15.327,15.214
25.104,22.936
24.379,23.367
25.523,23.192
25.197,24.767
23.67,22.343
26.135,25.647
25.893,25.511
25.646,25.229
24.343,23.914
24.119,23.756
26.654,26.192
26.498,25.65
25.265,24.35
24.843,23.567
25.703,25.247
24.433,23.961
24.621,24.46
25.795,25.446
22.885,22.789
24.567,23.624
23.681,23.229
25.548,25.355
22.934,21.173
24.601,24.251
26.819,26.621
21.657,21.542
26.719,26.503
26.831,26.429
25.773,24.291
26.551,26.167
22.879,21.904
23.541,23.063
26.046,24.807
25.371,24.911
25.309,25.051
26.705,26.523
26.163,23.66
24.607,24.504
25.389,23.233
22.453,21.947
23.738,23.29
26.048,25.479
22.774,22.037
25.295,24.262
26.022,25.793
26.64,25.931
26.576,26.141
26.084,25.619
26.602,26.24
26.336,26.002
22.597,21.445
26.306,25.865
22.71,22.449
24.098,22.384
23.275,22.706
19.257,18.577
23.509,22.573
19.917,18.684
21.333,21.173
24.188,24.068
25.045,24.308
25.869,23.279
26.534,25.988
25.703,24.212
26.17,23.717
23.701,23.261
26.749,26.217
24.319,22.684
24.907,24.748
24.902,24.515
25.958,25.601
24.794,24.417
26.417,26.112
24.763,23.706
26.946,25.031
23.585,21.45
24.663,24.334
22.777,22.397
26.2,26.073
24.148,23.758
13.416,13.267
25.785,23.54
25.228,25.1
23.4,22.49
22.542,22.308
25.063,23.643
23.16,21.766
25.099,24.909
21.252,20.397
20.789,20.088
21.831,20.415
23.647,23.226
26.572,26.224
21.784,19.821
21.997,21.636
24.459,21.9
25.489,23.684
24.538,24.122
26.792,24.886
24.555,23.993
25.342,24.885
26.701,26.238
16.318,15.99
24.458,24.378
26.07,25.525
26.661,26.252
26.832,26.681
25.896,24.046
26.685,25.685
25.927,25.339
24.645,24.446
25.495,24.506
25.013,24.827
21.711,20.453
23.751,23.565
26.283,25.806
26.704,25.351
23.018,22.794
22.843,21.385
21.826,21.75
23.387,23.29
26.512,25.996
25.761,23.723
22.54,22.052
26.302,26.188
24.234,24.148
26.137,25.959
26.812,26.665
26.329,26.181
23.969,23.014
26.982,26.679
23.84,22.368
23.446,22.347
26.182,25.572
21.477,21.044
24.094,23.474
22.353,21.721
20.446,19.642
26.05,25.622
24.694,24.093
25.738,25.645
26.23,25.719
23.947,23.592
26.091,25.593
20.919,20.12
23.123,21.376
22.044,21.835
26.014,24.006
20.918,19.648
24.684,24.518
25.039,24.502
23.318,23.144
22.837,22.739
25.646,25.197
20.746,20.366
26.531,26.108
26.816,25.952
26.301,26.007
26.527,25.676
26.122,24.545
20.469,19.191
22.991,22.915
18.254,18.03
26.478,26.186
26.511,26.066
17.654,17.321
25.908,25.322
22.958,22.891
22.781,21.473
24.148,23.688
22.545,22.217
26.033,25.224
20.109,19.903
24.874,24.534
26.051,25.668
25.737,23.672
23.74,22.641
14.478,14.266
23.404,23.259
22.309,22.005
25.84,24.737
25.367,24.753
26.545,26.332
15.245,15.152
25.909,25.39
22.664,22.394
25.593,24.232
23.945,23.641
26.984,26.596
23.564,23.387
24.687,24.258
21.888,20.858
25.78,25.273
22.938,22.52
21.882,21.665
23.396,22.356
24.484,22.369
23.979,23.508
18.044,17.914
26.551,25.963
26.956,26.457
21.457,20.261
25.76,25.706
23.618,23.324
17.129,17.015
25.781,23.38
23.134,23.031
20.498,20.183
26.083,25.947
25.529,25.274
26.545,26.093
26.591,26.306
24.22,24.141
24.908,23.941
23.846,23.646
24.317,24.059
25.589,24.558
23.096,22.113
25.575,25.166
24.67,24.375
21.634,21.355
25.42,25.179
25.442,24.96
26.473,25.822
26.157,25.517
24.57,24.333
25.208,24.701
22.876,21.075
21.193,21.057
24.314,23.749
25.666,25.341
26.522,25.773
26.722,26.164
25.352,24.962
21.873,20.772
23.852,22.213
26.256,26.046
24.938,23.51
22.887,21.393
25.801,25.677
19.524,19.38
25.876,25.256
22.27,21.845
25.948,25.596
26.649,26.206
23.139,22.905
23.19,23.226
23.675,21.895
26.475,26.126
23.956,23.819
25.11,24.279
25.589,25.018
21.723,21.536
22.905,21.523
21.365,20.781
25.854,25.478
26.523,26.071
18.792,17.847
26.15,24.548
24.323,22.65
20.831,19.148
19.739,19.12
23.053,22.817
25.175,24.754
23.826,22.175
23.754,21.395
26.155,25.582
23.767,21.935
20.533,20.131
21.984,21.37
26.092,25.582
26.787,26.034
25.672,25.385
19.354,18.196
19.582,19.172
22.017,20.333
25.024,24.245
24.496,24.058
25.236,25.081
22.482,22.331
26.126,25.717
17.823,17.601
25.402,24.902
22.699,22.179
24.7,24.218
22.538,22.053
25.601,24.059
25.748,25.37
25.873,23.611
26.435,26.006
24.672,24.508
24.19,23.754
19.986,19.298
26.426,26.027
23.911,23.557
25.024,24.857
25.784,25.661
26.302,26.016
23.938,22.786
22.393,22.328
24.624,23.203
24.567,22.537
19.641,19.547
26.027,25.596
23.102,22.879
26.496,26.286
22.491,22.294
25.749,24.109
23.765,23.659
21.69,19.976
24.458,22.673
25.117,24.715
24.404,23.781
26.918,26.434
23.672,23.633
25.962,25.653
18.058,17.579
24.842,24.709
21.122,21.014
22.428,22.137
23.206,22.856
23.623,23.271
26.008,25.448
24.866,22.954
26.3,25.814
23.927,23.503
22.8,21.996
26.444,26.238
25.491,24.92
25.276,24.056
22.002,20.528
21.931,20.843
19.119,18.951
23.022,22.649
23.904,22.088
23.624,22.409
26.444,25.997
25.543,25.051
26.147,25.933
21.475,20.498
22.389,21.994
25.962,25.842
26.514,26.393
26.447,25.132
22.022,21.919
23.679,22.493
18.311,17.964
26.463,26.161
24.186,23.048
24.242,23.35
23.841,23.455
25.433,23.821
24.775,23.784
22.345,22.247
22.108,20.883
26.433,26.281
26.691,26.356
21.5,20.745
20.203,19.61
22.41,21.056
23.854,23.743
26.596,26.185
25.594,25.447
22.535,22.042
23.882,23.524
20.755,20.419
23.541,22.323
26.459,25.778
23.81,22.378
14.552,14.393
22.578,22.125
25.207,24.622
25.965,24.372
15.199,15.071
26.598,26.106
18.863,17.705
26.064,25.596
23.863,21.716
22.734,20.976
23.622,23.102
23.123,22.819
23.982,23.189
22.051,21.866
24.869,24.306
22.656,22.25
26.425,25.898
26.792,26.534
22.991,22.817
23.201,21.887
23.808,23.618
22.732,22.476
16.741,16.661
24.075,23.041
26.458,24.819
26.914,24.776
24.762,22.486
24.285,24.203
25.826,25.367
25.214,25.103
25.893,25.81
23.541,22.747
26.644,25.944
24.734,24.356
24.251,23.954
26.56,26.271
25.532,25.122
18.097,17.945
26.402,26.008
26.631,25.561
25.586,25.265
25.575,25.192
26.395,25.88
24.269,23.91
26.813,26.607
26.789,24.364
26.479,26.047
24.519,24.275
26.642,26.178
26.426,25.908
22.985,21.53
26.876,26.445
25.018,23.643
22.454,22.282
22.348,20.916
26.383,25.796
24.553,23.241
23.857,23.589
15.833,15.615
25.025,22.368
24.141,23.698
23.348,22.908
24.947,24.607
26.002,25.553
25.441,25.003
26.814,26.38
22.364,22.287
23.921,23.791
24.395,24.018
25.213,23.133
24.134,23.849
26.818,26.32
24.435,22.338
26.053,25.731
15.627,15.539
26.713,25.331
25.985,25.683
25.022,23.311
23.777,23.359
25.166,24.725
26.093,25.592
21.744,20.689
24.809,24.394
20.821,20.629
22.665,22.351
26.678,26.152
25.284,25.133
24.846,24.379
25.026,24.644
23.518,23.124
24.506,24.391
17.091,16.804
21.916,21.611
25.411,25.15
25.988,25.537
21.579,20.16
25.152,24.977
22.413,22.102
23.003,22.024
24.217,24.069
21.801,21.726
26.183,24.6
22.811,22.516
24.01,23.748
26.243,25.822
26.163,25.917
24.778,24.625
18.844,18.653
20.669,20.59
26.025,25.386
19.72,19.493
26.617,26.179
22.317,21.532
25.917,25.316
25.962,23.686
25.815,25.433
26.89,24.386
19.854,19.692
22.546,21.83
23.43,22.013
17.454,17.165
26.917,26.51
22.792,21.732
24.69,24.188
26.278,25.917
25.146,24.767
26.713,26.16
26.282,25.61
26.518,26.059
26.198,25.987
25.884,25.377
26.083,25.69
25.501,24.962
26.076,25.787
26.545,26.129
26.199,24.296
23.589,22.866
25.115,24.647
23.476,22.935
25.065,24.911
26.964,26.51
17.941,17.749
18.805,18.268
24.028,22.868
22.204,21.94
25.19,24.859
24.239,23.694
24.487,24.161
26.426,25.838
25.823,25.103
22.851,22.515
26.56,26.197
26.125,25.283
26.506,26.068
26.427,26.217
23.861,23.396
19.242,18.459
21.771,21.63
26.585,26.095
23.929,23.451
24.84,22.956
18.654,18.585
26.864,26.561
25.089,24.529
26.879,26.451
26.725,26.178
23.065,22.065
24.546,24.457
25.675,25.573
25.749,25.355
24.047,23.573
26.517,25.95
22.124,21.736
20.472,20.287
22.45,22.187
26.554,26.153
24.966,24.737
26.325,25.941
26.673,26.154
25.397,23.365
21.713,21.619
25.246,24.825
26.996,26.427
24.369,23.843
25.735,25.466
23.44,23.348
23.502,23.146
26.801,26.405
21.714,21.521
24.815,24.34
25.572,25.088
24.17,23.071
22.39,21.449
25.624,24.99
24.527,24.164
26.76,26.319
25.648,25.297
24.198,23.649
23.602,23.297
20.914,19.634
25.376,24.408
26.645,26.332
25.538,25.497
26.98,26.593
24.703,24.33
26.23,25.739
18.352,17.596
25.218,24.954
24.319,24.204
21.472,20.775
25.689,25.327
26.87,26.312
24.997,24.885
26.393,26.042
24.152,24.027
22.208,21.677
19.429,18.648
22.843,22.76
25.961,25.367
25.138,22.665
26.628,26.203
23.063,22.905
24.555,22.635
26.997,26.421
26.057,25.66
22.433,21.406
25.548,25.204
25.407,25.204
18.962,18.773
24.008,22.077
22.879,22.7
26.718,26.14
25.625,25.231
25.131,24.997
23.271,22.998
26.238,25.907
16.611,16.381
25.17,24.835
23.804,23.596
26.781,26.507
24.049,23.563
25.574,25.214
21.147,20.71
26.998,26.301
25.113,24.688
26.677,26.171
26.861,26.904
24.034,23.956
22.513,21.282
25.61,25.05
21.154,20.251
16.142,16.043
22.669,22.382
26.203,24.668
22.309,22.156
24.067,23.282
24.851,23.451
22.384,22.009
25.854,25.328
22.981,22.495
26.769,26.186
25.785,25.333
18.998,18.236
25.815,25.264
18.519,17.579
26.235,26.136
22.406,21.718
26.313,25.854
25.266,24.833
24.628,24.557
24.607,24.161
26.141,25.674
26.252,25.999
22.724,22.581
25.513,23.688
26.327,25.986
22.224,21.76
19.417,19.083
26.792,26.325
21.798,21.704
25.564,23.748
24.585,23.536
22.004,21.573
25.075,24.493
24.649,24.302
25.506,25.038
22.333,21.039
21.726,20.933
21.792,21.725
26.496,26.007
23.22,22.491
24.272,24.063
24.477,24.152
24.087,23.516
25.32,23.62
22.668,22.503
23.446,23.051
16.121,15.863
25.158,24.917
23.085,22.866
24.967,24.482
25.16,24.767
26.519,26.15
26.834,26.542
23.333,22.696
20.6,19.211
24.672,24.592
22.033,21.82
25.234,25.034
26.485,26.187
25.396,25.298
25.276,24.981
23.703,23.644
23.333,21.97
18.387,18.268
26.993,26.588
26.571,26.374
25.77,25.367
23.948,21.712
22.966,20.632
18.933,18.859
26.471,26.311
18.64,18.398
21.427,20.015
26.093,25.57
25.501,23.681
21.022,19.826
26.442,26.058
20.093,19.737
26.6,26.481
26.826,26.45
25.026,24.842
26.847,25.006
19.315,19.207
24.371,23.89
24.674,23.989
23.354,22.107
26.48,26.043
24.102,22.125
24.765,24.177
26.207,25.853
22.794,21.825
24.387,24.153
26.276,25.516
25.573,25.156
22.592,20.535
22.502,22.267
24.039,23.932
24.519,24.108
21.594,21.521
24.492,24.079
19.916,19.449
21.722,20.392
24.881,24.502
25.721,24.058
25.522,25.068
25.254,23.931
21.372,21.265
24.613,24.272
23.886,23.513
25.409,23.035
20.499,20.063
25.148,24.838
26.271,25.882
25.105,24.832
24.95,24.753
24.244,23.668
21.29,21.154
25.396,23.955
19.832,19.673
22.084,20.854
23.302,23.207
21.068,20.372
23.853,22.562
23.095,22.852
24.82,24.677
24.055,23.158
25.3,24.711
24.606,24.11
25.445,24.305
24.884,24.462
23.822,22.766
24.148,22.241
24.721,24.057
21.782,21.652
26.128,25.928
22.227,22.163
25.863,23.502
24.995,23.532
26.15,25.61
22.835,22.251
26.835,26.49
25.846,25.308
23.735,23.196
19.288,17.598
26.265,25.111
26.259,25.803
25.157,24.947
23.214,22.257
23.313,22.818
18.76,18.359
26.322,25.935
26.776,25.488
23.438,21.555
26.831,26.305
26.322,25.465
23.75,22.562
26.944,24.763
26.815,26.212
25.657,23.267
26.254,25.74
20.558,20.321
18.901,18.38
23.496,23.362
25.642,25.17
25.503,25.171
25.658,25.256
25.896,25.47
26.93,26.264
26.616,26.023
26.83,26.309
26.982,26.56
26.138,25.569
25.118,24.654
23.509,22.48
16.685,15.844
24.669,24.124
22.491,21.444
20.901,20.799
25.032,24.892
25.951,25.569
25.68,24.361
23.437,23.287
19.439,17.656
26.549,26.035
22.935,22.18
25.183,24.989
24.278,24.197
24.316,24.002
18.943,18.869
26.5,26.027
25.439,25.009
22.131,21.732
25.685,25.323
26.808,26.53
26.397,26.1
25.136,24.733
24.876,25.157
26.888,26.312
26.909,26.474
24.69,24.323
15.415,14.865
23.025,22.027
23.835,23.727
21.347,20.085
26.524,26.262
24.713,24.03
26.385,25.754
22.142,20.888
24.882,24.717
26.668,26.105
22.302,21.987
26.841,26.412
24.943,24.564
24.259,23.813
23.363,23.149
24.787,23.249
26.02,25.58
23.458,23.196
22.286,20.71
22.947,22.752
22.704,22.54
24.033,23.79
26.884,26.675
26.6,26.311
26.718,26.24
25.407,24.974
26.19,25.717
24.164,22.96
25.548,24.873
20.416,18.919
23.776,23.7
21.699,20.632
26.715,26.087
24.676,24.375
26.731,26.258
25.294,24.767
24.008,23.905
24.955,24.705
25.046,24.807
26.491,26.045
19.386,19.246
26.758,26.173
23.712,23.526
25.241,25.079
22.713,22.39
21.235,19.973
24.987,24.856
23.122,23.006
26.225,25.905
20.012,18.954
22.691,22.229
24.086,23.301
26.226,25.611
26.825,26.609
21.413,21.178
26.325,25.911
26.028,24.031
24.806,24.015
23.464,23.384
25.504,24.265
25.475,24.663
22.83,21.591
26.629,24.364
26.616,26.497
25.983,25.683
24.664,24.553
23.914,23.078
26.778,26.164
22.132,21.973
13.084,13.014
24.971,24.886
26.134,25.551
25.418,24.988
21.769,21.687
26.025,25.575
25.069,24.402
25.761,25.311
20.483,19.076
24.691,22.864
18.614,18.483
24.449,24.262
23.28,22.993
24.744,22.353
26.897,25.09
26.725,26.062
22.478,20.782
22.794,22.076
25.59,23.991
21.633,19.424
24.321,22.542
25.646,25.279
26.982,26.635
22.772,22.668
19.621,19.154
23.772,23.381
26.514,26.117
26.969,26.551
23.681,23.258
23.98,22.164
25.724,25.238
20.482,19.24
25.914,23.825
26.81,26.41
26.309,26.129
21.074,20.969
23.619,22.682
25.393,25.32
24.845,24.451
26.721,26.419
22.428,22.08
26.984,26.613
24.371,23.632
24.895,23.955
25.436,25.319
26.096,25.524
26.182,25.786
21.42,20.03
14.586,14.401
24.873,22.912
26.647,26.052
20.779,20.633
24.269,23.933
19.346,19.238
24.545,22.177
26.508,26.125
22.42,22.173
26.754,26.259
25.614,25.171
26.976,26.476
25.888,25.43
22.737,21.485
25.576,25.302
22.648,20.834
26.779,26.291
25.784,25.332
23.607,21.653
26.753,26.416
25.031,24.514
19.311,18.629
24.136,24.154
23.328,21.463
26.238,25.903
23.99,22.464
26.944,26.627
21.01,20.181
25.572,25.132
25.274,24.754
26.735,26.244
26.578,26.147
23.615,23.191
19.964,18.756
24.423,24.197
20.747,19.601
23.802,22.838
23.504,22.592
24.828,24.423
25.716,25.299
25.045,24.824
18.394,17.77
23.658,23.161
20.515,20.196
21.692,21.162
26.695,26.32
26.598,26.138
26.009,25.892
20.515,20.306
26.206,24.377
22.647,22.146
26.578,26.09
26.964,26.519
19.527,18.976
26.711,26.348
25.937,25.524
25.108,24.655
21.39,20.933
25.972,25.524
25.874,23.968
17.719,17.493
24.381,23.984
23.885,22.5
24.025,23.689
25.74,25.25
25.115,24.985
26.041,25.574
22.568,22.464
26.425,26.072
21.406,21.606
26.354,25.666
25.715,25.224
26.879,26.402
23.116,21.914
17.669,17.382
23.575,22.649
26.428,26.162
19.326,19.172
26.405,26.152
26.439,24.807
21.795,20.697
25.674,25.188
22.847,22.443
25.865,25.521
26.966,26.598
23.816,22.456
24.929,24.444
24.529,24.43
21.695,21.564
18.909,17.807
23.497,23.34
25.118,24.98
25.921,25.638
23.785,23.648
26.441,25.803
26.164,25.885
24.353,23.893
23.908,23.326
23.251,22.369
23.076,22.996
26.4,25.95
25.368,25.261
25.016,23.239
26.983,26.785
18.375,17.799
26.039,25.48
26.463,25.08
24.46,24.382
24.16,23.791
13.962,13.793
26.599,26.232
26.761,26.059
20.738,19.726
26.814,26.269
24.809,24.353
19.708,18.829
26.947,26.502
23.279,22.916
26.66,26.078
26.862,26.583
23.055,22.607
18.836,18.497
24.078,23.797
25.502,25.13
23.772,23.582
21.933,21.419
26.722,26.582
23.672,23.001
24.115,23.699
25.293,25.204
25.351,25.159
24.792,23.38
26.459,26.08
24.838,24.232
22.702,22.396
25.596,25.249
22.451,21.811
21.949,21.744
23.656,23.589
22.022,20.432
19.42,19.345
25.648,25.503
25.209,23.955
25.508,25.0
24.565,24.206
22.896,21.593
24.994,24.529
22.11,21.429
23.749,23.643
23.522,23.429
25.881,25.385
23.849,22.883
26.682,26.385
26.173,25.665
25.287,24.905
23.356,23.166
21.816,21.558
22.579,20.967
23.084,22.725
21.927,21.792
26.712,26.299
21.383,20.593
26.436,26.008
26.46,25.858
25.884,25.324
22.99,22.864
23.816,23.38
21.05,20.261
18.399,18.09
26.146,25.649
26.149,25.694
23.144,22.839
23.451,22.323
25.468,23.393
26.673,26.258
21.411,19.893
24.594,24.21
26.904,26.465
25.513,24.588
22.88,21.491
24.451,24.009
26.726,26.096
26.58,26.099
18.496,18.106
24.065,23.505
25.813,24.37
25.536,24.756
23.406,23.257
25.762,25.293
25.831,25.559
25.668,25.253
26.568,26.041
21.866,21.72
24.79,22.99
22.652,22.573
23.057,22.978
21.691,21.311
19.524,18.38
26.926,26.252
22.54,22.414
18.573,17.044
23.906,23.281
25.831,25.639
23.364,23.226
26.123,25.75
26.138,25.604
23.31,22.54
24.116,23.766
25.126,24.925
19.194,18.589
26.229,25.751
24.016,23.085
25.41,23.713
25.923,25.497
26.999,26.337
21.261,21.187
20.104,19.913
25.332,24.815
20.702,19.253
25.42,25.001
26.806,26.406
21.6,20.16
19.091,18.869
26.289,25.857
25.823,24.346
23.846,23.556
26.519,24.126
22.571,22.241
24.069,23.114
25.581,25.21
22.661,21.403
26.511,26.078
26.69,26.101
26.509,26.091
24.312,24.021
24.848,24.651
25.809,25.434
25.829,25.433
22.799,22.637
26.949,26.417
20.991,19.669
25.288,25.092
26.349,25.954
24.968,23.615
26.843,26.426
23.273,23.045
23.23,22.994
25.18,23.71
23.28,22.036
23.699,22.246
24.043,22.578
26.712,26.861
15.513,15.365
25.398,24.862
25.758,25.171
25.933,25.469
26.856,26.532
17.146,17.004
25.093,24.633
25.262,22.864
24.412,22.987
22.338,21.08
24.13,22.625
20.165,20.081
22.072,21.914
26.103,25.732
24.081,23.541
26.282,26.067
21.781,20.956
23.274,23.18
14.481,14.262
24.699,24.332
26.432,26.246
26.042,25.913
24.482,23.989
23.508,22.715
24.943,24.523
26.675,25.964
23.692,21.858
26.492,25.938
26.252,25.635
23.029,22.625
22.418,22.454
22.547,22.086
26.636,26.517
20.579,19.917
23.074,22.615
24.454,23.98
21.326,20.24
25.509,25.182
26.694,26.322
24.749,24.345
22.77,22.301
19.266,18.674
24.877,24.388
26.291,24.221
23.297,21.836
25.944,23.713
26.508,26.151
25.944,25.553
25.449,24.87
24.75,24.352
22.969,22.664
22.335,22.18
24.737,24.249
25.888,25.327
24.045,23.616
26.809,26.189
25.671,25.054
17.582,17.05
21.947,20.49
24.895,24.212
23.233,22.023
26.734,24.291
24.153,23.914
26.329,26.183
26.378,26.249
24.614,24.154
24.253,22.622
24.855,24.462
26.877,26.731
26.629,26.211
24.153,24.039
26.271,25.77
26.386,26.216
22.033,20.426
24.761,24.261
24.882,24.266
22.585,22.284
22.703,22.029
20.78,20.684
26.174,25.664
25.625,25.12
22.444,21.08
24.739,22.798
25.431,24.892
26.347,26.171
25.908,25.791
24.296,23.906
19.638,18.984
25.383,25.219
20.542,19.44
25.166,24.891
26.419,26.147
25.624,25.114
25.048,24.917
23.274,21.916
20.687,20.614
25.778,25.695
24.603,22.614
24.79,24.706
25.192,24.628
26.454,26.302
24.284,23.826
24.247,23.341
25.909,25.485
26.018,25.56
25.021,24.621
26.499,26.228
24.592,23.735
26.024,25.627
23.542,23.171
8.797,8.952
20.865,19.294
23.283,22.865
25.713,25.33
26.975,26.664
21.651,20.22
26.776,26.213
23.987,22.966
25.19,24.711
23.149,23.089
24.34,24.13
23.25,22.751
24.679,24.313
23.164,21.439
26.382,24.516
24.127,21.8
26.91,26.676
26.684,26.558
22.773,22.49
26.53,23.954
26.595,25.945
17.098,16.971
26.277,25.583
18.7,18.597
24.243,23.876
25.404,25.212
25.181,24.669
26.668,26.253
21.577,20.217
26.696,25.933
21.274,20.103
26.619,26.293
23.163,22.919
24.314,23.982
24.624,24.104
24.319,23.818
20.297,19.756
23.811,22.833
25.044,24.784
22.637,21.504
18.908,18.694
23.413,22.503
20.032,19.833
25.107,24.563
26.909,26.489
23.361,23.112
23.342,22.799
15.254,14.579
22.5,21.942
24.444,24.326
22.867,22.341
22.201,20.579
15.774,15.508
25.464,25.375
24.572,24.176
21.983,20.788
23.17,21.799
26.402,26.023
26.472,25.313
25.083,22.638
25.421,25.267
26.148,25.686
25.238,24.659
20.294,20.078
25.493,24.257
23.271,23.165
19.411,19.082
21.146,20.98
22.098,21.988
25.496,25.401
21.605,21.445
26.165,25.94
23.921,22.983
25.183,24.614
25.162,24.979
24.158,24.057
26.333,25.823
24.698,22.79
24.231,24.016
25.227,24.932
26.504,26.056
22.348,20.869
23.189,22.719
25.62,23.986
24.672,24.557
22.373,22.262
21.318,21.216
25.323,24.737
23.436,23.093
24.063,23.689
25.811,25.324
24.917,23.897
19.234,18.922
26.907,26.409
20.139,20.046
24.079,23.742
24.474,23.579
22.088,21.908
25.226,24.613
26.871,26.392
23.48,23.126
23.664,23.478
25.757,25.202
25.675,25.377
26.263,25.984
23.886,22.841
16.186,16.057
22.745,21.334
24.473,22.658
23.333,22.968
26.214,24.193
23.792,22.739
23.893,23.578
25.679,25.307
26.93,26.448
21.419,21.148
26.564,25.989
25.775,25.222
25.764,25.235
26.942,26.577
24.961,24.483
26.948,26.476
25.624,23.996
19.609,19.528
25.325,24.94
24.408,24.107
22.958,21.215
24.342,24.257
23.639,23.218
20.917,19.746
16.3,16.076
23.942,23.855
20.248,20.149
22.653,22.397
18.578,18.231
22.745,22.607
26.486,25.994
22.584,21.191
25.346,24.894
25.24,25.153
22.202,21.771
26.287,25.758
26.988,26.74
24.477,23.442
21.589,20.467
24.414,23.922
25.687,25.136
26.215,23.989
19.929,19.797
25.517,25.385
25.839,25.406
24.914,24.502
26.215,25.797
26.783,26.296
25.071,24.939
24.398,22.751
26.212,25.841
26.624,26.141
25.679,25.247
17.531,16.445
20.13,19.799
26.789,26.247
26.898,26.445
26.89,26.336
22.33,21.941
22.843,22.315
25.271,25.192
22.402,21.424
23.502,21.835
25.229,25.122
22.636,22.532
21.618,20.297
24.365,23.935
23.705,23.679
22.879,22.48
22.31,21.857
24.024,23.805
25.551,25.178
25.92,25.449
25.774,24.111
22.778,22.513
23.592,22.739
19.488,18.847
23.455,22.993
24.088,23.026
19.536,19.075
22.575,22.234
24.752,24.348
23.322,22.757
26.987,26.832
20.664,20.024
25.733,25.348
26.517,26.289
24.439,24.356
17.432,17.131
18.529,18.413
21.835,20.882
22.995,21.681
25.403,23.67
24.678,24.248
25.959,24.59
25.861,25.47
23.472,23.333
14.811,14.715
26.286,25.837
21.077,20.916
23.846,23.363
25.346,25.25
26.03,25.48
16.588,16.401
17.179,17.046
23.116,21.995
20.796,19.145
24.972,24.788
19.348,18.673
23.772,23.671
24.61,24.395
25.013,24.909
25.192,24.041
21.101,19.845
20.277,20.056
24.553,23.638
20.97,20.36
25.944,25.613
24.276,23.749
24.498,24.404
25.057,24.546
25.514,25.12
21.712,21.64
25.276,25.165
24.786,23.6
19.598,18.996
23.474,22.209
23.371,23.147
25.979,23.649
24.261,22.957
23.982,23.715
26.344,26.04
26.983,26.328
13.145,13.033
20.882,20.409
26.003,25.497
25.982,23.437
24.875,24.417
24.797,24.429
24.993,23.166
22.939,22.654
21.646,20.298
21.585,20.233
24.259,23.664
24.786,24.364
26.512,25.99
26.824,26.577
26.092,25.603
23.197,22.351
23.539,22.996
24.455,24.184
25.36,25.25
24.316,23.956
25.186,24.828
24.845,24.22
21.069,20.182
26.058,25.609
23.739,23.465
25.205,24.934
22.214,21.871
26.949,26.479
25.416,25.009
25.562,25.146
21.962,20.701
26.634,26.356
20.767,19.563
19.825,19.001
26.973,26.213
23.649,23.569
26.934,26.513
21.871,19.483
22.794,22.553
24.418,24.208
26.542,25.973
20.309,20.152
25.503,25.072
23.34,21.853
26.713,25.273
23.86,22.923
25.606,25.204
23.387,22.242
11.793,11.718
16.229,15.996
25.398,25.271
24.814,23.155
26.194,26.08
25.81,24.192
26.886,26.167
26.808,26.318
26.872,26.27
25.701,25.35
22.538,21.978
26.203,25.982
18.343,17.265
23.427,22.524
22.591,22.208
24.303,23.329
25.302,24.814
24.192,23.693
22.627,21.369
26.392,25.498
24.886,24.518
23.66,22.139
26.649,26.051
26.305,25.212
25.75,25.282
26.47,25.866
26.61,26.398
25.628,23.674
23.994,23.687
26.496,25.724
21.334,21.093
26.762,26.201
23.083,22.518
23.524,22.408
14.542,14.428
26.006,25.644
26.505,25.705
26.586,26.119
24.993,22.851
24.729,23.917
26.755,25.004
25.596,25.377
26.426,26.232
25.722,25.277
24.231,24.08
23.908,23.508
25.116,24.305
21.621,20.054
26.135,25.936
26.355,26.122
24.581,24.189
25.422,24.859
24.691,22.47
22.977,22.727
22.724,21.968
26.117,25.465
26.842,26.657
25.238,25.134
25.956,25.552
24.265,24.038
25.759,25.045
25.737,25.579
26.909,26.379
23.719,23.282
26.661,26.25
24.254,22.477
24.638,23.657
25.972,25.353
21.72,21.609
25.584,25.068
24.918,24.446
24.179,23.983
22.915,22.752
26.362,26.206
24.901,24.387
25.622,25.27
23.872,22.539
26.027,25.48
25.184,24.76
26.77,25.956
23.744,23.59
25.948,24.412
20.287,18.834
26.048,25.819
22.173,21.621
24.884,24.49
26.254,25.849
26.172,25.572
26.03,25.948
24.011,23.916
23.958,23.031
24.335,24.239
15.104,14.752
21.713,21.642
24.43,24.312
22.525,21.67
25.557,23.441
22.084,21.546
20.431,19.717
25.782,25.272
25.045,22.732
16.188,16.078
24.659,24.569
24.283,23.222
15.141,14.596
25.413,25.089
26.335,24.1
20.091,18.909
18.375,17.789
25.862,25.324
26.556,25.968
26.5,26.196
22.676,22.381
22.454,22.203
26.992,26.488
26.042,25.46
24.478,24.057
25.216,25.13
22.805,22.011
11.881,11.79
25.549,24.462
25.757,24.53
26.63,26.157
25.504,25.084
25.473,24.998
25.702,25.225
26.636,26.236
23.892,23.449
26.149,25.978
26.237,25.844
26.916,26.446
26.124,26.025
23.413,23.007
22.692,22.556
24.354,23.428
26.744,26.502
25.385,24.779
25.454,23.799
24.216,24.034
18.998,18.582
24.934,24.424
22.686,21.958
26.35,25.879
24.68,24.175
25.662,25.21
26.892,26.701
23.974,23.623
25.334,24.897
23.341,22.787
25.922,25.253
23.715,23.262
26.678,25.99
22.554,21.082
26.399,26.174
26.786,26.392
25.526,24.898
26.468,26.302
23.898,22.543
23.35,23.292
23.091,22.887
26.92,26.438
24.684,24.311
25.216,24.573
25.572,24.288
26.444,26.247
26.511,26.227
26.077,25.578
26.253,25.679
24.251,23.592
23.809,23.331
24.591,24.381
26.447,25.859
26.974,26.335
19.283,18.89
23.424,23.21
26.454,24.11
24.84,24.46
24.335,23.961
24.221,24.109
23.463,22.922
26.078,24.288
26.727,26.491
24.747,22.15
25.903,24.793
25.548,25.278
20.888,20.697
24.285,23.979
21.566,20.19
20.394,19.566
26.225,25.69
25.826,23.573
20.153,18.669
21.445,20.931
23.511,22.962
26.322,26.185
24.841,24.435
24.365,24.053
22.383,21.947
23.585,23.481
26.814,26.459
26.3,25.748
26.048,25.791
25.19,24.994
19.549,19.323
25.105,24.411
26.38,26.132
24.044,23.473
23.404,23.072
22.446,22.253
26.87,26.398
24.559,22.781
23.536,23.367
23.477,23.346
26.161,25.541
21.54,21.34
24.282,23.614
25.397,24.992
26.938,25.932
26.05,24.378
25.053,24.288
19.973,19.378
25.988,25.402
25.356,24.902
25.057,24.681
25.253,24.578
22.119,22.031
26.759,26.32
23.006,22.822
23.257,23.166
24.501,24.173
22.014,21.585
26.059,25.737
26.725,26.053
18.164,18.044
25.568,25.178
20.702,18.333
25.004,24.811
18.618,17.868
24.706,24.584
21.061,19.194
17.392,16.87
22.488,22.323
22.868,21.52
24.725,24.286
17.691,17.459
26.813,26.311
26.886,26.545
26.894,26.287
22.037,21.891
24.025,23.591
26.064,25.724
25.732,25.205
23.799,23.528
24.789,24.271
26.476,25.97
26.383,24.089
26.509,25.91
24.135,24.017
24.078,23.836
25.171,25.074
26.602,26.235
23.023,22.386
25.934,25.298
20.823,20.415
24.541,24.114
26.43,26.059
20.083,19.924
26.288,24.735
26.054,25.194
26.818,26.509
26.013,25.913
26.514,26.311
25.077,24.479
24.438,23.931
26.803,26.331
24.31,23.952
25.421,24.902
25.707,25.276
26.975,26.473
19.837,19.152
15.182,14.793
25.65,25.308
22.961,21.384
19.041,18.416
24.181,24.052
25.837,25.269
20.204,19.986
26.352,25.716
24.686,23.74
23.29,23.054
25.606,25.302
26.464,25.891
21.292,20.374
22.046,21.79
26.943,26.52
26.627,26.276
25.083,24.691
19.994,19.649
25.513,23.034
23.483,22.765
21.26,20.689
25.547,24.828
25.122,23.085
26.06,25.676
24.888,23.823
24.238,23.466
24.537,24.433
23.152,22.954
22.576,22.296
26.268,25.723
16.618,16.082
24.485,24.096
26.631,26.235
24.733,24.015
23.669,23.326
17.096,16.922
26.238,25.602
26.088,25.645
26.012,25.448
24.475,24.166
24.86,23.92
21.553,21.268
22.329,21.228
20.538,20.358
26.867,26.028
21.42,21.195
26.622,26.435
23.11,21.674
24.878,24.694
25.66,24.718
23.055,21.787
26.72,24.572
21.206,21.044
25.0,24.017
26.16,25.718
20.193,19.128
24.542,23.631
26.681,26.175
25.859,25.267
24.025,23.591
26.693,26.252
25.584,24.05
24.023,23.622
22.764,22.303
25.787,25.264
25.542,25.32
25.507,25.096
26.104,25.869
26.628,26.366
19.61,19.353
26.511,26.369
26.64,26.374
20.275,19.844
23.161,21.861
18.989,17.951
21.117,20.015
26.477,25.868
24.956,23.577
24.225,23.008
25.125,24.632
24.412,23.02
23.754,21.599
24.241,22.035
25.958,25.417
21.96,20.381
25.631,25.07
23.069,22.749
26.832,25.7
25.89,25.42
26.17,25.963
25.273,24.848
24.193,23.22
25.448,23.959
25.295,24.257
25.413,24.931
22.944,21.257
26.046,25.747
25.763,25.415
26.465,25.84
24.743,24.402
19.527,19.03
23.295,23.053
25.355,24.853
26.522,26.053
26.867,26.182
24.468,23.974
26.992,26.699
26.976,25.191
26.331,25.891
25.799,25.207
23.46,23.179
23.963,23.722
26.163,25.076
26.884,24.486
23.088,22.281
22.682,21.868
20.806,20.619
26.836,24.367
22.891,21.241
21.875,20.633
26.021,25.574
23.996,23.519
26.192,25.376
24.742,24.594
25.184,24.932
26.33,25.227
22.581,22.468
23.074,22.268
25.991,25.351
13.311,13.206
20.268,19.454
25.528,25.258
24.52,23.07
24.847,24.533
26.659,26.366
25.29,25.185
24.983,24.847
26.804,26.115
25.495,24.186
26.198,26.093
25.331,24.95
24.829,23.736
25.017,24.34
26.414,26.078
18.546,18.312
24.929,24.648
21.95,21.121
26.22,25.993
26.248,25.765
26.474,25.954
24.11,23.914
22.936,22.733
20.375,19.6
23.724,21.812
26.794,26.604
20.384,20.257
16.956,16.472
26.696,26.189
25.815,25.246
26.504,25.973
26.619,26.164
26.483,25.84
26.353,25.913
25.576,25.225
26.272,26.144
24.557,24.023
25.862,25.362
25.01,22.862
22.49,21.847
22.048,21.784
21.848,20.922
24.321,24.23
25.973,25.724
25.295,25.448
24.968,24.886
23.835,23.415
26.79,26.215
23.461,23.316
26.037,25.605
23.001,22.365
23.997,22.753
23.222,23.133
26.159,25.71
26.515,26.037
26.871,26.485
26.895,26.144
22.054,21.774
25.447,23.684
25.578,25.439
21.25,21.148
24.035,23.87
24.616,23.779
25.698,24.63
26.605,24.636
24.354,23.01
26.652,25.628
26.034,25.508
18.904,18.426
26.23,25.68
25.406,24.264
25.225,24.624
25.716,25.33
22.382,20.924
24.896,24.727
24.942,23.821
22.491,22.218
22.728,22.353
26.351,26.022
24.598,22.638
25.016,23.494
21.545,21.181
25.38,24.917
26.492,26.214
26.612,26.114
21.437,20.575
25.976,25.377
23.88,23.635
22.874,22.155
25.165,24.975
21.412,20.96
26.198,25.22
26.844,26.606
25.055,24.655
22.809,22.11
21.708,21.292
17.389,17.316
21.13,21.041
26.843,26.206
26.072,25.546
20.933,19.635
24.867,23.113
19.282,19.191
25.397,24.851
24.248,23.807
26.447,26.074
24.602,24.288
25.653,23.875
24.013,23.719
24.458,23.86
22.27,21.864
25.048,24.551
23.22,21.202
25.92,25.153
22.716,22.591
25.504,24.963
25.705,25.582
22.442,22.285
19.353,19.278
18.668,17.864
26.8,26.348
26.465,26.008
26.646,26.38
26.516,25.949
23.852,23.319
26.315,25.866
25.891,25.776
26.463,26.068
26.081,25.321
18.813,18.535
22.761,22.539
25.368,24.786
26.882,26.596
23.336,23.07
18.909,18.722
25.85,25.317
25.874,25.423
21.678,21.302
25.158,25.031
26.475,25.665
26.324,25.935
23.044,22.8
23.25,20.899
26.729,26.482
26.415,25.901
23.874,23.092
26.507,25.978
23.517,21.324
26.515,25.298
22.565,22.375
24.52,24.311
21.7,19.962
24.1,23.753
23.968,23.586
26.338,26.119
17.263,16.984
20.123,18.871
25.883,25.506
23.876,23.534
26.546,26.112
15.423,13.909
26.419,26.037
24.779,24.692
26.62,26.173
20.449,19.142
23.798,22.598
26.016,25.504
25.21,24.733
24.342,24.045
23.351,23.287
19.753,18.612
26.948,25.317
23.431,22.465
25.841,25.012
15.375,15.111
25.394,24.845
25.49,25.077
24.01,23.754
22.575,22.388
23.206,22.875
21.439,20.422
24.187,22.278
18.149,17.871
25.104,23.62
22.577,22.376
24.823,23.643
22.975,22.736
23.747,23.638
25.779,25.574
26.583,26.371
26.047,25.204
23.086,22.19
26.838,26.188
26.613,26.126
24.502,24.42
25.502,25.084
24.885,24.36
23.435,23.128
23.367,23.12
24.282,23.527
24.794,23.524
26.194,25.859
26.674,26.109
21.515,21.33
24.66,22.481
18.096,17.419
26.636,26.104
24.131,23.689
26.836,26.308
23.854,23.648
24.575,24.357
23.641,22.675
23.11,22.17
25.827,25.753
25.382,24.48
26.085,25.672
26.781,26.133
22.312,21.127
26.667,25.738
19.913,19.779
25.756,25.348
22.387,21.332
24.489,23.815
21.693,20.323
26.585,25.887
22.963,22.639
25.891,24.985
26.361,25.871
24.368,23.688
24.141,23.656
22.856,22.523
24.274,23.878
22.199,22.148
26.724,26.549
17.446,17.09
24.5,24.335
21.875,20.504
24.855,24.468
22.792,22.704
26.144,25.884
22.884,21.782
21.576,20.506
26.646,25.967
26.414,25.96
26.281,25.863
26.66,26.112
26.3,26.128
25.889,25.587
22.276,22.051
23.744,21.749
24.477,24.325
26.758,25.904
26.055,25.905
24.385,23.762
24.603,24.018
22.892,22.092
25.461,24.853
25.902,25.469
26.994,26.439
26.045,25.481
26.155,25.785
26.442,26.325
26.249,26.043
23.884,23.777
26.955,26.535
20.75,20.315
26.823,26.533
18.217,17.664
24.157,23.757
20.918,20.088
22.864,22.525
26.093,25.359
22.921,22.637
25.414,24.04
25.937,25.441
26.55,26.439
25.379,25.12
23.167,22.312
24.567,24.226
23.26,22.654
25.807,25.022
24.095,22.52
25.325,24.865
24.456,22.89
26.416,26.032
26.09,25.855
23.804,23.277
26.265,25.921
24.031,23.565
24.881,24.441
22.592,21.544
26.919,26.338
24.262,23.506
20.524,20.38
26.38,25.826
15.36,15.257
25.64,25.508
25.801,25.186
19.813,18.819
23.208,21.673
20.73,20.588
25.671,25.045
23.68,23.431
22.863,21.406
23.675,23.221
25.612,25.107
26.93,26.274
25.934,25.742
22.459,20.993
25.398,25.3
26.021,25.653
24.339,23.77
26.457,25.283
25.935,25.24
26.236,25.864
26.63,26.242
26.361,26.076
24.313,23.839
25.292,25.145
25.732,25.618
20.933,20.534
26.596,26.138
26.575,26.007
26.258,25.67
24.158,22.493
25.21,22.59
22.213,20.838
26.13,25.759
22.698,21.872
20.485,20.028
26.891,26.349
22.721,21.089
26.311,24.944
22.552,21.802
26.252,24.76
26.917,26.517
26.847,24.276
22.272,20.931
20.906,20.171
25.572,25.172
26.686,26.037
26.763,24.629
25.775,25.296
23.068,22.913
24.673,22.441
25.943,25.555
25.036,24.799
17.897,17.673
24.506,24.047
25.172,24.804
23.599,21.982
25.41,24.908
25.47,25.237
24.866,24.674
26.916,24.598
22.194,22.12
26.039,25.576
26.589,25.381
25.57,24.914
24.757,23.603
24.315,24.245
26.047,25.619
22.236,21.372
25.089,24.971
26.953,26.56
24.159,23.752
25.141,24.487
26.127,25.585
26.345,25.878
19.019,18.6
25.017,24.451
25.7,23.536
24.83,24.335
20.16,20.028
26.998,26.444
26.086,25.729
22.862,22.59
21.781,21.71
26.054,25.666
19.643,19.14
25.144,24.838
26.64,25.056
26.395,25.735
26.698,26.441
22.876,22.427
23.706,23.111
19.099,17.846
25.822,25.158
15.994,15.5
25.144,24.764
24.035,23.699
20.049,19.599
24.436,24.214
25.127,24.539
26.672,26.156
24.074,24.01
22.098,21.682
26.84,26.532
20.84,20.456
19.789,19.12
26.376,24.205
21.898,21.351
21.991,20.637
19.683,19.555
23.816,23.433
25.786,25.289
24.198,24.092
26.257,24.019
25.024,23.937
24.381,24.143
25.018,23.668
26.337,26.215
26.075,25.914
24.042,23.953
26.194,25.919
21.595,21.412
26.9,26.323
22.512,20.834
20.71,20.649
25.339,25.197
22.433,22.289
26.614,25.656
25.784,25.628
25.18,25.102
24.236,22.974
23.586,23.203
26.229,26.603
18.139,17.818
23.092,22.972
23.711,21.815
26.223,25.626
14.513,14.411
26.15,25.781
25.904,25.557
25.749,25.351
25.742,25.164
23.452,21.964
23.164,23.027
23.547,23.469
26.995,24.554
25.109,24.615
25.8,24.366
22.002,21.767
25.254,24.89
26.668,25.362
26.687,24.214
25.03,24.696
22.137,20.793
25.234,24.844
24.998,24.807
22.523,21.198
26.546,25.993
24.561,24.459
23.833,23.628
24.485,23.802
24.251,22.246
19.069,17.967
23.817,22.091
20.772,20.564
23.815,22.732
25.986,25.334
24.099,23.54
21.794,21.303
25.614,25.129
25.401,24.941
26.002,25.531
20.103,19.607
26.25,25.815
25.587,23.437
25.639,25.18
21.563,21.378
26.428,26.013
26.344,25.861
24.768,24.688
24.227,23.674
25.909,24.311
26.423,25.258
26.727,24.99
25.505,25.164
21.167,21.106
25.794,25.653
24.064,23.965
23.121,22.855
25.703,25.203
25.358,25.189
26.473,24.626
17.944,17.731
23.873,23.632
22.344,21.378
25.743,25.464
24.681,23.28
15.219,15.118
26.265,25.566
25.745,25.172
21.551,20.55
24.113,23.722
21.781,21.314
24.721,24.54
17.977,17.038
12.298,11.869
26.3,25.799
25.999,25.527
25.333,24.883
25.691,25.201
24.509,24.117
25.327,24.905
26.952,24.576
24.28,23.371
22.773,22.486
21.925,21.788
20.906,20.55
26.604,25.927
23.584,23.505
22.276,21.858
26.479,26.048
24.618,23.955
20.24,19.887
22.422,21.067
25.891,25.357
26.826,26.454
26.95,26.533
23.781,23.33
26.132,25.654
25.006,24.923
26.233,25.638
26.586,26.032
26.311,25.529
25.899,25.495
22.1,21.479
22.721,21.97
22.283,20.75
26.62,26.359
24.946,24.802
17.266,17.124
25.676,25.391
20.486,18.74
26.661,26.308
26.963,26.483
25.667,25.464
24.764,24.313
26.033,25.831
26.367,25.858
25.094,24.236
23.55,23.2
25.666,25.441
26.88,25.264
26.456,26.215
23.31,23.094
26.585,26.071
26.808,26.422
14.781,14.646
22.429,22.014
22.592,22.34
23.608,23.49
24.678,22.561
19.3,18.629
24.737,23.632
26.228,25.768
20.484,18.935
26.731,26.225
25.94,23.99
26.097,25.932
20.037,19.482
25.251,24.782
20.615,20.547
26.587,25.975
25.184,24.688
26.549,25.887
24.876,24.593
26.274,26.084
25.707,25.265
24.709,24.443
26.684,26.001
21.898,21.811
21.851,21.672
25.321,24.612
25.108,24.703
25.819,25.572
23.304,22.397
25.302,24.994
26.658,26.292
20.556,19.6
26.287,25.718
20.823,20.714
26.999,26.484
22.863,21.892
23.87,23.472
26.557,25.921
22.941,22.513
26.854,26.462
23.892,23.677
25.577,25.063
23.733,22.036
22.429,22.222
21.63,20.49
24.795,24.339
25.379,24.114
26.714,26.365
17.512,17.316
24.486,24.281
20.209,20.023
25.363,24.831
26.853,26.56
26.088,25.514
26.534,26.249
25.074,24.485
22.155,21.034
26.46,26.332
25.835,25.306
26.71,26.207
18.189,17.879
25.199,25.055
21.911,21.093
26.311,25.895
23.045,22.65
24.244,24.063
26.987,26.529
25.424,25.342
23.928,23.606
24.004,23.831
24.84,24.488
26.401,26.232
24.162,22.926
22.805,21.537
23.667,21.743
25.027,24.66
22.881,22.763
20.06,19.944
21.847,21.627
25.755,25.247
25.656,25.487
24.806,24.483
25.739,25.23
25.818,25.212
20.955,19.734
21.079,20.064
24.126,23.981
21.027,20.838
22.974,22.792
25.787,25.261
26.403,26.167
23.656,21.492
22.534,22.441
26.396,25.887
25.616,25.38
25.588,25.073
23.855,23.739
25.396,25.325
26.984,26.554
26.838,26.401
26.468,25.215
26.062,25.401
21.292,21.131
26.52,23.885
26.707,24.305
19.57,19.226
25.753,25.463
25.629,23.243
24.348,24.119
25.822,25.646
24.663,24.523
22.828,21.588
17.83,17.749
25.98,24.616
23.34,22.917
25.725,25.174
26.768,26.507
24.652,23.589
24.306,23.328
26.732,26.372
19.411,19.252
21.219,20.315
25.748,25.357
22.864,22.441
25.811,25.458
21.394,20.679
25.664,25.225
25.141,24.792
23.558,21.947
26.542,26.127
25.894,25.209
22.066,21.014
25.907,25.779
23.14,22.667
25.53,25.113
24.309,23.842
22.803,22.623
25.411,25.006
24.001,23.56
25.634,25.259
18.021,17.786
25.505,25.261
24.001,23.906
26.009,25.604
25.133,24.788
26.645,26.216
13.708,13.161
25.731,25.253
20.286,20.128
21.681,21.565
24.049,23.883
25.586,25.258
22.608,22.048
23.2,22.922
25.373,24.87
22.116,21.571
25.296,23.934
25.591,23.297
26.398,25.706
23.94,23.348
26.695,24.805
25.85,25.558
21.831,20.536
19.815,19.621
24.721,22.663
23.89,23.623
20.361,20.182
19.132,18.889
25.265,24.977
21.61,20.815
16.607,16.341
24.294,23.85
26.193,25.738
26.622,26.375
24.356,24.169
20.379,20.002
22.752,22.029
21.465,20.713
23.824,23.529
23.441,23.036
26.31,25.625
23.194,23.096
26.639,25.63
22.951,22.859
26.09,26.099
22.641,21.763
24.325,23.131
25.583,25.291
24.946,24.308
25.937,25.766
25.971,25.89
26.196,25.642
12.169,12.136
22.559,22.259
24.179,21.795
23.768,22.152
22.761,21.675
23.193,22.746
24.444,24.064
25.015,23.422
25.273,24.786
16.73,16.492
23.895,23.794
22.932,22.747
26.986,25.754
26.796,26.005
22.33,20.982
25.048,24.37
24.758,24.25
25.324,24.908
23.576,22.196
23.969,23.535
26.93,26.504
26.537,26.17
25.655,25.251
23.829,23.708
19.266,19.094
25.647,25.276
25.841,25.402
25.953,25.535
26.427,25.838
25.969,25.469
14.299,14.183
22.24,20.775
24.699,24.205
25.317,25.064
19.447,19.256
26.667,26.204
23.648,23.174
23.482,23.207
25.14,22.685
22.067,21.666
26.306,25.032
26.559,26.268
26.966,26.318
25.037,24.611
19.209,19.01
26.274,23.789
24.039,23.881
25.571,25.158
25.915,25.571
25.942,25.797
20.8,19.281
24.463,23.785
26.9,26.541
26.576,25.687
18.96,18.755
25.204,23.006
25.731,25.404
23.552,23.526
18.14,18.019
19.628,18.744
22.042,21.103
25.988,24.063
26.032,25.85
18.682,18.252
26.595,24.391
24.731,24.318
26.367,26.088
26.448,25.807
25.946,23.32
16.904,16.611
24.399,23.817
23.409,22.431
25.143,24.391
25.904,25.482
26.266,25.522
18.731,18.125
25.388,24.934
19.603,19.356
18.921,18.696
26.239,25.76
24.947,24.654
21.945,21.697
19.249,18.326
24.703,24.385
25.851,25.34
26.413,25.74
24.138,23.776
23.844,21.995
22.24,22.153
26.026,25.556
26.279,25.769
23.313,23.147
22.64,22.474
26.203,25.461
22.838,21.047
24.729,23.508
21.311,20.944
21.17,21.094
24.07,22.682
17.978,17.274
26.443,25.717
25.898,25.178
21.885,21.394
25.876,25.11
24.365,23.984
20.001,18.613
25.195,24.521
26.442,26.024
26.572,25.035
22.804,22.68
24.744,24.679
26.915,26.467
24.574,24.018
22.916,22.83
24.352,24.012
18.836,18.728
26.659,26.064
23.48,22.321
24.842,24.766
22.189,22.055
26.578,25.98
19.714,18.798
24.516,24.332
25.458,23.761
26.285,25.847
26.762,26.429
19.022,18.489
26.353,25.801
24.558,24.249
25.08,24.657
26.351,25.592
19.787,19.62
24.144,23.916
26.63,26.467
22.907,22.832
24.582,23.548
26.34,26.074
26.156,25.681
26.727,26.288
22.443,22.056
23.561,22.474
26.827,26.395
25.446,25.069
21.367,20.331
26.01,25.83
21.854,20.841
22.511,22.433
26.045,25.757
22.808,21.451
23.847,23.602
22.036,21.156
18.965,18.683
26.134,25.947
23.936,23.581
23.343,22.618
25.862,25.708
25.995,25.728
26.731,26.3
26.747,26.354
26.908,26.493
26.597,26.062
24.361,24.276
26.091,25.627
19.624,18.789
26.504,25.741
24.778,24.343
26.964,26.647
20.141,19.008
21.148,20.645
25.338,24.716
22.658,22.463
26.38,25.673
22.67,21.434
26.585,26.225
23.625,22.176
26.413,26.032
26.052,25.554
23.62,23.287
25.617,25.31
26.262,25.85
23.036,22.896
25.105,24.582
22.487,22.196
25.776,25.332
22.065,20.556
26.778,26.173
24.561,24.114
26.754,26.247
26.793,24.206
21.403,21.153
23.392,22.145
26.156,25.704
25.268,24.953
25.199,24.698
25.208,24.944
25.099,22.52
26.99,26.35
18.959,18.687
25.037,24.448
26.211,25.813
26.063,24.133
21.936,20.615
24.777,24.701
23.1,22.916
19.669,19.047
24.787,22.998
26.714,26.349
23.97,22.307
23.753,22.393
19.925,19.507
25.195,25.11
25.712,24.699
16.505,16.128
26.298,25.853
21.993,21.811
21.307,21.182
25.403,25.007
25.889,25.604
23.32,22.251
25.861,25.36
24.577,22.744
24.868,24.536
26.035,25.628
25.47,25.378
19.965,19.076
26.763,26.481
22.611,21.189
24.858,24.43
25.611,24.981
25.937,25.755
26.62,26.23
25.575,25.313
26.136,24.451
20.836,19.851
24.768,22.891
25.918,25.458
19.622,18.709
26.234,25.747
25.944,24.466
24.994,24.583
25.689,25.347
25.133,23.096
22.338,21.167
23.039,21.163
22.608,22.413
21.704,21.514
23.655,22.859
21.784,20.679
24.296,24.183
18.893,18.829
23.488,23.182
23.133,22.986
26.092,25.562
24.643,23.788
18.674,18.513
26.733,26.157
25.45,25.009
24.958,22.708
26.203,25.623
23.82,23.621
25.78,25.428
25.47,25.331
22.76,22.289
23.481,22.517
21.298,21.083
25.173,24.917
20.383,19.87
24.264,23.967
24.086,23.061
19.412,19.331
26.157,25.795
26.14,25.61
23.995,23.599
22.313,20.791
25.883,25.52
25.806,25.648
26.297,25.869
19.718,19.135
26.093,25.554
25.216,22.927
26.245,26.1
25.37,24.926
25.55,25.334
26.501,24.651
17.803,17.736
20.002,19.914
25.264,24.889
26.956,26.598
26.247,25.946
24.756,24.293
21.62,21.552
25.585,25.156
24.788,24.527
25.65,25.267
24.774,23.74
24.29,22.542
19.782,19.644
25.249,24.935
24.974,24.622
25.314,25.042
19.78,18.87
24.158,23.621
26.395,23.75
24.691,24.39
23.878,22.402
23.041,22.213
24.383,24.245
23.748,22.36
25.489,25.078
24.526,24.479
24.417,24.361
14.15,13.849
26.943,26.687
25.682,24.653
24.883,23.871
26.771,26.29
24.715,24.313
26.655,26.244
26.515,24.903
21.323,20.852
25.627,24.863
23.24,22.894
23.048,22.993
23.395,22.953
20.656,20.402
13.477,13.375
23.669,22.142
23.08,23.014
26.913,24.572
24.365,24.025
22.013,20.866
24.879,24.698
24.229,23.59
26.401,24.958
26.506,26.234
24.927,24.072
25.49,24.891
25.259,24.714
26.34,25.776
18.492,17.688
25.213,24.759
23.274,22.462
25.378,25.047
26.958,26.278
26.72,26.289
26.652,26.487
22.28,21.436
26.414,24.542
25.172,25.095
24.068,23.514
24.371,22.814
22.503,21.727
26.507,26.306
23.092,21.68
20.711,20.292
26.719,26.308
25.657,25.07
26.864,26.187
25.649,24.198
21.492,19.723
25.498,25.166
23.643,23.328
18.408,17.787
24.354,23.725
26.248,25.683
11.382,11.357
20.578,19.44
21.254,20.039
25.628,25.561
26.881,26.585
20.118,19.954
24.961,24.771
25.205,24.798
22.886,22.623
25.906,25.412
25.897,25.192
25.504,25.336
24.508,24.007
24.983,24.59
25.062,24.971
23.876,23.581
26.307,25.833
23.89,23.453
25.829,25.313
26.408,26.05
22.123,21.695
25.652,25.3
24.692,22.781
26.97,26.456
25.849,25.323
25.843,25.699
25.04,24.536
21.633,21.412
23.512,23.063
25.674,25.543
24.565,24.319
23.311,23.201
24.211,22.388
22.291,20.921
26.772,26.228
24.646,24.573
23.584,22.703
21.439,21.247
25.826,25.51
25.795,25.581
21.32,19.398
23.303,21.557
26.684,26.147
26.925,26.355
22.697,22.513
20.037,18.483
25.314,24.079
22.325,21.974
20.978,20.389
26.715,26.539
25.493,24.947
22.618,21.945
20.786,19.927
21.876,20.872
26.727,26.247
26.745,26.389
26.851,25.938
26.009,25.421
24.489,23.796
26.437,26.312
26.337,25.97
25.82,26.104
25.727,25.34
25.625,25.211
26.089,25.525
23.574,23.085
22.689,22.561
25.316,22.66
20.304,20.115
25.054,24.939
26.126,25.845
24.103,22.257
20.497,20.244
26.352,25.455
23.874,23.784
25.022,24.232
25.696,25.304
26.333,26.091
26.492,25.978
26.457,25.526
22.114,21.269
23.446,22.697
23.782,22.299
26.503,26.141
26.25,26.052
24.974,24.489
24.504,24.284
19.393,19.273
24.984,23.763
24.504,24.097
26.146,25.782
24.479,23.363
23.876,23.649
23.644,23.259
24.835,24.153
18.485,17.31
24.547,24.046
20.961,20.647
26.335,25.974
21.643,20.763
22.211,21.935
22.095,20.275
26.955,26.349
25.618,25.509
25.988,25.437
26.357,25.762
25.839,25.55
26.765,26.352
26.527,26.177
21.528,21.29
25.364,24.167
26.278,24.099
23.439,23.36
24.564,24.373
25.063,24.604
24.37,23.94
25.804,25.665
21.645,21.549
25.364,25.212
17.134,16.945
25.74,25.398
23.851,22.495
21.523,20.178
25.428,25.303
25.502,25.019
24.554,24.046
25.808,25.702
26.849,26.301
26.626,26.072
23.379,22.577
25.021,24.731
25.576,25.329
26.83,26.5
26.758,26.574
26.551,24.415
22.594,22.521
26.445,26.073
26.337,25.867
26.114,25.656
22.184,21.421
26.375,25.99
22.465,22.373
20.764,20.442
25.864,25.714
23.23,21.585
22.566,21.24
26.885,25.952
25.334,24.786
23.596,23.127
25.943,25.285
21.974,20.934
25.169,24.722
19.595,19.379
26.15,25.513
26.536,25.777
25.601,24.972
26.445,26.019
25.258,24.571
24.25,24.155
22.826,21.23
26.641,26.426
15.811,15.672
24.615,23.088
25.647,25.129
26.694,26.138
23.241,22.656
25.726,24.032
25.977,25.365
24.894,24.29
26.332,25.804
22.52,22.453
23.267,23.115
18.242,17.385
17.645,17.168
23.028,21.851
26.153,25.685
26.616,26.482
24.745,24.244
19.908,18.537
24.026,23.029
22.405,22.022
22.788,22.556
24.463,24.134
26.039,25.54
24.405,21.901
23.198,22.773
25.733,25.09
25.68,24.926
22.682,21.33
19.988,19.221
26.662,24.939
24.426,23.915
26.021,25.663
25.22,25.078
24.255,23.817
24.457,22.305
23.147,22.82
20.247,19.0
25.246,24.723
25.619,24.43
25.408,25.291
25.299,24.677
23.808,23.442
20.454,19.125
23.716,22.15
23.672,22.112
23.542,23.167
24.826,24.659
26.502,25.898
21.227,21.008
23.114,22.4
25.864,25.29
25.887,25.282
19.112,18.637
25.531,25.107
26.461,24.539
26.51,24.316
23.492,23.115
24.629,24.079
23.54,23.227
22.808,21.517
23.336,22.948
23.594,23.4
26.158,25.625
25.624,25.06
24.142,24.037
24.355,23.866
26.506,26.405
20.937,20.701
23.928,23.448
22.014,21.938
24.631,23.206
24.141,22.291
24.001,23.527
20.402,20.276
23.052,22.894
19.814,18.421
18.615,18.463
24.211,24.099
25.347,24.244
25.706,23.336
26.439,26.187
25.607,25.12
21.138,20.898
25.232,24.826
24.358,24.229
22.216,21.328
26.346,25.829
25.057,24.612
25.102,24.82
26.715,26.331
25.574,24.931
24.889,24.485
26.864,24.811
24.021,23.842
26.873,26.331
23.647,23.309
25.773,25.223
24.03,23.758
24.708,24.317
22.614,22.44
25.429,24.277
26.325,25.887
16.465,16.226
23.476,23.167
24.643,24.428
24.679,24.285
19.815,18.896
26.455,25.979
25.148,24.909
23.026,22.616
22.892,22.1
24.937,24.638
22.989,22.415
24.642,24.48
24.713,23.793
23.654,22.572
23.307,22.943
23.858,23.545
25.893,25.367
21.322,20.564
26.208,25.958
25.669,25.583
21.229,20.895
24.733,24.27
24.281,24.071
21.598,21.32
25.964,23.663
26.269,25.877
25.097,25.009
25.679,25.424
25.839,25.199
26.087,25.689
26.811,26.396
26.767,26.177
26.723,26.162
24.498,22.774
23.841,23.409
22.777,21.033
23.512,23.425
20.674,19.544
25.548,24.791
20.507,20.436
26.746,26.329
23.794,22.103
23.077,22.75
23.743,22.72
25.69,25.435
25.203,23.292
24.101,23.665
26.053,25.554
25.188,24.712
15.487,15.386
23.012,22.153
24.654,23.92
24.383,22.546
23.209,22.796
20.275,19.207
25.599,25.256
26.288,25.643
23.847,23.326
21.785,20.808
23.091,22.595
21.302,20.642
26.86,26.31
26.2,25.718
25.497,24.999
23.175,22.097
25.436,23.04
25.714,25.588
24.89,24.365
25.042,24.289
22.322,22.184
25.972,24.962
20.892,20.25
25.011,24.462
22.145,21.226
23.459,22.372
25.273,24.744
24.189,23.023
25.036,24.872
22.706,22.141
18.272,16.828
19.443,18.904
25.744,25.213
19.452,18.453
24.294,23.883
20.17,19.701
21.882,20.51
25.061,24.633
21.957,20.543
25.464,24.992
26.85,26.46
25.771,25.035
19.143,18.788
24.067,22.874
23.398,23.286
26.76,24.487
18.483,18.318
25.997,25.537
26.601,26.093
25.326,24.911
26.212,25.875
24.48,24.296
25.094,24.559
25.243,24.976
23.852,23.684
23.533,23.465
24.469,24.035
24.479,23.906
24.617,24.363
24.292,24.204
25.868,25.492
19.824,18.997
21.399,21.309
25.481,25.071
20.539,20.332
23.003,21.564
23.419,23.282
20.286,19.754
25.863,25.748
18.376,18.163
22.078,21.003
25.284,24.775
19.17,18.851
25.917,25.754
24.322,23.881
26.514,25.795
25.912,25.605
24.073,22.231
22.425,22.317
26.653,26.064
25.322,24.945
19.619,19.449
23.577,21.964
22.931,22.605
22.343,21.466
22.239,22.172
26.957,26.514
25.537,25.031
22.558,22.275
26.807,26.387
23.582,23.494
24.162,21.799
25.994,25.685
24.911,22.393
22.537,20.765
22.482,22.258
25.971,23.901
25.254,24.796
25.77,24.557
26.403,25.913
24.827,24.296
19.852,18.938
20.739,19.925
23.077,22.465
26.451,26.054
26.79,26.079
17.967,17.359
26.461,25.924
22.625,22.393
19.807,18.825
23.888,21.494
23.124,22.824
25.469,24.926
25.972,25.534
26.525,26.059
26.188,26.036
25.271,25.104
25.849,25.222
26.51,25.752
25.383,25.266
26.423,25.971
16.913,16.733
26.92,26.262
26.273,24.727
21.814,20.861
22.317,22.222
23.045,21.942
15.252,15.102
24.101,23.928
24.458,23.974
26.917,26.476
26.466,26.021
24.974,23.055
19.569,18.913
25.214,22.643
26.619,25.632
26.66,26.343
24.112,22.963
22.66,21.197
26.721,26.18
22.823,22.762
23.937,23.49
18.1,16.807
20.127,20.055
24.852,24.478
26.132,25.683
25.821,25.044
25.646,25.34
25.853,25.736
26.16,25.748
25.599,25.323
26.11,25.644
26.032,25.485
26.675,26.226
20.253,20.179
23.452,21.86
26.773,25.403
23.079,22.795
24.509,23.991
18.62,18.408
24.639,23.102
24.503,23.969
26.555,26.441
24.476,23.955
26.428,26.163
24.465,23.923
21.215,20.721
22.453,22.245
25.636,25.065
25.832,25.128
12.926,12.709
23.234,23.036
26.275,25.851
23.063,22.78
24.117,23.976
25.026,24.44
25.206,24.998
24.779,24.712
25.856,25.27
16.31,16.213
23.728,21.951
24.672,24.507
24.976,24.741
18.978,18.831
24.636,24.343
25.197,24.889
25.529,24.996
24.332,23.785
26.619,26.321
17.722,17.598
26.399,26.019
20.726,20.65
14.978,14.879
25.971,24.629
26.153,24.827
14.567,14.34
22.233,22.122
22.865,21.309
25.446,24.666
21.679,20.814
15.082,14.862
25.853,25.34
21.681,21.47
25.419,25.034
25.973,25.699
22.129,21.241
24.447,24.227
19.973,19.159
21.062,20.02
25.091,24.961
26.82,26.268
23.967,23.843
25.541,25.455
21.576,21.45
23.614,23.206
22.793,22.292
20.115,19.464
20.45,20.238
22.935,22.43
26.361,25.721
25.105,24.624
26.884,26.617
25.39,22.795
16.656,16.006
26.676,26.226
25.562,25.402
19.454,19.293
21.444,20.866
26.639,26.167
24.185,22.313
22.385,22.344
24.891,23.06
26.882,24.662
22.425,21.031
26.121,24.346
22.799,21.807
15.881,15.779
26.904,26.115
23.631,23.46
26.723,26.41
23.799,22.427
23.174,21.758
25.132,24.967
26.782,26.322
23.817,22.796
26.238,25.675
24.847,24.762
22.639,22.027
22.829,21.452
17.453,17.343
21.633,21.323
24.253,22.675
25.114,24.719
23.469,23.227
26.998,26.545
25.278,24.946
25.793,25.329
26.524,26.225
21.32,21.268
23.733,23.322
22.762,22.674
26.407,25.894
24.738,24.606
24.713,23.277
22.955,22.767
23.817,23.508
22.622,21.228
26.384,25.803
26.585,26.173
21.987,21.076
25.973,25.587
21.74,21.57
26.321,26.045
26.372,25.682
25.534,25.039
25.801,25.277
23.852,22.908
25.087,24.07
24.968,24.524
24.444,24.277
20.433,19.54
26.606,26.258
22.409,21.762
20.282,20.11
22.669,20.787
26.999,26.64
25.453,25.129
26.707,26.251
24.317,22.655
21.353,21.238
25.945,25.82
26.828,26.267
24.742,24.511
13.837,13.691
25.403,25.211
25.492,25.128
22.908,22.084
24.498,24.216
23.43,22.089
26.986,26.843
23.67,22.795
23.922,23.832
19.245,18.848
25.545,25.166
23.424,23.113
25.765,25.285
25.576,24.061
25.692,23.99
22.657,22.266
20.489,19.274
26.02,25.195
25.101,25.05
24.211,24.119
24.647,24.189
26.908,26.473
26.925,26.712
21.736,21.893
26.215,26.114
22.477,22.052
24.913,24.857
26.487,26.023
26.294,26.194
25.284,25.199
24.013,23.539
26.185,25.89
21.67,20.352
23.649,22.713
23.0,22.641
22.469,21.206
22.752,22.578
24.253,24.196
26.932,26.306
24.456,23.86
24.488,22.765
21.564,20.568
24.219,24.157
26.329,25.357
22.209,20.509
20.728,20.651
26.794,26.138
21.402,19.912
26.956,26.553
25.649,25.156
19.548,19.439
25.182,24.547
22.34,20.88
25.081,24.686
25.418,25.042
26.413,25.929
25.439,24.959
25.513,25.101
25.488,24.575
25.047,24.349
24.353,23.972
26.9,26.594
26.404,26.241
24.549,24.384
23.629,22.612
22.156,19.663
25.198,24.894
19.99,19.889
24.257,24.195
26.163,25.496
25.423,24.812
26.357,25.939
24.939,24.497
24.516,24.207
24.533,24.223
26.59,26.21
21.682,21.569
22.789,22.405
22.706,22.518
22.73,22.365
24.396,23.459
24.876,24.552
22.864,22.33
26.522,26.284
26.423,26.292
24.296,22.195
26.922,26.359
24.834,24.703
26.424,26.086
25.342,25.211
26.007,25.166
26.173,26.052
25.388,25.148
24.957,24.835
26.267,25.888
26.565,26.077
15.177,14.567
26.923,26.025
25.922,25.472
22.425,22.315
26.26,25.766
24.463,24.001
25.754,23.907
20.059,18.37
26.904,26.569
23.183,22.891
26.537,25.967
22.587,21.666
26.879,26.677
21.214,20.341
26.853,25.372
24.007,23.412
24.794,24.392
25.782,25.373
26.374,25.893
24.55,24.096
23.736,23.579
24.416,24.111
26.529,26.056
26.868,26.272
26.671,26.121
26.909,26.831
26.851,25.773
26.645,25.825
26.205,25.945
25.406,25.147
24.233,22.688
22.816,22.692
24.104,23.795
21.413,21.113
23.768,23.533
25.823,25.438
24.99,24.838
25.743,25.433
21.742,21.231
25.219,24.993
26.801,26.049
23.349,22.907
20.708,19.503
25.381,24.839
21.354,20.963
24.804,23.569
25.092,24.653
24.471,23.795
22.184,20.675
26.178,25.729
25.213,24.862
24.239,23.828
26.667,26.145
26.418,25.988
25.993,25.852
23.728,21.906
25.6,23.519
23.932,23.114
24.102,23.732
26.828,26.351
21.936,21.869
22.819,22.19
23.893,23.394
26.346,25.803
25.126,23.649
26.326,26.158
23.241,21.811
23.304,22.938
22.109,20.395
21.704,21.331
23.182,21.31
22.196,21.993
20.651,19.84
24.785,24.359
22.714,22.639
23.982,23.702
26.084,25.612
24.146,23.878
20.396,19.274
26.356,25.923
26.924,26.511
26.74,26.082
22.869,22.597
24.502,24.349
26.857,26.478
24.245,24.061
24.195,24.12
25.048,22.738
24.766,24.152
21.269,21.208
22.853,22.705
25.242,22.858
22.011,21.817
20.391,20.28
23.579,21.777
19.978,19.23
22.005,21.84
23.669,22.389
16.437,16.208
25.657,25.152
23.856,23.706
25.277,24.934
25.268,24.836
21.004,21.221
19.04,18.891
24.642,24.557
25.403,25.255
23.599,23.313
23.86,23.53
25.662,23.977
25.022,24.6
23.835,23.535
26.936,26.5
24.357,22.952
24.413,24.302
22.174,20.973
25.73,25.354
23.366,22.377
25.744,25.39
26.265,24.241
24.878,24.404
26.031,25.704
24.025,22.674
22.486,22.131
25.206,22.964
25.631,25.255
26.955,26.246
26.731,26.464
26.617,26.076
25.259,24.79
22.877,22.582
24.163,22.692
25.13,25.042
23.584,22.633
25.895,25.478
22.93,21.474
26.84,24.904
23.951,23.862
24.574,24.186
23.496,23.236
21.345,20.499
22.328,21.507
19.653,19.588
20.961,20.179
25.839,25.319
21.41,20.455
24.157,23.961
18.521,18.293
25.65,25.221
23.806,22.416
26.076,25.881
17.683,17.397
14.077,14.029
17.205,16.657
25.772,25.421
22.26,22.184
26.687,26.01
24.67,23.1
26.091,25.707
25.921,25.48
21.656,21.465
25.14,24.847
22.378,21.261
20.108,19.295
20.079,19.907
25.517,25.299
24.631,23.697
26.583,25.709
24.682,24.175
25.616,23.974
24.471,24.222
25.912,25.474
24.986,24.69
26.949,26.762
22.925,22.862
26.877,26.405
23.664,23.505
24.399,24.29
25.169,24.752
22.708,22.317
21.87,21.485
25.51,25.433
25.466,24.471
25.926,25.687
23.666,23.528
18.542,18.434
25.413,24.729
26.707,26.421
23.453,23.346
25.035,24.88
25.606,25.154
21.129,20.934
21.144,21.057
25.349,23.982
25.894,25.473
21.965,20.243
24.538,24.047
23.383,23.278
23.333,21.983
24.225,23.51
22.367,22.13
23.647,23.2
26.404,25.863
26.632,26.021
25.934,25.841
17.458,16.943
24.365,24.152
23.954,23.753
15.186,15.045
26.903,26.582
25.057,24.943
24.838,23.893
25.677,25.447
25.015,23.822
22.586,21.438
14.694,14.59
25.404,23.576
15.817,15.607
23.505,22.881
26.15,25.89
24.733,24.254
26.205,25.657
26.299,25.699
22.621,22.439
24.233,23.753
23.373,23.245
26.049,25.688
26.999,26.61
20.668,19.284
26.897,26.201
22.404,21.896
22.676,20.317
24.85,24.629
26.519,26.259
23.091,22.774
19.023,18.948
25.002,23.396
20.271,19.593
25.819,25.594
26.05,25.826
24.796,24.712
24.652,24.176
24.94,22.738
26.801,26.047
20.213,19.333
26.471,26.092
25.67,25.442
21.685,20.648
24.285,23.743
26.81,26.329
25.801,25.432
25.258,24.725
26.035,25.451
24.038,22.937
26.47,26.085
23.425,23.123
26.297,25.876
16.619,16.049
26.98,26.55
25.727,25.09
23.782,21.789
18.226,18.106
26.947,25.51
22.978,22.459
20.72,19.75
26.155,25.604
25.913,25.436
25.401,25.215
23.501,23.197
26.296,26.018
26.704,26.186
25.888,25.717
22.145,21.713
22.033,21.656
20.368,18.339
17.16,16.948
26.834,26.085
26.834,26.471
25.458,24.042
25.41,24.199
26.946,26.399
21.93,21.698
24.464,22.3
25.294,24.754
25.352,25.023
21.632,21.08
25.922,25.706
25.063,24.896
24.788,23.959
26.914,26.354
21.828,20.829
26.638,26.526
24.757,24.528
26.239,25.809
25.437,25.064
20.459,19.608
23.072,21.13
23.92,23.091
21.418,20.836
26.802,26.231
25.035,23.427
23.731,23.807
22.396,21.6
26.758,25.769
24.466,24.093
19.335,18.262
26.354,25.844
26.971,26.373
24.45,23.422
26.344,25.686
16.657,16.566
26.705,26.308
22.985,22.23
22.987,22.86
26.606,26.145
24.075,23.552
24.16,24.037
25.597,24.296
20.501,20.131
16.212,15.868
18.236,17.652
23.482,23.396
26.74,26.02
26.121,26.023
26.63,26.233
25.777,25.584
25.91,25.762
24.444,22.765
24.072,23.822
26.618,26.015
26.218,25.809
16.858,16.762
22.781,22.342
25.656,23.865
20.791,20.659
25.644,25.546
25.78,24.277
24.125,23.702
25.656,23.358
24.993,24.757
21.298,20.494
22.803,21.992
26.204,25.656
21.867,19.584
26.309,24.554
16.328,16.058
22.458,22.265
24.795,24.36
22.822,22.635
25.454,25.133
24.549,24.376
22.624,22.407
25.066,24.953
26.125,25.753
24.574,23.898
25.529,23.354
24.11,23.823
26.873,26.512
23.734,22.4
26.193,23.699
15.335,15.114
23.231,21.885
25.897,23.723
21.492,21.232
21.383,21.544
24.364,22.684
23.849,23.271
26.494,26.037
24.866,23.616
20.122,19.834
26.914,26.434
26.801,26.585
26.229,25.995
25.61,23.142
26.299,25.823
25.627,25.519
14.44,14.326
19.927,18.651
26.096,25.919
26.628,26.202
24.696,24.498
24.453,24.057
26.649,26.503
24.415,23.373
24.989,24.733
26.134,25.398
26.191,25.709
25.098,24.472
23.113,23.0
25.12,24.762
21.278,20.05
23.946,23.199
22.523,21.217
18.71,18.477
25.506,24.255
26.354,25.004
25.976,24.479
25.814,25.282
21.303,21.212
25.834,25.433
21.878,21.662
24.215,23.894
21.989,20.949
24.768,24.279
25.907,25.621
23.82,23.571
21.748,20.99
24.931,24.525
26.156,25.582
25.49,24.932
24.863,24.402
23.723,21.738
24.999,23.548
19.792,18.961
21.269,20.997
21.01,20.361
25.796,25.677
26.0,25.754
23.182,22.283
26.957,26.755
25.871,24.029
20.061,19.866
24.838,24.42
19.774,19.369
18.651,17.775
26.853,24.159
26.424,23.913
25.304,24.718
23.888,23.706
26.079,25.865
21.059,20.811
21.471,21.204
22.191,21.87
25.778,25.207
19.192,18.641
24.78,23.571
25.774,25.255
25.99,25.387
25.294,24.711
25.901,25.523
25.532,25.283
26.028,25.375
23.977,23.644
26.606,25.694
25.799,25.459
25.51,25.154
25.661,25.167
26.91,26.308
25.817,25.039
26.974,26.45
24.942,23.556
23.424,22.321
24.836,24.497
26.919,24.332
17.793,17.306
24.753,23.716
25.887,25.561
22.574,21.256
25.143,24.839
24.713,24.35
24.761,24.352
21.889,21.55
20.968,20.724
25.22,23.743
23.903,23.441
17.973,16.666
24.939,24.584
25.696,25.583
25.672,25.062
24.773,24.537
25.526,25.072
24.414,24.234
22.514,22.155
21.629,20.678
25.677,25.144
25.516,25.406
25.238,24.724
25.683,24.287
26.11,25.643
25.919,25.506
25.245,24.749
25.214,24.873
26.626,25.982
25.943,24.296
24.111,23.833
20.445,19.982
23.429,22.972
25.476,23.073
24.374,23.501
24.287,23.998
23.844,23.546
20.166,19.972
26.807,26.276
24.171,23.673
21.64,21.559
18.432,17.816
25.667,25.193
24.201,23.775
24.73,24.244
23.746,23.248
24.464,23.939
20.84,19.738
26.718,26.242
25.919,25.3
23.143,21.766
22.899,22.628
15.024,14.851
16.634,15.6
22.073,20.694
17.948,17.658
26.528,26.061
25.18,24.755
24.507,24.423
20.572,18.935
26.531,26.314
24.709,23.086
24.146,23.916
24.76,24.272
25.337,24.87
24.731,24.325
25.639,25.332
26.941,26.619
25.047,24.633
24.658,24.39
26.621,26.409
25.869,25.569
16.111,16.03
26.816,24.482
25.6,25.196
24.818,22.733
24.616,23.459
25.591,25.182
26.103,25.425
26.333,26.034
25.185,24.775
26.21,25.705
26.258,25.642
26.214,25.779
25.949,25.427
26.572,26.14
25.125,24.672
25.54,25.337
26.749,26.193
24.276,23.579
24.449,22.557
17.135,15.698
25.519,25.281
25.162,23.533
24.366,23.863
22.338,20.637
26.216,26.004
21.532,20.52
24.134,23.507
26.695,26.248
22.922,22.59
22.489,22.412
24.134,23.611
25.928,25.298
26.005,25.515
25.629,23.151
13.825,13.811
24.046,23.502
26.598,26.199
26.375,26.073
20.414,20.115
20.013,18.612
23.734,23.315
23.048,22.59
26.794,24.382
20.694,20.275
25.119,24.28
22.261,21.322
24.406,22.94
26.783,26.416
26.416,26.006
25.285,25.184
25.294,24.903
26.298,24.34
24.713,22.975
25.022,24.797
25.846,25.306
24.089,23.554
22.956,21.873
20.576,20.498
26.5,26.29
20.311,19.041
26.581,26.087
23.384,22.343
26.135,25.645
26.67,26.384
21.068,20.118
22.752,22.275
26.329,25.977
26.096,25.664
26.719,26.393
26.318,24.381
24.411,23.848
24.87,23.993
25.189,25.07
22.043,21.415
23.755,23.656
25.664,25.366
20.165,19.751
19.112,19.041
18.907,18.29
25.817,25.358
19.513,19.1
25.097,24.578
25.471,25.213
25.565,25.176
25.094,24.871
25.766,25.58
25.285,24.877
26.766,26.354
17.993,16.437
24.223,23.734
22.356,21.846
20.471,19.505
26.666,26.129
26.137,25.674
21.987,21.48
25.113,24.269
21.64,21.804
26.898,26.506
22.249,20.667
26.259,25.855
24.774,24.445
20.959,19.981
26.133,25.053
24.76,24.459
25.254,24.654
25.461,25.355
26.391,25.973
26.651,26.178
20.034,19.344
26.091,25.948
23.278,23.206
26.261,25.678
20.478,20.396
26.716,26.459
26.77,26.63
25.562,24.97
26.787,26.061
23.937,23.546
25.989,25.416
24.237,24.123
24.315,24.05
26.901,26.509
26.572,26.061
25.504,24.759
26.444,26.173
24.887,24.474
26.712,26.12
23.144,22.318
23.622,21.977
22.726,22.426
24.708,24.61
26.58,25.955
24.343,23.917
25.149,24.958
22.921,22.528
24.108,22.695
26.48,26.117
21.94,20.658
26.112,25.691
22.979,22.386
16.176,15.541
22.089,21.288
26.724,26.114
24.576,24.274
22.484,21.355
26.789,26.211
16.087,15.583
25.208,23.265
26.181,23.891
24.2,24.108
24.145,24.068
20.704,19.685
26.204,25.932
25.778,25.349
26.069,25.376
26.107,25.398
21.798,21.692
20.612,19.666
25.964,24.968
26.244,25.828
23.305,23.097
24.888,24.286
17.775,17.609
23.144,22.461
23.407,23.253
24.429,23.389
24.085,23.908
24.539,24.291
25.565,24.995
26.38,26.081
23.689,23.086
25.858,25.458
25.393,25.026
22.397,20.671
23.125,22.849
23.742,22.563
21.647,21.436
26.066,25.697
26.834,26.364
23.514,23.073
26.968,26.206
25.837,25.576
21.953,21.262
18.736,18.292
25.852,25.047
23.991,23.567
23.914,22.189
22.722,22.48
26.941,26.427
21.727,20.295
26.33,26.091
24.37,22.725
26.596,26.119
22.661,22.584
25.131,24.292
26.237,26.074
26.89,26.49
21.257,20.238
25.961,25.416
24.409,23.073
25.384,25.302
25.371,24.907
26.928,26.495
26.247,25.654
26.989,26.488
20.205,19.891
26.1,25.54
18.215,18.078
20.635,19.858
25.97,25.73
22.496,22.43
23.575,22.815
22.126,21.993
21.208,20.972
25.572,25.11
26.152,25.778
25.814,25.602
25.976,25.581
21.566,20.257
24.148,22.201
20.34,19.034
25.675,25.432
26.841,25.38
23.341,23.159
24.991,24.871
21.848,21.752
22.015,20.992
24.28,22.646
25.261,25.089
23.883,22.263
26.598,26.102
23.897,23.429
22.148,21.781
25.265,23.181
25.826,25.417
25.669,25.509
24.683,24.368
26.328,25.664
26.063,25.65
25.324,25.075
22.4,21.152
26.929,26.732
26.237,26.134
24.38,24.177
23.92,23.458
23.431,22.53
25.403,24.055
25.287,24.453
24.713,24.192
26.415,25.936
22.168,21.975
22.802,22.36
25.902,25.401
24.695,24.103
21.806,20.772
26.01,25.867
26.713,26.412
23.837,23.32
25.671,23.504
26.697,24.053
25.917,25.533
26.095,25.69
19.9,19.149
24.326,24.132
24.6,24.36
26.392,26.096
24.136,23.735
26.765,26.514
26.445,26.024
24.64,23.518
25.719,25.123
22.062,20.343
24.954,24.68
24.115,23.903
26.514,26.078
23.499,22.443
25.948,25.713
24.31,23.652
23.4,23.129
19.211,18.977
23.796,23.508
25.645,23.621
20.298,19.814
23.677,21.113
25.406,24.572
24.839,25.058
25.587,25.439
26.703,26.516
26.605,26.142
25.764,25.341
22.665,22.571
26.018,25.646
26.623,26.823
21.03,20.538
23.817,23.027
26.266,25.711
26.397,26.288
24.115,23.646
23.056,22.237
24.722,24.196
19.054,17.732
25.564,25.309
24.832,22.533
25.125,24.582
24.428,24.287
25.723,25.457
21.944,21.818
24.613,22.56
25.129,24.617
25.067,24.703
26.361,26.212
16.229,15.681
23.923,23.675
26.982,26.561
18.229,17.972
26.399,25.883
26.967,26.372
25.627,25.204
17.626,17.445
21.418,20.875
26.342,25.828
25.34,23.415
23.926,22.781
26.291,25.87
19.014,18.222
26.603,26.292
24.971,23.791
22.354,22.172
24.039,22.546
22.593,21.453
24.966,24.653
22.191,21.827
23.669,23.504
25.309,24.038
24.254,22.713
20.201,20.095
25.681,25.431
20.549,19.458
24.068,22.552
26.802,26.293
26.226,25.939
21.347,20.146
22.652,20.864
22.307,21.942
24.476,23.125
24.743,24.229
26.885,26.301
22.422,20.397
22.594,21.836
22.954,22.845
20.5,20.408
26.578,26.409
23.243,22.704
26.894,26.373
26.681,26.171
25.77,25.503
26.754,26.596
21.415,20.995
24.655,24.457
21.782,21.681
23.302,21.891
26.07,25.485
17.446,16.095
26.879,26.628
26.803,26.14
23.216,22.834
23.258,22.285
25.99,25.825
18.526,18.135
22.048,20.781
20.49,20.198
26.615,26.149
24.865,24.586
26.089,25.804
26.57,26.079
24.212,23.872
25.171,24.983
24.337,22.778
26.152,24.098
19.269,18.985
23.262,23.166
18.87,18.612
26.169,25.532
26.669,26.136
20.303,19.061
23.286,21.602
25.915,25.678
24.142,23.973
23.118,22.908
24.492,23.425
22.665,21.441
26.626,26.235
16.982,16.773
20.165,19.86
24.304,22.805
25.82,25.605
25.94,24.046
21.686,20.681
24.538,24.183
26.001,25.846
23.293,22.31
25.365,25.13
26.608,26.026
22.709,22.454
25.867,25.274
26.1,25.549
26.773,24.861
20.193,19.553
19.849,19.679
22.946,21.963
25.402,24.98
21.412,20.419
25.205,24.71
22.554,22.279
26.532,25.738
21.298,20.241
25.416,25.269
26.903,26.533
21.784,21.626
25.873,25.367
22.515,22.137
22.898,21.671
26.682,26.392
23.436,23.173
21.753,20.772
22.432,22.354
20.971,20.91
26.836,26.472
25.514,25.372
22.839,22.742
23.595,23.26
23.011,22.868
23.424,23.158
26.763,26.403
25.289,24.985
16.179,15.968
24.511,24.385
24.236,24.051
25.062,24.955
26.757,26.301
26.258,25.847
26.521,26.246
23.756,22.669
25.037,24.519
25.721,25.15
26.846,26.116
23.532,23.236
26.593,26.21
26.993,24.611
26.885,26.92
23.049,21.723
26.484,25.962
26.577,26.275
26.455,26.296
25.226,25.005
17.033,16.909
24.7,24.372
26.804,26.585
22.466,20.702
24.255,23.844
26.122,25.761
22.47,22.27
25.313,22.867
23.056,22.803
20.508,19.532
26.237,25.603
26.89,26.44
24.581,24.045
25.441,25.012
17.288,17.195
26.365,26.053
25.67,23.636
26.744,26.549
25.191,25.022
25.939,24.077
21.821,21.74
24.107,22.876
26.475,25.964
25.54,23.654
26.624,25.927
21.626,21.299
21.26,19.596
26.156,25.547
25.943,25.422
24.69,23.4
20.039,19.411
26.186,25.404
24.557,24.307
16.98,16.069
24.482,24.31
26.32,26.074
24.873,24.438
26.641,26.252
26.874,26.62
24.99,24.202
24.818,24.385
24.816,23.201
26.836,24.392
22.911,22.649
25.842,25.224
25.749,25.271
21.995,20.636
24.391,23.321
22.943,22.666
23.31,21.848
25.217,24.926
25.026,22.875
23.779,23.298
26.731,26.428
24.966,24.526
23.934,23.714
22.924,22.788
26.748,26.39
22.354,21.951
26.522,25.951
25.744,25.48
26.726,26.241
25.572,25.206
22.403,21.342
24.575,23.978
21.152,20.399
24.945,23.228
26.877,26.459
25.536,25.23
25.738,25.312
26.616,24.615
21.903,21.617
22.435,22.31
25.038,24.372
25.635,24.805
26.029,25.592
21.982,21.869
20.256,19.83
24.012,22.962
23.127,22.793
22.012,21.284
26.763,26.565
23.497,23.397
21.316,20.223
26.951,26.522
26.329,25.745
26.756,26.056
26.124,25.675
21.611,21.137
26.086,25.855
25.653,25.582
21.628,21.293
24.495,23.14
21.607,21.374
26.526,26.387
26.381,25.778
25.54,25.394
26.474,25.944
25.186,24.608
26.893,26.411
19.126,18.812
21.379,21.295
25.533,25.414
24.374,24.101
23.881,23.615
26.421,26.008
18.832,18.639
22.667,21.585
25.868,25.473
25.594,25.147
23.102,22.974
16.019,15.933
24.621,24.161
23.75,23.254
26.388,25.944
25.127,25.047
26.195,25.691
26.886,26.446
26.466,25.938
26.883,26.169
14.24,14.145
23.246,22.686
23.693,23.457
22.775,22.404
25.304,25.031
24.637,23.961
25.448,25.131
25.894,25.477
24.918,24.616
25.207,23.924
24.424,24.176
26.473,25.775
26.909,26.451
19.26,18.091
26.053,25.488
23.056,22.844
23.76,21.434
21.463,20.909
26.866,26.482
26.931,25.156
25.359,24.912
22.266,21.52
22.277,22.087
25.16,24.774
26.456,26.343
25.144,24.713
26.278,25.907
24.82,24.151
25.413,25.303
26.466,25.957
21.996,21.542
21.348,19.481
25.464,24.955
17.528,16.744
26.21,24.422
24.916,24.406
26.283,26.009
17.434,17.307
25.847,25.673
22.887,23.102
26.783,26.605
26.451,24.791
22.906,22.833
26.807,24.272
24.796,24.183
20.263,19.468
25.938,25.475
24.663,24.362
22.955,20.943
21.164,20.13
22.752,21.667
26.647,26.234
22.262,21.015
25.72,25.326
26.949,26.177
24.823,24.365
20.256,20.039
26.46,26.06
22.392,22.012
20.011,19.564
24.204,23.653
22.315,21.948
25.388,23.35
24.929,22.564
26.587,26.127
25.124,24.821
26.078,24.279
22.394,22.291
24.361,23.83
26.919,26.72
26.317,26.158
24.452,24.384
19.772,19.66
24.561,23.961
21.144,20.016
25.765,25.453
26.861,26.706
23.54,23.247
24.161,23.761
26.666,25.646
25.514,25.042
24.877,24.612
26.353,25.686
26.938,26.475
26.65,26.356
21.777,21.643
23.237,23.159
25.888,24.504
26.366,25.848
25.08,24.941
26.413,25.981
26.497,26.148
26.983,26.382
22.742,22.256
25.214,25.07
13.598,13.469
23.937,23.149
23.083,22.139
26.665,26.349
24.758,24.643
22.999,21.552
24.947,24.51
22.49,22.033
25.652,25.207
26.472,26.113
25.026,24.767
22.896,22.081
26.513,26.288
24.719,24.033
21.564,20.953
25.198,25.005
26.287,25.615
26.839,26.435
23.886,23.639
22.845,21.36
22.728,21.462
26.048,26.05
22.016,21.712
23.887,22.761
25.637,25.227
20.528,19.372
23.837,23.675
26.688,26.008
22.004,21.285
25.756,25.071
22.584,22.465
22.516,22.173
24.858,24.41
26.55,26.017
25.782,25.401
25.744,25.201
26.491,25.985
25.936,25.463
24.249,23.871
26.076,25.901
21.893,21.534
25.868,25.607
25.926,25.545
25.852,24.672
26.251,25.673
15.971,15.817
25.013,24.624
25.063,24.875
21.925,20.849
25.126,24.716
16.743,16.497
24.268,24.076
23.487,22.978
26.549,26.224
21.196,19.549
25.326,25.111
26.687,24.394
23.611,23.512
24.321,24.152
26.38,26.265
24.739,24.264
16.227,16.028
26.507,25.857
26.585,26.194
17.699,17.341
26.319,24.189
26.041,25.561
22.826,22.637
25.795,25.398
19.369,18.05
25.123,24.715
26.399,26.221
24.22,24.025
23.902,23.767
20.376,20.208
19.044,18.81
25.512,25.325
21.627,20.356
20.883,20.774
20.858,20.764
22.124,21.92
20.972,20.666
26.365,26.15
25.07,24.278
24.766,24.354
23.614,22.706
25.206,25.064
25.839,25.448
25.608,25.279
24.859,22.739
23.731,23.551
23.883,23.491
25.214,24.595
23.813,23.368
24.181,23.874
24.974,23.308
24.581,24.01
26.839,26.479
26.69,26.178
18.945,18.697
26.931,26.604
18.544,17.669
26.989,26.696
26.833,24.326
26.448,25.979
24.607,24.369
24.982,24.634
26.249,24.35
25.864,25.316
25.664,25.142
26.786,26.627
26.338,26.198
25.573,24.532
25.859,25.742
26.519,26.088
22.387,21.825
23.154,22.537
24.517,24.415
24.914,24.53
26.589,26.116
26.805,26.64
26.184,26.001
21.247,20.352
26.463,25.888
24.314,22.604
25.757,25.467
22.219,21.776
23.537,22.65
21.05,20.71
26.738,25.321
26.041,25.394
25.899,25.762
24.751,24.664
23.908,23.511
25.234,24.975
24.818,24.902
26.426,26.077
22.958,21.633
21.674,20.611
26.494,26.067
26.338,26.067
18.711,18.39
24.207,24.065
23.757,22.345
26.091,25.243
20.376,19.942
26.061,25.778
21.408,20.648
25.372,25.116
24.202,23.776
23.447,23.068
22.582,22.33
26.614,26.197
24.518,23.194
25.27,24.92
21.581,21.468
25.18,23.541
15.898,15.764
25.82,25.349
23.384,21.931
22.877,22.615
25.528,25.039
26.487,24.92
22.561,21.213
23.988,23.538
11.268,11.184
18.72,18.536
24.835,24.579
26.7,26.456
22.841,22.553
24.692,23.414
26.397,25.783
24.64,24.041
25.864,25.788
21.728,20.062
22.261,21.164
25.83,25.611
22.256,22.103
22.421,21.174
24.339,23.392
25.253,24.595
26.448,26.315
24.36,23.631
26.444,26.13
26.725,26.383
26.991,24.777
25.998,25.493
23.95,23.055
25.433,25.001
23.433,23.038
24.045,22.52
21.11,20.289
26.442,26.062
24.381,22.364
21.743,21.2
25.14,24.647
19.535,19.072
20.986,20.829
24.431,23.777
25.037,24.925
25.159,23.936
25.171,24.65
21.781,21.447
25.002,24.606
22.556,22.344
26.288,25.893
25.661,25.19
23.084,22.558
25.757,25.302
26.364,25.822
22.46,21.566
24.408,24.196
26.15,25.926
12.357,12.341
26.736,26.601
23.653,23.397
25.964,25.508
18.575,18.295
26.9,26.685
23.249,21.315
26.103,24.155
26.555,26.272
23.789,22.907
21.404,20.59
25.148,25.067
21.155,20.221
23.515,23.318
22.974,21.806
25.141,23.656
16.721,15.599
23.808,23.256
25.445,23.061
25.662,25.581
26.524,26.021
24.951,24.83
26.662,26.345
25.65,25.41
18.984,18.365
26.175,25.663
25.802,25.385
25.192,24.925
24.489,23.127
24.118,21.722
23.455,23.333
26.832,26.645
24.108,22.759
26.118,25.731
22.205,20.965
20.309,20.166
26.065,25.268
24.718,24.655
21.325,20.018
25.902,25.515
26.659,26.46
23.3,22.713
23.171,23.06
24.009,23.535
26.994,26.693
21.957,21.169
26.196,25.758
26.576,23.945
24.521,24.091
22.661,22.037
25.453,25.178
23.866,23.797
24.947,24.877
24.711,24.246
25.718,25.35
26.895,26.263
24.19,23.697
22.939,21.84
26.62,26.124
21.404,20.637
26.936,26.53
26.342,26.096
22.843,22.458
23.51,22.339
25.026,24.519
26.8,25.952
25.239,23.669
22.469,21.917
25.137,22.934
25.375,24.935
25.958,25.481
26.585,25.023
26.363,25.846
26.941,26.398
21.59,20.814
26.923,26.472
23.203,22.944
25.398,24.171
25.914,25.257
26.002,25.914
26.738,26.223
18.133,17.703
26.35,25.912
21.826,21.651
25.996,25.716
26.55,26.194
25.837,24.859
26.067,24.098
26.896,26.509
25.445,25.347
23.293,23.033
26.238,26.128
25.294,25.123
24.366,24.1
26.147,25.841
26.118,25.827
23.703,22.011
25.52,25.335
25.186,24.92
21.258,19.842
24.835,24.403
26.448,25.581
26.881,26.568
24.895,24.352
24.806,24.709
21.06,20.247
23.914,23.737
25.102,22.797
20.923,20.744
24.498,23.856
26.141,25.466
24.486,24.119
22.864,22.761
26.11,25.461
25.035,24.444
19.999,19.301
25.401,23.408
26.339,25.958
23.496,21.87
25.85,25.457
23.609,23.319
24.545,23.852
26.162,23.655
26.418,25.248
26.963,26.122
26.559,26.166
22.205,21.963
25.501,25.237
18.078,17.733
22.712,22.538
24.943,24.585
25.349,22.956
25.641,25.073
25.752,23.5
19.361,18.471
25.758,25.464
26.67,26.513
24.629,24.177
16.504,16.342
26.86,26.615
24.715,24.505
26.462,26.025
23.856,23.559
25.87,25.681
24.07,23.232
21.656,21.317
21.052,20.751
23.085,22.97
26.689,26.196
25.796,25.722
26.913,26.484
22.091,22.029
26.755,26.34
26.766,26.094
21.784,20.979
21.731,21.583
16.892,16.8
24.645,24.265
23.295,23.128
21.48,21.204
25.571,24.969
26.495,26.067
26.061,25.545
25.699,24.988
21.556,21.323
22.401,21.667
19.943,19.667
24.323,23.866
26.808,26.482
26.676,26.101
26.566,26.21
26.12,25.683
26.846,26.452
26.457,25.948
23.731,21.617
25.793,25.698
26.934,26.482
25.508,24.964
22.411,22.294
25.595,24.496
24.497,24.227
26.786,24.432
26.485,26.306
24.596,23.864
23.802,22.786
24.988,24.582
23.866,23.455
26.885,26.391
24.66,24.575
26.351,25.719
25.731,25.425
24.497,24.393
26.944,26.417
25.364,25.07
26.176,23.864
25.378,24.448
26.704,26.317
22.464,21.069
23.514,23.391
24.979,24.522
25.862,24.621
25.95,25.525
25.5,25.302
25.172,25.073
23.224,22.202
25.513,24.86
26.048,25.356
25.249,25.082
22.086,21.977
23.332,23.23
22.799,22.601
26.36,25.683
26.34,25.879
24.077,23.807
25.197,23.966
23.025,21.7
23.759,22.449
25.702,25.338
25.118,24.575
24.225,24.285
26.329,26.266
25.671,24.961
24.588,24.264
26.769,26.132
26.038,25.233
24.256,24.072
24.116,23.604
24.176,23.63
26.081,25.513
25.378,24.847
26.918,26.748
18.458,18.195
24.284,23.811
25.713,25.274
26.381,25.884
25.89,25.774
25.001,23.401
24.366,24.102
25.853,25.477
25.949,25.283
26.237,26.093
25.006,24.25
25.965,25.514
22.822,22.567
26.532,24.073
25.564,25.073
26.252,25.973
25.39,24.973
26.073,24.709
21.872,20.084
23.752,22.84
24.983,22.746
24.963,23.702
22.561,21.027
26.087,25.678
26.274,25.781
25.73,25.611
24.442,24.029
25.483,25.231
25.779,25.228
26.842,26.435
21.305,20.157
16.926,16.791
22.682,22.54
23.476,23.177
26.864,26.405
22.836,21.844
16.54,16.372
26.93,26.434
26.66,26.266
23.988,22.147
17.355,16.908
25.394,24.781
23.61,23.161
26.59,24.754
25.687,25.581
25.811,25.21
15.963,15.861
25.167,24.935
25.356,24.628
23.633,23.55
25.445,25.279
24.8,24.593
20.316,19.424
25.865,25.613
23.055,22.872
22.713,21.27
26.363,25.634
16.0,15.585
24.597,23.377
26.61,26.229
24.313,24.058
23.562,23.181
25.914,25.574
26.59,25.871
20.449,19.71
24.74,24.368
26.983,26.812
26.281,23.992
25.711,25.297
17.878,17.626
24.416,22.659
24.524,24.07
26.562,26.071
25.3,24.66
24.253,23.81
26.166,26.062
18.332,18.185
26.493,26.024
23.202,22.972
21.79,21.372
26.554,26.19
26.43,25.479
25.052,24.623
26.669,26.156
24.496,23.758
25.385,24.945
26.839,26.49
24.207,24.054
26.951,26.392
21.245,19.705
25.671,25.565
26.309,26.199
23.068,22.772
25.932,25.706
25.502,25.106
16.006,15.781
23.335,23.043
25.557,25.101
26.36,25.892
22.393,22.019
19.485,19.011
25.931,25.313
23.278,20.808
26.85,26.364
19.007,18.838
26.065,25.92
24.801,23.933
26.57,26.401
24.351,24.058
24.17,23.853
23.955,23.543
26.707,26.285
21.423,21.195
20.949,20.815
25.362,23.675
26.819,26.504
21.188,20.196
23.55,23.278
26.609,26.474
19.201,18.152
26.774,24.328
24.955,24.826
25.269,24.836
22.821,21.627
25.312,24.999
24.898,24.275
21.201,20.157
20.323,19.822
24.339,23.948
24.161,23.718
18.391,18.138
21.073,20.536
22.988,22.293
26.087,25.576
25.688,23.445
25.102,24.691
24.803,23.838
24.55,24.052
24.207,24.043
22.9,22.267
23.903,23.283
25.913,25.573
25.01,23.552
26.612,26.197
23.987,23.307
22.289,21.87
22.499,21.388
26.294,25.976
26.923,26.618
24.408,22.637
24.622,23.669
25.182,24.731
19.011,18.921
24.453,23.859
21.798,21.487
26.692,26.373
24.357,23.933
24.125,22.165
25.781,25.231
20.196,20.069
25.346,25.053
21.013,20.141
24.191,23.755
25.662,25.546
21.68,20.532
26.006,25.49
24.656,24.549
26.366,25.838
19.652,19.499
25.264,23.809
22.444,21.6
24.575,24.291
19.286,18.951
24.016,23.26
21.029,19.882
20.704,19.848
26.442,26.257
23.943,23.563
25.963,25.415
22.756,22.653
25.458,25.143
25.528,25.139
20.939,20.72
23.725,22.716
22.046,21.302
16.318,16.176
25.229,24.333
26.127,25.609
24.303,23.925
16.459,15.67
23.016,22.851
26.662,26.209
26.467,26.182
23.554,22.109
24.222,23.825
26.018,25.39
26.489,25.982
26.01,25.619
21.822,21.697
26.315,26.205
25.579,22.947
26.106,25.821
25.398,25.271
24.487,24.398
22.157,21.527
25.282,24.876
21.626,21.546
23.32,22.936
23.44,22.39
25.527,25.277
25.824,25.078
25.982,25.502
25.357,24.945
26.747,26.341
25.133,24.694
21.837,20.648
26.471,26.051
26.03,25.83
23.986,23.649
23.7,22.613
26.946,26.142
24.543,23.415
26.645,26.108
21.941,21.703
24.712,24.509
21.418,20.717
24.343,23.897
22.081,21.661
24.063,23.633
24.818,24.439
26.488,26.069
23.361,23.081
26.032,25.674
19.487,18.355
26.993,26.76
25.698,25.576
26.175,25.953
25.563,25.306
26.619,23.994
22.687,22.168
25.163,24.269
23.423,22.249
24.461,24.396
26.091,25.106
20.012,19.64
25.626,23.303
24.571,24.241
25.577,23.436
23.246,22.986
25.946,24.771
22.59,21.823
24.705,23.577
26.077,25.598
26.085,24.896
25.556,25.206
26.935,26.175
24.576,24.225
18.825,18.424
26.658,26.255
26.059,24.778
22.869,22.785
25.952,25.512
26.86,26.408
26.769,26.34
26.793,25.955
23.482,23.103
25.412,24.889
26.989,26.429
25.429,25.267
24.262,23.132
25.215,25.085
16.75,16.606
23.359,23.121
20.64,19.954
18.482,17.586
21.402,20.837
22.699,22.504
25.343,24.616
26.383,26.087
19.105,18.557
20.131,19.797
25.637,24.989
26.324,25.973
26.368,26.27
25.583,25.364
24.259,23.367
26.586,26.114
20.371,20.295
26.32,26.021
24.669,22.994
26.154,24.077
24.153,23.378
22.444,22.117
24.25,23.443
25.646,25.425
26.212,25.634
26.265,25.995
26.271,25.874
19.848,19.172
26.104,25.817
21.164,20.922
24.958,24.692
26.059,25.826
23.846,22.76
24.451,22.726
20.152,19.571
23.718,23.36
24.588,24.392
25.529,24.982
19.539,19.448
26.487,25.997
24.692,24.171
25.453,25.066
26.325,25.842
25.86,25.49
23.383,23.141
26.555,25.55
26.749,26.356
20.243,18.551
23.816,22.38
24.884,24.794
26.254,25.954
25.322,25.183
26.617,26.098
15.34,15.263
26.128,25.95
23.435,22.753
22.6,22.128
26.853,25.387
22.488,21.739
24.125,24.109
26.566,26.323
25.064,24.913
26.592,26.074
25.986,25.519
26.777,26.518
25.252,25.069
24.604,24.316
25.854,25.334
23.182,21.756
21.221,20.98
26.469,25.724
26.041,24.871
26.779,25.827
19.48,18.842
17.12,16.508
24.298,23.934
20.878,20.448
24.982,23.572
23.854,22.981
25.956,23.776
23.389,22.521
22.545,21.701
26.025,24.741
25.899,25.295
22.66,21.601
25.406,25.164
19.216,18.623
23.538,21.58
17.96,17.703
21.683,21.45
15.883,15.67
22.661,22.419
25.094,24.957
25.647,25.462
26.084,25.778
26.705,26.425
25.703,23.874
26.865,26.473
19.767,19.623
21.782,21.296
26.543,25.897
25.905,25.356
24.967,24.397
24.465,22.783
24.356,24.081
26.536,26.036
26.399,25.836
14.85,14.766
25.292,24.879
21.579,20.839
20.827,19.839
26.813,26.287
26.12,23.73
19.701,18.44
24.216,23.829
21.799,21.476
26.131,25.681
26.632,25.887
23.981,23.884
24.356,22.413
24.041,23.958
22.326,21.509
23.695,23.152
25.375,25.21
26.768,26.129
23.442,23.197
26.279,25.709
26.035,25.599
25.977,25.196
23.214,22.671
22.434,21.4
20.736,20.609
24.504,24.22
26.255,25.522
25.074,24.715
24.935,24.657
25.233,25.161
21.356,21.219
26.419,23.982
25.125,24.668
25.723,25.554
25.968,25.449
20.32,20.212
26.483,26.052
16.821,16.689
22.98,21.751
25.45,25.02
17.211,16.268
26.624,26.464
24.092,23.734
23.831,22.992
22.815,21.256
23.811,23.382
26.914,26.446
25.371,24.067
24.322,24.241
23.033,22.62
25.648,25.362
25.738,25.085
26.999,26.617
21.572,20.893
26.112,24.175
26.86,25.25
24.209,23.789
24.119,22.312
25.903,25.621
25.739,25.063
16.621,16.429
25.412,24.829
23.305,23.199
24.488,22.887
26.287,26.053
23.544,23.129
26.225,25.854
26.166,26.067
24.324,24.044
25.056,24.845
24.238,23.876
25.44,25.366
24.794,24.39
22.988,22.596
25.645,25.424
23.404,22.926
22.303,20.644
22.568,20.716
26.875,26.418
26.161,24.673
26.075,25.411
26.584,25.647
26.052,25.502
26.665,26.167
23.902,22.331
26.977,26.449
26.9,26.362
26.45,25.992
23.311,23.12
16.997,16.661
25.808,25.443
24.471,23.498
26.322,25.763
24.043,22.283
21.318,21.07
22.888,22.611
25.258,24.831
25.945,23.725
26.853,26.199
25.531,24.954
26.54,25.822
25.312,22.899
26.82,25.456
26.777,26.268
26.811,26.624
26.428,26.286
25.145,24.813
25.98,25.752
24.38,24.219
23.291,23.064
23.913,23.346
26.841,26.692
23.409,22.614
26.429,26.009
23.881,23.448
24.386,24.215
19.227,18.448
24.914,24.522
23.497,22.639
21.392,20.282
25.877,25.358
23.095,22.688
24.154,23.628
25.314,24.826
23.804,23.432
23.54,22.942
25.423,24.969
26.983,26.567
26.329,25.042
25.772,25.37
26.218,26.108
17.067,16.917
24.394,24.052
24.602,24.449
25.463,24.961
24.891,24.488
22.947,21.679
24.129,24.061
26.445,26.016
15.643,15.501
20.598,20.014
21.369,19.878
25.528,25.155
21.272,21.143
26.189,25.812
25.998,25.356
26.724,26.163
23.988,23.9
21.015,20.893
26.927,26.334
24.612,24.19
26.955,26.551
23.978,23.65
23.461,23.375
24.733,24.43
25.832,25.42
25.715,25.332
26.568,26.077
26.629,26.183
22.534,21.624
24.165,23.627
26.121,25.898
25.635,23.826
26.459,25.992
18.954,18.165
22.262,22.17
22.656,22.505
26.462,25.876
22.549,22.12
26.579,26.43
22.402,21.576
19.727,19.539
25.556,25.422
24.394,24.287
24.41,24.228
25.207,24.954
26.248,25.838
22.423,22.147
25.572,23.434
22.144,21.203
22.333,20.674
26.103,25.46
26.068,25.898
24.947,24.563
24.199,23.906
23.988,23.765
24.24,22.037
23.062,21.713
26.377,26.22
17.882,17.664
26.808,26.664
22.446,21.033
26.655,26.383
25.962,25.401
26.05,25.586
25.276,25.07
26.152,25.891
25.381,24.835
15.775,15.683
25.559,24.921
26.195,25.689
25.461,25.078
13.378,13.299
24.981,24.657
24.96,24.763
24.942,24.343
19.689,19.296
23.846,23.479
18.657,18.586
20.052,18.274
26.911,26.603
23.969,23.813
23.222,23.089
21.779,21.226
24.689,22.59
24.296,24.201
22.625,22.546
21.957,20.96
23.594,21.657
26.011,25.667
24.283,23.941
24.674,23.275
24.442,24.174
26.946,26.71
22.876,22.311
19.073,18.24
25.572,25.33
25.417,25.146
26.418,25.888
24.661,24.09
24.373,24.282
24.731,22.252
25.716,25.182
23.236,22.844
23.616,23.558
24.101,24.016
26.969,26.338
26.583,25.868
25.113,24.596
22.989,22.798
19.479,19.302
24.314,23.494
26.252,25.738
23.315,22.607
26.65,26.055
26.26,24.329
24.154,23.559
20.849,21.016
26.859,26.151
26.253,24.857
26.845,24.68
22.756,21.846
24.727,24.302
20.801,20.308
25.749,25.265
18.564,18.356
26.303,25.917
19.05,18.069
24.311,24.198
23.043,21.989
26.846,25.212
25.558,25.217
26.189,25.657
26.597,24.796
25.999,25.581
25.623,25.214
25.6,25.147
17.478,17.368
24.708,24.056
24.989,24.842
26.954,26.529
26.271,25.686
25.667,25.256
23.828,23.194
22.424,22.322
23.75,21.964
24.019,23.326
22.613,22.473
21.585,20.609
18.102,17.087
25.452,24.999
24.006,22.532
26.642,24.952
26.51,26.172
25.731,25.544
26.185,25.624
26.865,26.473
26.047,25.606
22.126,20.319
23.392,23.008
26.345,26.201
23.677,23.596
20.504,20.348
25.394,24.416
20.28,19.585
21.892,20.619
22.418,21.926
26.787,26.456
26.815,26.412
22.536,20.589
22.64,21.651
26.601,25.967
24.727,24.529
20.185,19.155
26.667,26.1
25.013,24.562
25.425,25.314
25.94,25.451
25.747,25.581
26.84,26.204
25.935,25.558
25.269,24.221
26.054,23.913
25.812,25.216
24.17,23.429
21.315,19.466
23.465,21.761
24.961,24.854
17.721,17.416
22.087,21.434
24.326,24.232
26.98,26.706
26.006,25.146
20.265,20.169
24.068,22.35
17.044,16.795
19.85,19.123
26.984,26.391
24.862,24.31
9.546,9.275
26.294,26.019
25.501,25.148
21.388,21.305
25.231,25.018
22.869,22.546
24.143,23.969
20.067,19.86
22.838,21.862
25.808,25.695
25.092,24.524
20.16,19.699
13.398,13.34
17.036,16.785
19.284,18.194
25.176,25.092
19.865,18.864
26.73,26.332
26.565,26.1
22.345,22.191
26.482,24.63
26.665,26.498
26.287,26.033
25.101,24.589
24.131,23.611
22.739,22.403
18.933,18.24
26.948,26.448
26.083,23.971
25.827,24.081
24.484,24.032
26.261,25.717
24.05,23.035
21.844,20.118
15.329,15.227
23.878,23.332
25.655,25.269
22.792,21.607
26.002,25.446
25.069,24.675
26.896,26.652
22.73,22.544
21.157,19.925
25.925,25.609
25.993,25.575
22.295,21.74
26.559,24.743
25.869,24.98
25.385,23.751
22.211,20.901
24.747,24.597
26.464,23.861
22.695,21.551
24.364,23.607
25.155,24.441
26.165,25.875
25.454,23.063
26.972,26.506
21.611,20.905
22.386,22.117
26.959,26.696
25.593,23.783
23.13,23.046
26.967,25.31
18.168,18.005
26.712,26.437
26.565,26.16
23.587,22.224
24.219,24.059
26.44,26.123
22.116,20.821
19.105,18.602
25.622,25.097
21.271,20.064
25.518,25.378
25.793,25.642
25.11,24.891
22.236,21.817
26.707,26.286
24.733,23.966
24.269,24.041
24.594,24.187
20.348,19.632
26.506,26.359
25.711,25.622
26.581,26.307
25.217,22.785
26.843,26.526
26.308,24.915
13.101,13.029
25.356,25.192
22.217,20.898
26.578,26.431
24.868,23.768
26.011,25.592
23.707,22.036
25.674,25.007
22.177,22.042
25.33,23.307
25.224,24.842
22.597,22.353
26.235,25.954
22.857,21.061
23.192,21.697
25.834,25.73
25.163,24.924
24.976,22.402
26.408,26.11
26.026,25.838
23.168,22.645
25.869,25.493
24.953,24.599
25.979,25.652
25.816,25.427
25.834,25.599
26.397,26.116
21.525,21.416
26.295,25.597
25.964,25.721
25.234,24.784
22.579,21.962
25.519,25.155
23.27,22.962
25.262,24.864
25.015,24.375
26.198,25.802
25.098,24.227
25.525,25.136
24.8,24.589
22.113,21.671
21.707,21.617
25.26,24.649
26.351,26.091
24.337,23.834
26.59,24.188
18.529,18.24
22.807,22.328
18.311,16.971
24.02,23.783
23.061,22.92
19.577,19.121
24.539,24.421
25.649,25.247
26.922,26.375
14.232,14.112
26.272,25.36
19.549,19.419
23.361,22.221
20.047,19.527
23.584,22.523
25.79,25.589
22.437,22.367
25.792,25.309
26.393,25.622
26.249,25.841
23.64,23.502
26.961,26.398
26.306,25.847
25.882,25.508
23.486,23.067
24.12,23.657
26.085,25.804
25.652,25.348
24.535,24.42
22.679,22.263
24.094,23.332
24.274,23.779
26.613,26.006
23.018,21.983
24.382,24.229
24.671,23.489
26.044,25.66
22.56,22.358
25.822,25.225
19.448,18.143
26.178,25.671
26.303,25.568
26.058,25.784
24.522,23.988
17.846,17.048
23.861,23.705
20.497,19.997
25.159,24.902
25.502,25.179
24.816,24.287
25.903,25.818
24.645,22.551
25.293,24.247
23.671,22.377
26.286,25.898
26.228,25.874
24.478,22.986
25.578,25.398
25.992,25.498
26.888,25.87
20.617,19.753
22.936,22.216
25.447,25.082
26.392,25.743
25.145,24.151
26.069,24.227
25.927,25.742
22.445,22.308
24.809,24.192
24.089,24.012
23.567,22.957
22.405,22.283
22.116,21.579
24.715,24.52
24.856,24.34
26.351,25.924
26.289,26.139
22.207,21.773
25.928,25.853
19.913,19.827
22.794,21.776
25.179,25.082
23.956,23.882
25.267,23.533
21.309,21.074
21.519,21.447
21.014,20.871
24.09,23.517
24.857,22.723
26.596,26.24
26.784,26.058
25.542,25.22
21.927,21.654
24.243,22.403
25.823,25.319
23.949,22.648
21.353,20.966
26.517,26.11
21.796,21.42
18.693,18.418
23.533,22.588
26.551,26.184
26.903,26.855
26.345,25.85
24.858,24.455
17.054,16.903
22.438,21.257
23.23,22.243
25.294,24.376
21.401,20.436
26.243,25.862
23.345,22.506
24.593,24.206
23.429,23.357
22.352,22.098
25.657,25.088
26.99,26.586
17.905,17.623
25.005,24.552
24.467,24.217
26.78,25.873
26.893,26.354
26.473,25.994
23.573,23.094
24.185,23.399
26.238,25.915
26.218,25.813
26.424,26.055
26.667,25.602
25.832,24.975
22.709,21.783
21.384,21.283
20.831,20.73
24.694,24.258
25.487,23.74
26.122,25.754
26.169,25.769
17.186,16.987
26.18,25.753
23.267,23.139
26.508,26.155
26.139,25.962
20.877,20.581
25.517,25.371
25.256,24.75
26.235,25.836
25.685,25.357
24.887,23.172
25.969,25.827
25.642,24.33
24.148,23.667
22.978,21.54
24.6,24.465
26.697,26.326
25.412,24.709
24.618,24.317
21.758,20.418
26.039,25.646
24.732,24.451
23.253,23.307
26.299,25.667
25.054,23.654
26.425,25.143
22.931,22.415
26.359,25.774
24.381,23.939
23.908,23.499
24.273,23.649
24.915,23.821
25.662,25.321
21.17,21.006
22.339,22.267
19.71,18.868
25.721,23.575
24.114,24.019
22.624,22.42
24.987,24.617
21.874,20.725
23.578,23.515
25.946,25.436
25.613,25.117
26.861,26.549
25.783,25.582
26.406,25.794
26.9,26.275
23.755,23.543
21.995,21.089
24.838,24.391
24.955,24.866
25.821,24.244
26.937,26.488
25.599,24.106
21.841,20.984
24.879,22.792
24.018,23.931
21.536,21.466
25.587,25.099
25.435,24.924
26.828,25.988
24.509,23.843
24.576,24.377
25.279,25.212
25.904,25.211
26.081,25.946
24.303,23.805
25.473,25.123
23.775,22.78
24.247,23.95
26.619,26.023
23.657,23.455
23.971,22.262
19.836,19.667
26.71,26.186
24.196,22.966
26.619,25.089
25.628,23.869
22.714,20.585
23.638,23.399
20.991,20.79
20.293,20.161
16.699,16.591
20.325,20.042
26.491,25.277
23.629,22.934
24.214,23.669
19.651,19.398
25.157,24.68
26.638,26.161
24.659,24.117
21.704,21.526
24.369,24.155
23.863,23.786
26.755,26.395
22.256,22.119
26.941,26.326
25.237,23.363
24.265,24.119
21.009,20.803
22.836,22.651
26.412,26.201
22.269,22.145
26.484,25.567
15.485,15.334
23.169,23.108
22.28,22.107
25.651,25.524
24.385,23.861
20.441,19.305
26.14,25.948
19.858,19.478
25.421,24.949
23.994,23.81
23.303,22.032
24.818,24.259
22.118,20.72
25.265,22.882
20.503,19.809
16.938,16.263
25.513,25.383
22.626,22.413
26.664,26.342
25.366,23.702
26.919,26.477
26.488,25.972
21.057,20.627
25.844,25.678
22.267,22.121
25.423,24.892
26.949,26.524
25.358,25.159
24.392,23.99
26.632,25.068
25.396,25.012
24.088,23.553
24.544,23.569
25.332,25.25
26.829,26.568
25.906,25.554
24.879,23.742
26.82,24.64
24.9,22.877
23.363,23.012
26.815,26.406
26.722,24.078
26.487,24.056
21.036,20.922
24.301,22.707
24.158,23.872
25.354,24.938
24.478,24.241
26.322,25.915
26.177,25.483
23.72,23.102
17.711,17.614
22.662,21.471
25.268,24.673
26.411,26.146
23.079,22.063
26.801,26.415
26.492,24.992
26.316,23.965
25.694,25.239
24.668,22.809
22.848,22.577
26.604,26.089
26.933,26.549
26.918,26.532
25.628,25.454
25.351,24.91
22.494,22.051
18.859,17.695
24.655,24.574
22.808,21.224
21.578,21.327
22.835,22.572
24.617,24.427
24.925,24.558
24.185,23.228
25.697,25.185
18.037,17.719
24.611,24.046
25.547,25.254
25.324,24.308
25.716,25.404
26.247,25.819
19.827,19.212
25.82,25.26
23.26,22.335
18.738,18.647
24.086,23.762
26.998,26.641
22.801,22.413
26.978,26.045
24.325,22.086
25.086,24.468
26.246,25.913
24.62,24.213
25.583,25.084
24.018,23.785
26.759,26.343
24.473,22.305
26.543,26.095
26.686,26.225
22.437,22.177
21.541,21.455
25.438,25.182
26.972,26.376
23.705,23.372
24.217,23.739
22.203,21.139
26.847,26.32
25.245,25.037
24.193,23.598
26.282,26.184
22.588,22.368
18.13,17.943
25.707,25.218
25.971,25.662
26.869,26.734
20.797,19.621
24.451,23.992
23.677,22.71
16.257,16.095
25.021,24.592
23.537,23.448
23.787,23.71
23.194,22.971
24.609,23.995
26.236,25.45
23.874,24.096
25.657,25.454
26.196,25.771
25.969,25.574
25.718,25.184
19.409,18.516
25.218,24.841
26.758,26.022
22.902,22.588
19.174,18.865
24.695,24.559
22.901,21.757
21.958,20.756
26.973,26.617
26.325,25.133
23.837,22.258
24.534,24.253
25.992,25.554
18.777,17.95
24.655,24.338
25.633,25.383
25.921,25.221
20.693,20.362
20.706,20.606
23.044,21.722
21.505,19.968
25.928,25.618
25.827,25.551
26.815,26.561
26.316,25.833
26.324,25.825
26.444,26.024
26.86,26.461
23.754,23.501
26.533,26.214
22.693,22.607
26.766,26.433
26.53,26.312
25.688,25.153
24.871,24.642
26.515,26.223
25.099,23.304
25.68,25.319
21.741,20.242
22.447,22.341
26.133,25.834
23.361,21.912
26.281,25.789
18.399,17.69
21.327,20.119
23.486,23.39
24.465,23.905
19.258,19.041
26.411,23.931
26.662,25.547
23.726,21.777
26.162,25.744
22.9,22.452
20.729,20.048
26.817,26.559
26.322,23.832
24.263,23.955
26.835,24.441
18.141,17.963
24.951,23.166
25.734,23.8
25.403,24.834
18.793,17.959
25.189,24.749
26.632,26.172
18.725,18.656
24.176,23.634
24.835,24.274
24.861,24.476
22.25,21.852
21.169,21.01
25.431,24.833
24.6,22.826
26.672,26.519
26.092,25.463
20.367,20.092
24.712,23.832
26.508,26.115
25.354,24.875
25.872,24.483
23.052,20.841
22.426,20.787
23.016,22.951
24.542,22.79
26.112,25.371
26.651,26.403
24.76,24.486
21.804,21.465
23.873,23.516
20.109,19.473
26.388,25.902
24.459,24.168
26.941,24.359
25.876,25.275
25.028,23.16
23.268,22.828
22.8,22.701
23.928,22.604
25.038,23.239
22.691,21.138
25.733,25.293
18.647,18.206
24.459,24.252
24.002,23.762
26.728,26.429
26.097,25.597
19.11,19.021
26.432,25.761
23.339,23.211
24.897,24.508
24.95,24.714
22.54,21.61
24.432,24.045
25.894,25.373
20.304,19.911
23.757,23.247
25.793,25.261
24.083,23.552
25.937,25.433
26.473,24.052
22.598,22.461
25.856,25.449
26.392,26.217
24.705,24.149
19.085,17.901
23.471,23.138
21.767,20.282
26.795,26.381
18.885,17.76
24.317,23.67
21.599,20.584
26.92,26.365
25.79,25.2
25.882,25.423
24.865,24.493
26.884,26.158
17.542,17.084
22.757,22.606
20.019,19.235
22.283,20.941
23.869,22.695
26.183,24.991
26.573,26.452
17.558,16.69
26.371,25.833
23.125,22.174
24.85,24.492
23.237,23.043
25.466,24.107
26.707,26.12
17.572,16.774
26.069,25.128
21.083,20.806
24.968,24.702
25.676,25.495
23.401,22.827
25.668,25.193
19.108,18.833
23.289,23.203
21.583,21.225
26.946,26.739
26.862,25.475
25.186,24.99
24.234,22.316
24.159,23.619
26.845,26.636
23.568,22.588
23.295,22.071
16.574,16.488
22.373,21.861
25.268,24.011
24.995,24.498
26.372,26.103
24.445,24.046
26.664,26.274
26.014,25.516
26.38,25.834
26.978,26.552
21.115,20.832
24.039,22.907
26.656,26.253
26.257,25.935
25.639,25.222
26.575,26.008
25.839,25.599
23.845,23.732
26.361,25.801
24.276,23.845
26.835,26.289
24.222,23.85
26.981,26.608
24.988,24.365
24.084,23.21
25.434,25.056
23.727,23.217
26.247,25.681
22.061,21.937
26.269,25.646
22.129,20.908
26.401,25.993
26.095,25.931
25.905,25.513
26.059,25.862
26.14,25.694
26.411,25.891
26.055,25.613
24.94,23.229
20.307,18.822
25.492,25.133
24.062,22.692
23.042,22.978
23.38,21.969
25.329,25.227
24.007,23.899
25.965,25.339
22.842,22.537
18.221,18.054
26.999,26.797
17.607,17.5
26.239,24.384
25.854,25.171
23.102,22.946
26.027,25.304
25.099,24.643
26.486,25.974
24.855,24.381
26.907,26.501
26.979,26.3
22.526,21.208
26.442,26.086
24.201,23.116
26.959,26.431
18.799,18.587
26.538,26.231
21.449,21.324
25.096,24.656
26.003,25.888
23.848,23.464
25.304,24.956
22.697,22.581
26.348,23.907
23.22,22.84
21.006,20.088
23.505,23.267
22.016,21.491
26.984,26.844
22.191,22.05
25.615,24.758
26.013,23.747
23.766,23.254
26.058,25.538
26.682,26.125
23.685,23.49
25.105,24.97
22.927,21.342
24.986,24.617
25.518,25.043
23.682,23.305
22.361,22.082
26.084,25.581
25.576,24.302
23.992,22.984
24.897,23.849
25.182,24.628
23.967,22.329
18.266,18.129
26.341,25.92
19.915,19.733
18.713,17.924
22.226,21.906
26.536,26.15
26.253,26.05
24.435,23.634
22.537,22.32
26.821,24.282
23.646,23.391
26.551,26.134
23.482,23.137
25.996,25.606
25.085,24.91
22.189,20.978
22.991,21.497
26.815,24.191
18.324,18.178
22.338,22.183
26.814,26.365
25.182,24.796
23.625,23.42
16.573,16.473
26.152,25.608
25.928,25.55
26.49,26.286
25.744,25.605
15.472,14.735
24.022,22.956
21.38,21.298
23.036,22.82
15.277,15.074
20.145,20.011
25.944,25.834
22.582,21.781
21.551,21.299
25.104,24.748
24.606,22.903
25.782,25.381
26.989,26.353
24.993,24.679
24.529,24.136
24.185,23.77
22.656,22.563
22.985,22.746
25.871,25.481
24.476,23.937
25.417,25.007
22.497,21.931
25.288,24.653
23.589,21.821
25.685,24.923
25.684,25.553
23.487,23.393
26.749,26.311
22.293,22.209
23.893,23.801
12.921,12.777
25.663,25.334
22.555,21.654
26.479,25.694
19.317,18.289
26.595,26.248
26.073,25.375
26.74,25.986
25.95,23.875
25.834,25.335
25.957,25.536
25.57,25.16
26.543,26.098
24.702,24.487
24.621,23.036
23.805,23.541
25.896,25.785
23.023,22.683
23.717,23.373
24.814,23.959
26.233,25.685
20.669,20.231
25.29,25.194
15.851,15.613
21.843,21.731
20.891,20.817
23.02,22.282
22.146,21.88
22.533,21.956
25.645,25.251
24.328,24.167
24.422,23.208
22.747,22.499
25.217,23.299
21.634,20.764
17.417,17.263
26.558,26.236
25.869,23.889
23.204,23.026
24.854,24.555
25.462,24.237
24.423,24.108
22.133,20.665
26.942,26.504
21.694,20.784
26.781,26.293
25.665,25.229
24.441,24.157
23.252,23.083
23.116,21.585
21.889,20.325
23.81,23.266
22.487,22.365
24.205,24.117
22.065,21.707
26.281,25.75
25.887,25.678
23.394,23.05
21.624,21.039
18.098,16.711
26.407,23.823
26.125,24.348
25.215,23.016
26.863,26.351
23.53,23.39
25.819,25.266
24.739,24.071
23.339,21.729
19.269,18.453
22.9,21.715
26.504,26.236
26.709,26.445
22.682,21.497
24.094,22.83
18.955,18.808
26.223,25.669
25.88,25.389
24.782,24.287
23.332,23.2
24.509,24.51
25.465,25.114
22.946,22.511
25.169,24.26
26.087,25.485
26.921,26.287
25.42,25.02
23.142,21.734
19.146,19.03
22.615,21.513
26.848,26.707
22.167,20.714
23.925,23.582
25.519,24.917
23.562,23.105
22.383,21.151
23.589,23.004
18.536,17.457
24.537,24.397
24.457,24.068
26.421,25.873
21.749,20.286
21.34,20.948
25.36,25.162
21.008,20.937
26.303,24.422
20.101,20.293
25.549,25.107
23.517,22.81
26.426,26.234
18.764,17.717
24.906,24.699
25.177,24.943
26.364,26.107
24.271,24.105
25.864,25.591
25.397,24.824
24.525,24.117
22.389,22.078
26.467,26.105
25.008,23.194
26.577,26.114
24.26,23.89
23.73,23.492
20.396,19.147
23.994,23.57
25.669,25.435
19.771,18.656
26.439,26.056
20.596,19.925
25.876,25.366
25.766,25.154
25.564,25.17
25.693,25.487
22.81,22.656
26.97,26.371
22.813,21.955
25.438,25.194
26.474,26.243
25.501,24.969
22.238,20.618
26.25,25.851
24.598,24.134
22.433,22.178
24.598,22.986
20.791,19.404
24.421,24.167
22.438,21.169
25.357,25.215
25.543,25.224
24.741,24.205
26.742,26.449
22.721,22.606
26.403,24.057
25.776,25.273
25.687,25.146
25.961,25.71
22.818,21.029
22.212,22.082
26.708,26.317
21.62,21.491
24.693,24.372
26.146,25.707
20.732,20.385
26.812,26.243
23.895,23.432
25.891,25.781
22.163,22.152
26.251,26.003
19.094,18.957
20.231,20.028
25.827,25.626
18.771,18.658
21.123,20.835
23.68,23.388
21.203,20.298
21.944,20.686
25.877,25.589
22.871,22.454
19.914,19.102
26.872,26.555
23.851,23.0
26.006,25.644
24.856,23.775
23.888,23.779
24.021,23.83
26.408,25.896
26.701,26.181
26.601,25.808
26.187,25.876
24.566,24.323
23.408,22.974
24.962,24.876
22.872,22.112
24.699,24.106
25.37,25.222
25.46,24.336
25.273,23.042
26.569,26.164
24.911,24.374
26.385,24.475
25.225,24.078
24.958,24.678
25.544,23.783
26.129,25.915
13.545,13.444
22.326,20.677
23.977,23.901
25.985,25.426
18.598,18.368
24.724,24.371
25.429,25.055
24.398,24.141
23.877,22.969
26.559,26.42
26.505,26.09
25.352,22.95
20.999,20.113
24.243,24.065
25.37,24.989
26.965,24.45
26.092,25.551
26.692,26.174
25.673,24.88
25.318,24.479
25.06,24.993
26.243,26.154
26.836,26.687
23.094,22.55
23.09,22.189
22.196,21.077
22.944,22.073
24.981,22.784
26.244,25.799
22.539,22.453
25.97,25.768
26.644,26.442
23.672,22.722
23.066,22.513
26.182,25.943
26.797,26.392
26.585,26.447
22.437,21.078
24.176,23.649
24.49,22.641
18.111,17.673
26.937,26.307
22.926,22.934
21.54,20.828
26.897,24.426
24.013,23.913
26.694,26.369
26.193,24.909
21.203,21.049
26.325,25.867
25.038,24.524
24.287,22.91
26.177,25.532
23.287,23.237
23.16,22.555
24.893,24.143
25.612,25.36
26.863,26.703
26.685,26.193
21.806,21.417
26.977,26.172
24.747,24.309
26.675,26.539
20.164,18.866
25.935,24.279
24.925,24.441
25.701,25.209
24.929,24.54
24.109,23.902
24.689,24.365
26.081,24.85
22.622,22.547
21.755,21.538
26.386,26.037
15.207,15.055
25.76,25.37
26.413,24.489
16.643,15.765
26.739,26.41
24.796,24.693
23.865,23.732
26.457,26.022
25.812,25.277
23.682,23.322
21.809,21.439
23.011,23.117
25.26,24.848
25.803,23.628
24.65,24.453
26.534,25.073
25.818,24.358
23.602,22.943
25.646,24.202
21.083,20.768
23.872,23.462
25.74,25.532
24.25,23.808
26.353,25.787
26.362,25.939
24.843,23.907
25.706,25.291
22.827,22.727
25.193,24.719
25.159,24.48
22.643,22.358
22.568,21.239
26.205,25.478
25.214,24.85
26.881,26.361
26.471,26.024
22.678,22.446
26.315,25.76
22.062,20.63
25.245,24.733
22.898,22.466
21.061,20.662
23.058,22.437
23.704,23.557
21.575,21.362
25.306,24.836
26.606,26.208
25.891,25.383
21.016,20.918
26.263,25.745
20.355,19.994
24.399,24.128
26.014,25.487
25.622,25.098
26.295,24.448
26.084,25.621
22.622,22.521
22.955,21.336
26.538,26.432
23.474,23.165
26.982,26.435
26.424,23.977
24.423,23.962
14.379,14.226
25.564,25.096
25.544,25.146
21.822,21.627
20.453,19.633
21.71,19.761
25.159,24.425
26.47,26.078
26.152,24.014
24.52,23.975
26.467,26.126
22.171,20.575
22.237,22.175
23.611,22.987
25.646,25.17
23.674,22.916
26.319,26.003
24.652,24.306
21.783,21.027
22.876,22.64
25.598,25.305
23.386,23.197
25.317,24.835
25.718,25.493
25.585,25.001
25.186,24.275
25.703,25.214
24.173,23.701
25.226,24.726
26.554,26.103
22.976,21.473
26.015,25.939
15.235,15.154
26.861,26.146
26.904,26.497
26.9,26.301
25.287,23.709
26.617,26.448
26.052,25.836
25.58,25.009
26.069,25.674
26.953,26.178
26.371,26.103
26.6,25.944
25.513,25.095
23.883,23.606
25.722,24.321
19.125,17.866
25.259,23.077
22.476,21.181
26.877,26.358
23.942,23.445
23.542,23.117
24.322,22.717
26.798,26.37
26.645,26.213
26.093,24.925
20.902,19.7
19.859,18.433
23.813,23.341
24.225,23.772
24.064,23.005
23.523,23.245
24.046,23.656
25.501,24.637
26.212,24.546
24.931,24.779
21.304,20.122
26.8,26.451
25.586,25.319
23.041,22.651
25.346,23.525
25.789,25.542
25.731,25.283
22.485,22.183
23.613,23.387
26.352,26.042
26.584,26.112
23.864,22.926
26.341,25.738
25.968,25.393
24.59,24.441
21.665,20.327
26.266,25.498
24.025,23.804
23.545,21.768
20.059,19.898
26.3,25.779
22.805,22.682
26.587,26.13
26.84,26.49
24.653,24.219
24.212,23.823
25.728,25.235
23.058,22.093
22.409,21.472
22.249,21.819
24.999,24.749
25.908,25.619
24.333,24.043
26.838,26.247
23.327,23.238
22.625,22.303
26.295,25.848
25.412,24.984
26.48,26.103
23.74,23.457
25.344,24.982
26.872,26.191
22.464,20.821
23.567,23.165
26.708,26.228
26.962,26.733
23.764,23.402
22.904,22.574
26.562,25.723
25.316,24.818
23.415,22.941
26.962,26.679
25.287,24.761
25.291,25.084
26.357,23.743
23.203,23.064
24.532,24.012
22.608,22.319
23.709,23.433
26.124,26.03
26.405,26.22
26.79,26.074
20.133,18.695
26.422,26.168
23.039,21.411
26.999,26.305
25.83,23.275
26.905,26.491
23.235,22.821
25.727,24.515
25.474,25.354
26.404,25.736
23.143,21.921
25.986,25.123
23.231,21.91
22.527,21.465
21.177,19.614
24.873,24.542
25.25,23.184
25.235,25.0
21.801,21.614
14.636,14.706
24.391,22.161
24.387,23.965
25.713,24.545
21.452,21.222
24.066,23.198
26.289,25.59
25.317,25.24
23.906,23.379
23.978,23.426
25.718,25.358
24.3,23.803
26.978,26.42
24.905,23.487
26.954,24.952
26.266,25.717
25.041,24.611
25.763,25.566
24.604,24.339
24.682,23.699
21.497,21.3
14.609,14.353
25.376,25.053
20.661,19.676
26.592,25.993
25.471,25.319
26.885,26.349
26.219,26.101
26.592,25.485
24.848,24.343
22.843,22.612
23.078,22.976
25.774,23.848
26.45,24.585
22.998,22.871
23.784,23.383
24.125,22.585
23.324,23.167
21.42,19.938
26.749,26.169
24.013,23.562
26.428,26.095
25.848,25.556
20.578,19.405
22.415,21.001
26.33,26.195
26.015,25.802
16.32,16.041
25.918,25.806
26.262,26.048
22.899,21.529
25.676,24.079
23.203,22.841
26.239,25.967
19.654,19.461
25.532,24.929
26.701,25.746
25.922,24.671
20.423,18.906
26.081,24.695
26.59,26.08
16.515,16.187
21.532,21.081
26.725,26.198
25.172,24.534
25.873,25.385
26.667,26.474
26.077,25.025
26.397,26.092
23.95,23.362
25.865,25.519
26.689,26.218
25.882,25.796
22.296,21.242
26.082,25.365
26.087,25.567
26.492,25.775
17.0,16.715
25.929,25.471
26.344,25.862
23.0,21.91
26.475,25.996
22.487,21.405
26.918,26.668
25.046,24.593
21.12,21.037
22.809,21.769
26.952,26.599
25.425,25.042
25.089,24.351
26.708,26.215
24.124,23.609
26.223,25.707
24.663,24.341
25.778,25.515
23.001,21.253
22.506,21.648
22.217,21.174
23.759,22.949
25.829,25.452
22.965,22.518
21.755,20.777
26.149,26.017
26.936,25.873
26.382,26.114
26.204,26.015
23.132,21.875
24.841,24.294
26.72,24.221
24.83,22.61
25.613,24.666
25.28,24.751
19.367,18.42
26.796,26.065
26.119,25.8
26.928,26.409
25.22,24.872
23.828,23.4
24.523,24.003
24.599,24.371
26.63,24.566
25.359,24.919
26.979,26.274
25.444,24.964
17.158,16.455
22.355,21.587
25.285,25.089
20.805,20.499
26.884,26.391
25.029,24.068
24.404,24.047
25.414,25.05
23.05,21.694
24.263,23.858
22.944,22.637
26.345,26.052
15.267,15.176
24.166,22.405
23.176,22.685
25.408,22.809
26.645,24.065
25.255,24.46
18.275,17.076
25.945,25.277
18.686,17.749
20.474,18.719
20.453,19.781
23.732,23.023
26.303,26.028
24.372,23.973
24.309,23.893
26.829,26.188
18.213,17.389
20.556,18.937
25.762,25.383
24.528,24.141
22.812,22.268
25.107,24.683
24.944,23.577
25.304,25.082
25.796,25.538
24.844,24.361
23.459,23.057
25.53,25.42
22.681,21.086
26.294,25.744
25.523,25.082
24.339,24.244
19.98,19.069
24.688,24.251
25.904,25.402
25.862,25.407
15.644,15.549
25.434,25.243
21.896,21.751
26.7,26.258
22.271,20.437
25.952,25.794
24.551,24.092
22.509,21.237
23.622,23.527
19.257,19.128
14.532,14.431
25.491,25.361
24.481,23.213
22.519,22.38
22.178,20.773
23.852,23.559
25.111,24.865
23.601,23.274
22.238,21.357
26.804,26.353
21.864,21.245
25.684,25.364
25.223,23.725
19.66,18.814
24.722,24.039
24.279,23.86
24.41,23.394
26.162,25.803
23.569,23.493
25.615,25.13
26.189,25.695
22.269,20.98
22.957,22.884
26.994,26.543
24.242,24.155
23.631,23.067
26.109,25.68
23.732,23.538
19.236,17.571
25.101,24.589
15.228,15.048
26.922,26.307
22.416,22.251
26.054,25.63
26.515,26.041
26.721,25.936
26.761,25.716
25.063,22.878
22.309,20.654
25.677,25.496
26.926,26.415
23.687,22.368
25.923,25.396
24.202,23.912
24.25,24.068
22.42,21.161
25.146,24.326
21.622,19.37
23.65,22.924
21.141,19.868
17.449,17.213
26.622,24.761
26.471,26.254
23.289,22.189
24.038,23.341
26.782,26.213
25.702,24.558
26.018,25.512
18.085,17.912
19.508,19.275
25.084,24.79
25.263,25.179
26.067,25.656
17.093,15.986
26.393,25.837
22.092,21.855
26.591,25.908
25.868,25.56
23.586,23.11
23.74,23.671
20.972,20.877
26.677,26.146
22.326,21.837
26.341,23.903
23.203,23.08
18.396,18.104
25.906,25.524
24.893,24.722
24.326,23.806
22.997,22.011
26.322,25.445
23.879,23.467
23.469,22.528
26.498,26.731
26.108,23.918
23.474,23.195
23.649,21.97
25.311,25.095
18.767,18.075
26.872,24.214
26.51,26.143
25.712,24.286
25.062,24.6
26.101,25.792
25.749,25.09
24.59,23.872
26.428,24.947
26.96,26.618
22.082,20.18
24.33,24.232
23.31,22.835
23.535,22.883
20.987,20.082
23.866,23.547
21.552,21.355
24.943,24.691
25.913,25.524
26.226,25.965
26.799,26.377
23.101,22.403
26.108,24.088
26.477,26.159
13.959,13.717
25.535,25.292
25.339,25.178
25.587,24.132
25.998,25.67
26.712,26.32
21.697,20.007
24.179,23.631
19.131,18.561
18.709,18.325
26.347,26.051
23.435,21.622
23.174,21.011
25.577,24.96
19.517,19.39
26.827,26.382
25.618,25.12
23.518,23.448
26.246,24.03
24.372,21.769
24.023,22.542
24.668,24.252
21.719,21.458
26.825,26.262
23.99,22.86
26.897,26.404
20.813,19.372
25.673,24.966
24.662,24.191
26.527,24.185
22.122,22.248
26.79,26.108
23.118,21.407
26.987,26.551
26.109,25.828
25.665,25.246
23.974,23.903
24.593,24.082
23.249,23.152
26.97,26.261
21.305,20.983
21.826,21.568
23.825,22.281
23.267,23.126
23.759,23.288
26.943,26.559
23.349,22.417
16.388,16.274
26.834,26.25
26.182,25.671
26.483,26.097
22.93,22.788
25.84,25.769
20.598,20.475
19.664,19.213
16.139,15.94
26.797,26.422
25.716,25.272
20.152,18.829
24.172,23.806
26.262,25.816
23.764,22.459
25.778,24.961
22.963,22.622
22.547,20.357
23.22,22.231
25.798,25.161
25.626,25.384
23.927,23.567
24.839,24.572
23.166,22.894
26.839,25.002
26.935,25.737
26.986,25.175
26.638,26.059
24.932,24.594
25.249,24.691
24.303,23.302
22.543,21.364
23.567,23.495
26.554,26.013
25.815,25.241
18.017,17.637
26.116,25.41
21.271,20.954
21.139,21.025
22.08,21.789
25.383,25.209
24.791,24.346
26.716,26.191
24.119,23.975
25.459,24.844
26.604,26.254
24.593,24.185
26.585,25.481
25.153,24.578
24.781,24.259
24.111,22.608
20.683,20.25
26.001,25.703
24.511,24.315
26.616,26.175
19.195,19.08
25.848,23.977
25.666,25.243
22.656,22.522
26.221,23.804
18.945,18.354
21.965,21.756
21.149,20.556
23.507,22.242
26.402,25.703
22.803,22.398
26.333,25.801
26.737,26.248
26.254,23.883
24.31,24.251
26.331,26.036
22.553,22.193
20.393,19.851
21.955,21.875
26.475,26.026
24.709,24.282
26.959,26.615
20.839,19.506
22.669,22.584
22.774,22.162
23.073,22.826
25.709,25.106
26.285,23.805
26.589,26.282
25.649,24.912
21.242,21.145
20.786,20.713
26.948,26.504
25.625,25.106
21.903,21.8
22.718,22.527
17.839,17.564
21.379,20.053
25.677,23.795
26.246,26.0
25.801,25.412
24.494,24.035
24.192,24.304
26.753,26.167
25.917,25.197
17.69,17.345
26.851,26.576
25.794,25.223
26.517,26.107
25.026,24.534
18.893,18.228
24.201,23.551
22.752,22.676
25.148,23.112
25.555,25.456
26.164,24.271
22.277,20.193
26.191,25.989
26.978,25.287
23.863,23.538
26.322,23.857
25.705,25.268
26.573,26.113
25.696,24.345
23.699,23.34
21.797,20.466
26.397,25.943
26.371,26.113
24.786,23.465
25.886,25.557
21.459,20.78
25.58,25.19
20.187,19.899
24.901,24.616
23.437,22.47
22.874,21.922
22.039,21.16
26.858,24.756
23.607,23.545
23.333,21.442
25.552,25.266
21.687,21.096
22.563,21.553
25.294,24.982
18.854,18.516
16.622,16.468
22.781,22.298
25.401,24.731
25.731,25.371
26.308,24.653
23.279,22.419
25.338,24.893
23.623,23.433
26.537,26.398
25.673,24.851
22.131,22.028
23.005,21.814
22.093,20.6
26.179,25.704
26.611,26.222
23.638,23.517
26.434,24.273
25.974,25.312
23.613,23.345
24.696,24.461
26.584,26.443
19.128,17.49
26.789,26.552
25.384,25.01
26.206,24.542
26.396,24.932
26.447,26.043
21.496,20.171
24.624,22.557
24.94,24.45
22.886,22.793
23.256,21.777
21.629,20.56
24.951,23.252
20.893,18.865
22.569,22.026
26.021,25.342
22.188,21.483
25.614,24.735
26.793,26.235
25.715,25.259
23.703,23.271
18.958,18.903
25.988,25.597
22.864,22.548
22.504,21.31
22.079,21.18
24.024,23.638
26.229,25.484
25.661,25.126
26.462,24.271
25.01,24.742
24.042,23.665
24.987,24.335
23.72,21.488
18.969,18.052
26.046,25.521
24.686,24.3
26.606,26.148
24.714,24.375
26.383,26.226
26.342,25.824
24.829,24.61
26.447,26.004
26.293,25.789
26.731,25.931
22.59,21.908
25.489,25.151
25.427,25.14
24.828,23.683
22.039,21.948
25.92,24.055
26.043,24.768
26.269,25.307
24.52,24.284
26.938,26.326
24.847,24.344
24.231,23.811
23.817,23.206
21.835,21.357
26.435,25.931
17.906,17.643
24.472,24.419
26.632,26.15
25.522,24.044
21.005,20.003
22.603,22.537
16.242,16.143
22.056,21.806
22.587,21.542
26.119,25.757
24.389,23.16
26.674,26.217
22.567,22.49
26.028,25.5
23.816,23.715
24.744,23.926
26.419,25.975
25.598,25.184
26.885,26.263
26.591,26.448
21.403,20.282
25.878,25.037
25.378,24.973
26.191,24.441
23.297,22.977
26.926,26.374
26.54,26.072
26.911,26.161
23.226,23.151
23.726,22.942
26.078,25.624
26.894,26.525
26.401,25.5
26.275,25.727
20.633,19.947
22.955,22.164
24.229,23.837
26.678,26.011
26.521,26.304
24.586,22.189
25.438,25.22
24.925,24.453
21.267,20.999
19.514,19.022
24.14,23.457
26.395,26.085
25.038,24.393
18.294,18.093
25.625,24.259
24.386,24.123
20.868,19.389
24.325,24.103
26.117,25.461
24.81,23.43
22.565,21.482
20.308,19.805
17.742,17.498
25.493,25.34
25.88,25.353
18.349,17.58
24.987,24.687
24.646,24.298
25.279,25.177
23.857,23.363
25.814,25.687
21.647,21.284
25.514,24.257
26.919,26.367
19.081,18.872
26.331,26.096
22.854,20.413
23.496,22.206
11.7,11.434
22.32,21.824
15.643,15.326
24.555,24.297
25.741,25.28
25.353,24.801
25.649,25.126
23.32,23.054
24.121,23.819
22.939,22.826
26.465,26.066
21.464,20.212
20.399,20.147
26.192,25.58
26.749,26.234
24.847,24.489
17.323,17.182
21.436,21.262
26.553,25.987
22.141,21.689
25.585,24.661
26.715,24.938
24.242,24.065
26.135,25.37
24.402,21.996
26.496,26.058
23.714,21.921
19.162,18.305
22.154,21.959
26.69,26.255
22.722,22.651
25.106,24.557
26.071,25.759
23.918,23.972
23.304,22.933
23.82,23.43
26.929,26.5
26.012,25.181
24.69,24.347
22.697,22.394
26.066,24.27
26.734,26.045
26.575,26.066
25.379,24.717
26.447,26.109
26.196,25.653
22.688,22.256
21.482,20.371
25.902,24.341
26.05,25.606
26.849,26.416
23.334,23.094
24.838,24.316
23.85,23.732
26.141,25.892
14.111,13.977
22.339,22.101
19.94,19.86
20.803,20.686
23.546,22.48
25.033,24.64
26.469,26.184
18.559,18.063
25.31,24.781
22.013,21.301
26.359,25.9
23.161,22.964
25.703,25.039
25.477,25.394
26.374,25.889
25.768,25.098
21.866,21.394
25.237,24.906
12.723,12.615
21.119,19.463
25.666,25.505
19.799,19.705
24.125,22.376
25.333,24.854
21.346,19.688
25.9,25.444
25.974,23.857
25.995,25.618
23.977,23.81
24.712,24.35
18.822,18.659
26.287,25.783
25.853,25.436
24.641,24.545
13.42,13.219
14.503,14.345
23.908,23.735
26.232,25.745
24.57,23.049
26.909,26.517
21.519,20.022
25.778,25.383
24.514,24.196
19.618,19.533
22.029,21.91
24.537,22.578
26.659,26.521
24.145,23.642
26.288,25.712
19.273,19.178
21.41,20.94
23.443,22.523
19.912,18.956
26.898,26.428
22.807,22.375
25.594,25.309
26.006,25.467
21.87,21.144
17.297,17.188
23.408,23.19
19.326,19.079
24.215,23.764
24.864,23.375
22.452,22.32
23.927,23.612
26.778,26.242
25.388,24.989
23.458,23.184
26.509,25.767
26.392,26.418
23.51,22.628
25.899,25.441
25.621,24.917
25.056,24.974
25.959,25.551
25.195,24.191
26.707,26.368
26.183,25.969
25.565,25.358
25.707,25.34
25.987,25.334
22.538,22.45
20.832,20.049
22.59,21.279
25.866,25.336
24.984,24.564
24.089,22.465
26.744,26.081
26.827,26.428
22.42,22.32
25.233,24.844
26.775,26.163
21.965,21.424
24.847,22.802
26.47,24.673
24.996,22.905
26.679,25.913
26.542,25.999
26.975,25.176
26.549,25.371
21.944,20.977
22.46,22.33
26.131,25.615
25.884,25.51
25.521,25.0
21.846,21.722
25.201,24.782
23.896,23.824
25.736,25.483
26.455,25.86
26.235,25.855
16.466,16.222
26.897,26.525
25.711,25.536
26.293,25.745
26.361,26.158
26.267,25.479
24.056,23.845
21.062,20.859
25.067,24.536
23.525,23.171
26.654,26.271
21.906,21.779
21.509,20.26
25.44,25.178
24.393,24.051
24.46,23.911
24.431,24.357
25.885,25.544
22.157,21.04
24.475,24.243
25.743,25.339
25.111,24.748
26.244,25.771
26.611,26.149
13.346,13.206
22.721,22.071
16.418,16.223
23.617,23.302
22.714,21.802
26.581,26.128
22.912,21.882
24.509,24.156
24.59,24.304
25.976,25.6
22.088,20.275
25.207,24.813
21.825,20.885
26.63,26.12
25.106,24.654
25.795,25.254
26.809,26.222
18.243,17.51
20.549,19.69
25.666,25.134
22.284,21.296
25.266,24.772
25.218,25.043
25.509,23.002
23.549,23.22
24.968,24.761
26.335,25.901
26.134,26.033
24.864,23.059
24.431,24.073
24.803,24.285
25.458,25.118
21.055,20.637
25.611,24.959
26.486,24.713
26.636,26.347
22.508,22.318
24.62,23.535
25.582,25.23
22.738,21.184
26.035,25.721
25.547,25.136
26.642,26.198
23.425,23.088
20.56,20.444
24.169,23.359
24.911,23.732
22.925,22.277
24.143,23.77
26.758,26.27
25.347,23.863
23.553,21.247
26.168,24.482
24.725,24.182
25.836,25.341
24.619,24.433
20.487,19.665
16.056,15.881
24.526,24.256
21.246,20.911
25.108,25.023
25.35,24.972
24.348,23.869
19.514,18.7
21.271,21.169
21.983,20.547
23.418,22.392
22.141,21.969
22.139,21.23
24.383,24.229
24.287,24.104
26.09,25.776
26.277,25.912
26.853,26.237
24.394,23.944
19.55,19.218
24.714,24.337
22.326,22.22
26.315,23.879
25.951,25.016
25.78,25.132
26.658,26.063
25.944,25.512
26.067,25.642
25.199,24.841
25.504,25.085
26.609,25.732
25.06,24.705
26.167,24.862
24.335,23.745
26.456,26.506
25.477,24.933
22.772,22.424
26.515,26.026
25.77,25.551
26.269,26.026
26.884,26.238
26.202,25.651
25.039,24.949
25.169,23.413
26.56,25.983
25.573,23.626
24.988,22.482
21.645,20.708
26.58,26.289
19.517,19.003
26.283,25.858
24.098,23.487
24.468,22.802
24.339,23.889
23.114,23.012
25.8,23.582
25.534,25.04
21.1,20.876
21.655,21.485
26.008,24.216
20.895,20.829
24.256,24.103
26.886,26.397
24.812,24.164
26.608,26.318
25.67,25.234
23.347,23.217
25.668,25.24
26.622,26.143
23.532,22.175
23.779,23.425
17.529,16.787
26.278,25.885
21.23,20.788
25.684,24.62
24.994,24.869
22.17,21.597
19.919,19.744
26.171,25.886
26.102,25.726
22.89,22.09
24.3,23.773
25.351,24.818
19.891,19.573
25.176,24.758
26.378,25.985
25.755,25.173
24.327,23.874
25.48,25.417
24.571,24.15
26.753,24.754
24.791,24.481
25.011,24.87
25.543,24.898
26.979,25.491
23.043,22.825
22.219,21.712
26.047,23.935
25.024,24.781
25.963,24.006
25.806,25.675
26.476,26.304
26.486,25.764
26.474,26.106
22.972,21.945
25.863,24.965
25.228,25.095
26.685,26.168
25.598,24.229
23.284,21.991
26.087,24.959
22.999,22.895
26.219,25.454
22.524,22.22
23.815,22.83
22.25,21.619
24.947,24.435
26.226,25.61
14.056,13.946
26.983,26.447
26.005,25.88
22.172,21.928
21.988,21.81
25.414,24.907
21.299,20.777
22.533,20.887
16.712,16.531
21.54,20.988
26.936,25.15
26.65,26.292
26.052,23.632
25.744,25.665
24.46,22.301
24.715,24.643
26.186,25.527
25.938,25.881
25.704,23.723
26.638,26.389
25.747,25.327
23.789,23.611
26.845,26.459
26.127,25.936
24.476,24.413
22.133,21.589
23.751,23.066
25.53,25.126
25.903,25.528
20.623,19.743
25.553,25.034
25.64,25.564
20.829,19.816
22.757,22.624
21.724,21.425
24.647,24.306
24.834,24.442
25.932,25.411
23.048,22.574
25.329,25.091
18.257,17.632
21.233,21.043
22.771,22.701
25.581,25.453
22.418,22.298
25.663,23.615
22.826,22.301
24.83,24.437
26.016,25.686
26.34,25.789
20.558,20.134
23.443,22.28
25.299,24.975
21.141,19.868
26.895,26.237
26.189,25.693
26.731,26.248
25.511,25.319
26.821,26.21
25.307,25.037
24.115,23.984
26.776,26.126
25.741,25.299
22.59,22.229
20.45,19.166
26.537,25.954
22.595,22.309
24.485,24.096
26.125,25.617
26.828,26.317
26.019,25.601
24.807,22.375
26.524,25.947
25.615,25.073
21.799,21.71
25.979,25.358
25.061,23.867
23.901,22.183
24.731,24.101
20.837,19.779
26.098,25.544
26.024,25.872
24.089,23.679
26.54,25.429
19.517,18.504
26.803,26.528
25.49,25.095
24.257,22.764
24.054,23.909
26.129,25.728
20.409,20.234
26.367,26.16
22.489,21.258
24.843,24.471
25.141,24.756
25.061,23.427
23.642,23.233
25.006,24.824
22.941,22.809
21.229,20.497
24.637,22.519
25.42,25.074
25.016,24.424
25.591,24.742
25.477,25.251
15.674,15.492
26.515,25.987
22.016,21.051
16.448,16.211
19.847,19.769
26.885,26.412
21.453,21.039
23.654,23.11
26.889,27.158
22.599,22.305
24.652,24.078
25.219,24.969
26.695,26.174
26.202,25.768
22.737,22.552
26.213,25.877
11.657,11.573
23.032,21.811
26.004,23.821
26.505,25.682
25.845,25.407
24.798,24.553
24.797,24.165
21.242,20.986
24.801,23.996
21.121,20.917
20.732,20.675
16.683,16.582
26.453,26.192
20.579,20.361
23.534,23.365
24.465,23.703
26.808,26.252
24.396,24.276
22.148,20.039
20.657,20.221
16.948,16.771
25.593,25.238
25.24,25.006
25.707,25.443
26.563,26.3
24.899,24.565
21.619,20.751
19.146,18.219
26.755,26.359
21.134,20.326
23.7,23.357
26.109,25.393
25.171,24.803
24.846,24.602
24.075,23.581
25.068,24.757
25.004,24.63
24.259,23.16
26.837,25.838
25.613,25.211
25.982,25.563
26.034,25.063
25.938,23.922
24.317,23.607
23.093,22.959
25.985,25.438
24.949,24.8
21.551,20.66
22.055,21.215
24.452,24.05
26.86,26.637
23.045,22.643
22.072,21.553
26.014,23.76
18.194,18.074
23.853,23.323
25.336,24.923
24.546,24.153
21.993,21.128
24.513,24.138
23.647,23.433
26.921,26.764
21.622,20.314
18.909,18.42
25.779,25.233
26.274,26.177
24.008,23.94
21.248,20.607
20.734,20.128
20.777,20.239
24.752,24.32
23.296,22.745
26.983,26.554
24.99,24.849
23.478,23.18
26.895,26.114
26.563,25.632
24.164,23.421
26.447,25.904
25.81,24.007
21.422,20.26
24.793,24.332
20.402,19.662
25.989,23.606
17.917,17.26
25.988,25.52
26.61,26.435
22.841,22.663
25.016,24.561
25.342,24.91
26.581,26.118
22.632,22.577
26.848,26.004
23.376,23.269
24.29,23.88
25.89,25.415
25.915,25.208
22.976,22.845
21.384,19.669
16.072,15.586
23.732,22.656
22.477,22.218
23.218,22.68
18.212,18.139
24.706,24.58
26.6,26.061
21.415,20.137
23.305,22.736
26.998,24.474
23.141,21.751
26.122,25.587
22.037,20.531
26.297,25.878
26.716,26.11
26.71,26.572
25.183,24.724
21.794,21.715
25.801,25.636
24.536,22.961
26.45,25.929
26.545,26.192
22.166,20.178
22.181,22.098
23.209,22.276
25.255,24.753
19.188,19.025
25.341,25.2
18.879,18.568
23.696,22.604
26.212,25.784
21.983,21.757
26.27,25.737
21.029,19.406
26.145,25.898
21.674,20.993
25.313,25.207
22.705,22.308
21.925,20.991
25.687,24.706
24.719,23.806
25.153,24.859
24.014,23.775
26.934,26.343
20.193,19.921
26.001,25.489
23.82,23.748
26.864,26.295
19.703,19.389
25.145,24.878
25.609,24.415
23.876,23.663
25.828,25.046
24.509,24.443
22.777,21.737
24.861,23.657
26.491,25.907
24.912,24.15
25.763,25.665
25.933,24.045
26.732,25.794
26.435,25.35
23.861,23.433
24.211,23.105
24.695,23.549
24.662,22.634
22.471,22.54
25.721,25.175
24.139,23.872
23.993,23.543
22.918,22.611
19.762,19.283
26.732,26.556
25.498,25.151
26.391,25.991
19.84,19.45
26.789,26.333
26.442,26.284
26.544,26.147
21.771,20.432
23.065,22.489
25.744,25.248
19.205,18.928
24.259,24.148
23.755,23.674
22.704,21.893
22.539,21.469
24.326,23.164
26.598,26.274
17.787,17.636
23.22,23.024
26.571,25.899
24.385,23.72
22.033,21.013
19.715,19.473
25.084,24.914
25.926,24.851
26.525,24.864
24.245,22.296
21.202,20.762
15.2,14.983
26.973,26.345
25.109,24.634
22.952,22.147
26.174,25.7
26.627,25.588
24.46,23.902
25.273,24.622
26.613,26.107
25.301,24.826
20.613,20.54
25.271,25.173
24.47,23.3
25.563,24.732
25.634,24.337
26.322,25.939
22.758,22.64
25.544,23.07
21.271,19.901
24.582,24.103
25.527,25.261
25.002,24.798
25.487,24.518
24.929,24.826
25.947,25.776
24.95,24.515
26.757,26.373
24.423,23.518
21.115,20.712
24.033,22.37
23.563,21.632
23.381,21.963
23.194,22.632
25.451,25.049
25.318,24.286
26.637,26.523
26.746,26.233
24.068,23.035
17.748,17.119
26.247,25.781
24.662,22.471
22.86,22.607
25.99,25.337
22.772,22.611
26.76,26.465
23.493,23.149
26.748,26.119
26.993,24.853
23.484,21.982
26.037,25.235
25.451,25.223
26.554,24.295
25.471,25.068
25.377,24.84
25.599,25.148
26.069,25.293
22.888,22.685
26.072,25.669
22.435,22.352
22.645,22.553
25.429,24.594
24.917,24.515
25.403,25.202
23.766,23.622
25.44,25.027
23.983,23.594
26.284,26.024
26.183,25.588
26.136,25.799
24.269,23.749
24.616,22.589
23.844,23.252
26.162,25.899
26.148,25.858
25.261,24.737
26.693,26.439
23.916,22.094
22.476,21.689
25.556,25.414
26.392,25.978
18.629,17.47
23.217,22.582
23.365,21.797
26.834,26.348
26.42,26.122
19.709,19.697
16.755,16.531
26.909,26.321
20.547,20.459
22.287,21.961
22.935,22.014
25.845,25.651
26.316,25.742
26.586,25.749
25.591,24.89
25.571,24.93
24.654,24.56
22.763,21.446
25.68,23.783
21.726,21.237
26.605,26.449
22.066,21.196
22.562,21.12
25.499,24.838
23.131,22.727
26.152,25.991
25.936,25.527
20.255,18.563
26.998,26.391
25.785,25.485
24.535,24.359
26.689,26.257
25.374,23.848
25.052,24.562
25.854,25.423
21.496,21.684
25.358,25.16
26.998,26.357
25.589,25.102
18.366,18.308
25.038,24.855
25.076,24.899
26.825,26.448
21.296,20.821
26.761,26.491
22.893,21.522
24.973,24.729
26.62,26.488
23.263,22.083
17.708,17.405
23.447,22.708
24.27,23.284
24.062,23.605
25.276,24.731
26.755,26.391
26.435,25.796
26.858,26.188
25.867,23.885
23.868,23.399
25.604,25.194
24.372,23.635
23.423,22.955
23.619,23.307
22.203,22.107
23.944,21.957
26.927,26.393
24.868,23.946
22.101,21.881
18.93,18.432
25.99,25.462
26.898,26.751
25.839,25.684
21.72,20.602
25.557,25.235
26.719,26.32
26.69,26.307
26.031,25.499
26.801,26.374
23.741,21.83
25.852,24.941
23.554,23.056
25.11,24.874
26.708,26.311
26.323,26.146
22.065,20.82
21.495,20.552
24.236,23.831
20.966,20.771
24.513,23.92
25.22,24.45
26.841,26.379
25.69,25.572
23.417,22.533
24.64,23.983
24.01,23.161
20.534,19.916
26.699,26.226
26.054,25.692
23.799,22.853
25.939,23.855
22.766,22.51
22.331,20.688
19.148,18.176
26.424,26.278
26.663,26.034
25.981,25.481
23.431,21.757
24.816,24.701
21.136,21.073
26.457,25.97
25.577,24.739
22.417,21.525
25.017,24.377
22.812,22.262
24.205,24.065
23.96,23.776
24.143,23.956
25.87,25.488
22.93,22.703
24.815,24.524
24.494,24.287
26.357,25.914
18.045,17.855
25.022,24.574
24.636,24.241
25.9,25.686
21.605,21.488
25.534,24.958
26.707,26.213
25.462,22.85
23.496,23.375
24.443,23.989
21.996,21.904
24.932,24.741
22.053,20.446
24.579,24.308
24.062,23.757
23.323,22.945
17.761,17.577
23.411,22.612
25.583,25.165
25.312,24.867
24.628,24.421
26.288,25.883
26.529,26.098
17.251,17.099
26.911,26.39
25.637,25.255
26.95,26.44
19.162,18.647
25.005,24.629
21.991,21.674
26.247,25.428
25.844,25.372
25.258,24.955
25.466,24.327
22.749,22.947
25.112,23.216
20.476,20.248
23.056,21.305
25.665,25.021
26.671,25.913
25.056,23.148
25.69,25.153
19.526,18.757
25.541,25.337
24.727,24.592
25.873,23.901
25.181,24.999
23.302,22.55
26.553,26.442
12.073,12.034
25.744,25.276
21.981,21.677
24.808,24.389
24.093,23.89
23.194,23.072
25.505,25.178
16.701,16.6
25.033,23.915
26.408,24.727
23.671,23.239
14.878,14.769
25.177,24.757
26.474,26.122
26.1,25.947
20.003,19.735
25.116,23.887
26.17,24.396
24.806,23.229
21.48,21.372
23.183,21.714
26.583,24.072
26.381,25.909
23.301,22.817
20.94,20.186
25.775,25.648
20.651,19.101
22.843,22.512
24.969,24.589
25.873,25.199
24.641,24.241
22.883,22.589
13.395,13.302
25.401,24.894
16.75,16.512
24.55,24.414
26.087,25.522
24.981,24.461
21.255,21.107
26.726,26.094
22.877,22.498
24.733,23.294
17.909,16.691
23.42,23.354
26.707,25.902
25.497,25.039
21.207,20.885
26.672,26.396
25.343,24.976
25.212,24.796
26.726,26.528
22.03,21.78
24.851,24.448
23.715,21.341
25.936,25.577
26.746,25.851
25.485,24.904
24.091,23.765
26.657,25.837
23.291,22.157
26.924,26.736
24.236,24.095
24.942,24.425
20.799,20.22
19.22,18.166
17.262,16.763
23.731,23.312
25.827,25.693
18.382,18.224
26.901,26.424
26.077,25.721
24.006,23.576
21.074,19.923
25.006,24.723
25.308,25.031
24.892,24.636
26.877,26.183
25.508,25.074
25.09,24.535
26.667,26.281
23.92,22.682
25.841,25.196
24.746,24.251
26.522,25.94
25.343,25.203
24.756,24.665
26.699,26.255
24.296,23.378
22.435,21.673
23.9,22.529
26.389,26.181
11.004,10.943
23.745,23.205
22.507,22.322
22.081,21.973
24.473,24.281
26.42,26.071
24.523,24.075
26.209,25.598
17.757,17.606
24.697,24.56
26.614,26.428
24.298,24.193
23.622,22.411
21.137,20.515
19.442,18.775
26.311,23.938
26.644,26.051
23.577,23.371
23.359,23.06
25.842,25.418
19.106,18.171
13.749,13.618
26.146,25.767
24.712,24.602
24.71,23.523
26.595,26.333
25.043,24.297
25.38,24.839
26.969,26.58
25.888,25.294
25.215,25.065
21.731,21.266
22.233,22.07
24.411,22.46
21.918,21.576
25.222,24.802
19.216,19.004
22.987,22.582
18.682,18.54
26.79,26.257
24.969,22.55
16.542,16.002
17.745,16.845
24.565,23.655
26.68,26.327
23.728,23.512
23.663,21.277
23.663,23.346
22.782,21.616
24.922,24.52
20.82,20.374
24.059,23.697
24.933,24.865
24.345,22.182
26.212,26.042
24.276,22.816
25.882,25.645
26.877,26.493
25.147,24.736
22.019,20.884
17.216,17.115
25.599,25.119
23.006,22.62
25.508,25.172
24.763,23.749
24.377,23.173
23.568,22.401
21.165,21.07
22.528,22.209
23.257,21.461
23.85,23.659
23.162,22.685
24.313,24.117
26.237,26.036
26.96,24.369
24.206,23.678
21.669,20.025
21.905,20.747
23.524,23.33
26.924,26.38
25.068,24.673
23.748,23.376
26.811,26.19
24.219,23.206
21.766,21.565
18.536,18.44
22.473,21.629
23.418,21.65
26.365,25.651
26.764,26.275
22.749,21.985
25.563,25.08
23.803,22.813
25.934,25.524
15.714,15.441
26.441,26.199
26.175,25.504
22.557,22.143
24.359,23.827
26.598,26.325
26.412,26.241
26.948,26.542
26.48,26.304
26.623,26.165
23.557,21.552
26.541,26.027
26.013,25.586
23.682,22.161
26.628,24.748
17.946,16.801
23.236,22.608
25.502,25.214
26.316,26.115
15.689,15.584
26.523,25.846
26.565,26.002
24.592,24.035
23.457,22.977
24.088,23.281
22.321,21.836
19.8,19.39
24.026,23.768
26.875,26.372
24.631,24.157
20.786,20.327
21.781,21.351
26.111,25.785
25.158,24.675
23.47,23.393
21.463,21.165
25.865,25.406
25.29,25.045
22.979,22.578
23.643,22.958
25.195,24.513
24.595,24.52
23.833,23.694
25.628,24.832
25.937,25.599
26.898,25.011
21.894,20.466
23.104,22.19
25.597,25.1
24.496,24.026
21.191,20.923
16.784,16.609
14.188,13.998
24.839,24.234
16.733,16.532
22.546,22.487
24.189,23.817
26.624,26.222
24.94,24.488
26.983,26.566
25.856,25.24
23.767,23.672
24.105,23.548
23.249,21.804
25.707,24.928
26.096,25.623
23.672,23.196
26.311,24.375
24.55,24.429
22.114,21.368
23.013,22.849
24.281,23.958
26.913,25.906
19.547,18.928
26.985,26.658
20.613,20.317
23.024,22.612
26.958,26.46
25.811,25.594
23.065,22.456
26.379,25.726
23.16,22.948
23.342,21.859
26.157,25.869
20.308,19.249
16.149,15.527
24.474,24.25
26.756,24.843
26.116,25.688
24.952,24.486
25.151,23.546
23.671,23.153
26.263,25.938
26.644,25.722
24.512,24.089
26.504,25.879
18.632,18.088
25.534,24.937
25.919,25.441
26.612,26.149
21.163,20.892
19.898,18.9
21.738,21.576
24.254,23.732
24.363,24.309
22.761,22.381
26.705,24.296
25.888,25.407
26.96,26.131
23.106,21.575
24.456,24.314
21.383,21.15
22.893,22.377
25.805,25.592
26.588,26.231
22.797,22.481
22.073,21.665
25.099,24.63
24.268,24.061
26.616,25.604
26.59,25.915
21.415,21.115
26.805,26.584
22.609,21.944
26.929,26.449
23.178,23.084
26.184,24.871
23.696,23.137
25.191,25.117
22.046,21.273
26.804,26.432
20.137,19.978
24.808,24.707
26.049,25.253
20.736,20.569
25.464,25.016
26.404,25.987
23.387,23.099
25.961,25.6
20.568,20.448
25.212,24.722
24.434,23.889
26.435,25.551
24.21,22.365
26.282,23.61
24.013,23.939
25.073,25.004
18.94,18.546
25.123,24.477
24.712,22.994
25.808,25.573
22.98,22.893
22.691,22.565
23.84,23.677
23.212,22.92
22.113,21.562
25.62,25.112
19.176,18.76
16.446,16.552
22.127,21.663
23.345,22.53
24.305,22.723
10.907,11.037
19.248,19.076
25.819,25.265
22.619,22.395
21.152,20.446
20.061,19.418
24.06,23.835
25.512,25.306
21.686,21.264
25.068,24.628
22.618,22.536
19.553,19.29
23.883,23.817
23.601,22.324
24.252,23.03
26.456,24.278
26.873,26.651
18.78,18.302
22.875,22.652
25.677,25.481
26.054,25.03
25.85,25.749
21.923,21.765
22.046,21.969
18.569,17.184
26.909,25.773
23.47,23.301
24.474,24.288
24.921,24.679
26.77,26.591
20.271,18.222
25.013,24.447
19.562,19.222
23.066,22.863
26.149,25.655
25.128,24.428
26.677,26.277
26.491,26.161
23.715,23.494
25.741,25.415
24.713,24.391
26.336,26.117
25.536,25.386
24.588,23.262
23.713,23.421
24.776,22.781
23.249,22.941
26.182,25.817
26.273,26.148
23.866,22.459
22.721,22.352
25.336,24.779
24.816,24.492
22.767,22.587
26.886,26.481
25.492,25.359
22.168,22.054
23.148,20.534
23.118,22.939
26.323,25.831
23.028,22.83
23.557,23.118
26.795,26.437
24.697,22.99
26.554,26.04
23.154,22.938
26.552,25.682
26.82,26.175
25.52,25.113
26.675,26.123
25.697,25.125
19.768,19.526
25.873,25.346
25.874,25.452
22.665,20.962
20.5,20.341
25.763,25.177
22.031,21.781
26.568,26.24
26.16,25.621
23.834,23.501
25.42,25.123
23.448,23.358
26.774,26.436
26.616,26.428
21.557,21.433
26.612,26.263
25.289,23.773
25.387,25.226
23.88,23.806
25.194,24.434
26.271,25.698
26.572,26.203
26.687,26.018
18.913,18.455
20.946,20.808
24.726,24.269
24.896,24.812
26.711,26.196
26.84,26.693
20.578,19.382
21.636,21.339
25.72,25.329
26.896,26.574
26.475,26.164
26.735,26.068
24.564,24.119
12.625,12.532
22.998,22.657
24.337,24.089
26.55,26.184
23.085,22.942
24.063,23.939
19.988,19.914
25.31,25.173
25.689,25.166
22.989,21.146
26.297,25.773
22.14,21.248
25.294,24.482
25.073,24.569
26.639,26.292
26.368,23.944
23.97,23.514
26.916,26.498
23.931,23.412
26.508,26.044
21.857,21.616
25.729,25.035
17.25,16.838
24.17,23.308
25.46,24.977
25.506,24.923
25.124,24.971
22.153,20.243
24.674,24.323
25.951,25.863
19.408,18.661
25.086,24.667
19.205,19.044
24.971,24.367
24.948,24.577
26.194,24.739
23.612,23.495
24.998,24.752
25.971,25.466
24.832,24.554
26.181,25.838
21.168,20.958
26.601,26.361
23.122,22.108
24.348,22.33
24.458,22.497
17.321,16.968
24.694,23.868
26.551,26.119
23.948,23.714
18.431,17.708
25.353,24.9
22.758,21.855
24.696,24.265
26.873,26.486
22.337,21.055
24.746,24.59
26.535,26.307
24.523,22.859
26.0,25.698
25.814,25.506
22.723,21.433
26.774,26.332
18.749,18.002
23.756,22.368
20.408,19.244
24.535,23.953
26.73,26.296
26.132,24.554
23.116,22.739
25.979,25.425
20.969,20.828
26.443,25.694
25.194,24.543
18.697,18.466
26.434,25.943
23.368,22.964
23.34,23.057
23.119,22.685
24.376,24.302
26.338,25.37
24.626,24.437
24.257,24.139
24.941,24.576
24.956,24.65
26.808,26.465
20.851,19.558
25.799,25.021
23.916,23.835
23.039,22.756
25.033,24.644
26.528,26.111
19.473,19.35
26.449,25.861
25.442,23.619
24.844,24.746
20.24,19.297
21.146,19.405
26.751,26.327
26.871,26.49
22.905,21.138
26.576,26.092
20.888,19.243
26.14,25.596
25.027,24.903
24.154,23.154
25.586,25.104
24.247,23.841
26.503,25.957
23.359,22.947
20.564,19.884
26.32,25.885
25.097,24.744
21.135,19.406
25.783,25.435
24.62,24.247
26.77,26.303
22.913,22.315
26.596,26.25
22.659,20.885
23.245,22.403
25.805,25.725
22.997,22.53
16.424,16.287
22.409,22.182
20.065,19.042
24.257,24.182
23.793,23.479
25.138,24.75
26.089,23.759
26.331,24.546
23.539,22.993
25.999,25.425
21.066,19.496
24.518,24.712
13.226,13.091
21.737,20.907
26.674,26.09
20.228,18.812
22.409,22.309
26.266,25.497
26.817,26.328
24.729,24.655
21.13,20.133
17.622,17.531
24.379,24.147
26.345,25.976
25.52,24.763
18.632,18.025
19.834,19.386
25.902,23.362
26.812,26.358
24.48,24.127
26.31,23.948
25.247,25.031
26.987,26.351
21.774,20.465
21.159,19.863
25.958,25.767
24.966,24.757
26.928,26.624
24.938,24.628
26.573,24.167
25.916,25.437
24.011,23.636
26.587,26.258
24.546,24.223
25.629,23.357
26.491,26.19
26.059,25.542
26.309,25.438
26.474,26.007
24.479,24.275
22.883,22.492
26.586,25.707
24.68,24.205
21.41,21.323
26.791,24.143
26.554,25.732
26.422,26.115
26.57,25.968
20.208,19.845
23.377,23.295
25.34,24.963
21.201,21.068
23.577,23.451
21.153,21.045
25.142,24.949
26.957,26.483
22.51,21.51
26.061,25.746
21.071,20.687
26.559,26.013
19.497,18.885
23.222,22.762
18.555,17.371
16.404,16.268
26.781,26.225
25.016,24.623
23.047,22.783
26.804,26.168
24.233,24.0
24.117,23.778
25.984,23.94
23.299,22.451
21.555,20.153
24.661,24.405
26.224,25.879
25.856,25.593
23.316,22.177
24.246,23.381
26.843,26.31
25.996,25.487
25.24,25.142
22.79,22.538
24.578,24.298
21.586,20.508
22.028,20.506
23.074,22.635
21.75,21.294
24.555,24.049
23.258,22.69
26.896,26.003
26.953,26.622
26.685,26.34
24.461,24.191
25.705,25.132
26.061,26.149
22.955,21.049
23.915,23.578
24.846,24.725
24.188,23.637
22.657,22.575
26.508,26.112
25.611,24.929
25.886,25.075
25.501,24.632
25.511,25.329
19.978,19.806
17.573,17.322
22.295,21.792
17.629,16.937
26.777,26.326
24.874,22.971
21.312,20.183
26.782,26.34
26.471,25.919
26.157,25.674
26.551,26.258
24.398,23.892
23.89,23.485
26.597,24.601
25.64,25.552
26.402,26.039
20.725,20.627
23.285,23.119
25.092,24.001
22.604,22.314
19.484,19.381
26.641,26.383
23.581,21.819
25.141,24.109
22.872,22.781
26.08,25.678
25.145,24.64
26.763,26.264
17.891,17.628
22.043,21.88
22.75,22.631
21.809,20.389
23.423,23.042
20.689,19.449
20.564,19.803
26.998,26.658
22.394,22.049
24.726,23.822
25.425,25.063
23.408,23.052
23.966,23.638
25.18,25.099
24.611,24.237
19.848,19.317
26.261,25.598
25.526,24.956
26.037,25.701
26.103,25.649
25.484,24.915
24.015,23.856
23.424,23.12
24.113,23.998
23.559,23.116
26.694,26.268
26.061,25.431
26.824,26.663
22.355,21.076
23.56,22.995
22.424,22.321
21.675,21.073
20.868,20.307
20.132,19.577
15.262,15.169
25.892,24.532
26.555,26.18
25.721,25.281
25.44,25.047
14.915,14.682
24.325,24.03
22.018,20.698
22.929,22.675
25.698,25.254
24.785,22.887
24.296,23.974
24.372,24.155
25.611,23.115
22.959,21.471
24.463,23.969
21.869,21.353
26.737,26.48
24.564,23.988
21.717,21.066
19.87,19.509
25.35,23.916
25.582,25.136
22.048,21.958
26.076,25.66
26.909,26.42
26.29,26.05
26.694,26.052
22.183,21.199
24.095,24.01
25.866,25.643
26.34,25.69
22.033,21.819
26.182,25.732
25.513,24.81
25.51,24.929
21.653,20.901
25.855,25.475
23.027,22.749
21.636,20.412
23.229,21.746
24.771,24.463
25.061,23.045
26.558,26.317
24.282,24.151
25.489,25.123
24.084,22.194
15.359,15.169
24.823,24.598
19.049,17.873
23.256,23.159
26.69,26.212
25.985,25.857
23.031,22.854
26.417,26.247
26.662,26.12
25.873,25.484
25.228,24.806
22.39,20.825
26.677,26.212
26.334,26.184
25.513,25.259
24.844,24.206
26.922,26.124
21.749,21.114
25.476,24.099
25.137,25.016
24.527,24.095
22.3,21.632
25.926,25.458
23.621,23.222
24.764,24.281
25.066,24.574
25.944,25.492
25.076,23.386
18.909,18.591
23.333,23.089
23.84,23.126
22.616,21.566
21.802,21.37
15.322,15.209
26.895,26.675
25.488,25.233
22.524,21.869
22.59,22.363
25.266,24.999
26.728,26.183
25.814,23.419
25.975,25.596
23.671,22.013
21.087,20.904
25.902,25.781
25.707,25.164
23.938,23.519
23.299,22.441
24.195,22.474
26.032,25.883
24.42,22.676
23.238,22.843
26.293,23.952
25.335,25.012
26.143,25.584
25.683,23.53
23.848,22.103
22.994,22.912
19.955,19.848
17.897,17.463
25.873,25.715
22.682,20.655
26.134,25.662
22.851,21.854
26.827,26.275
24.58,23.691
20.982,20.045
22.877,22.758
25.846,25.516
21.438,20.34
22.23,21.77
25.769,24.396
22.198,20.292
21.851,21.649
22.909,21.978
26.767,25.88
22.744,22.662
25.134,24.963
23.554,23.456
15.491,15.218
25.027,24.139
18.484,18.241
25.394,22.713
23.68,23.572
24.83,24.433
22.622,22.322
26.574,26.109
26.625,26.069
25.141,24.034
23.991,23.481
26.488,26.284
25.49,25.178
24.45,24.124
24.445,22.372
26.931,26.5
26.212,25.658
24.734,24.462
23.125,22.208
23.219,22.44
26.45,25.908
26.437,26.035
23.037,21.911
26.343,25.646
23.562,22.98
19.918,18.564
22.606,22.111
20.683,19.124
26.384,25.836
26.659,26.446
26.011,25.595
25.256,24.778
24.038,22.44
26.763,26.052
23.314,23.206
25.054,23.246
25.275,24.845
26.094,25.897
24.438,23.546
26.48,24.151
24.186,22.588
26.375,25.595
24.17,22.189
22.995,22.562
22.051,21.141
26.567,26.282
26.879,26.459
24.321,23.425
20.451,20.195
18.276,18.176
26.245,25.787
23.046,21.99
26.171,25.759
21.497,19.919
21.658,21.297
25.498,25.213
25.038,24.931
26.961,26.73
25.256,23.701
26.635,26.321
23.712,21.987
25.899,25.451
24.766,24.315
20.963,20.191
23.831,21.837
26.939,26.259
26.909,26.486
26.647,26.284
26.398,25.979
26.14,25.632
25.631,25.151
22.489,21.467
23.448,22.702
24.169,23.749
25.677,24.378
25.973,23.562
24.14,23.268
26.025,24.688
26.913,26.621
22.936,22.393
26.655,26.355
26.993,26.346
26.729,26.436
24.2,24.091
26.555,26.13
22.177,22.114
25.749,25.217
25.921,25.661
24.302,23.89
25.336,24.79
25.311,25.077
24.712,23.608
25.368,25.14
20.059,19.583
25.114,24.678
25.856,25.464
14.815,14.719
23.906,23.737
23.096,22.135
15.127,14.998
25.594,24.398
21.286,21.077
23.797,21.917
19.428,19.275
26.906,26.398
25.001,24.804
23.83,22.774
20.54,19.178
26.839,26.412
25.633,25.275
17.179,17.028
26.449,26.021
24.628,22.891
24.742,24.66
18.624,18.528
18.808,18.706
24.685,24.245
26.977,26.296
26.959,26.579
22.923,22.458
13.567,13.345
22.784,20.95
25.661,25.076
24.304,24.067
25.498,25.355
26.97,25.821
26.591,26.232
25.834,25.467
20.515,19.409
25.893,24.026
24.658,24.411
23.349,21.497
24.451,24.024
24.913,24.821
21.184,21.023
23.916,23.548
25.689,25.302
24.414,24.28
23.374,22.908
26.853,26.527
26.981,26.629
23.196,22.974
21.914,21.616
26.132,25.666
25.295,24.618
19.15,18.693
26.2,25.697
24.45,24.088
21.221,20.748
12.899,12.707
23.7,23.363
22.216,22.05
25.108,24.651
22.211,22.129
26.794,26.351
24.36,24.471
23.58,22.272
25.584,25.449
24.584,23.886
20.491,20.289
21.39,20.37
23.478,23.145
18.828,17.907
24.479,23.344
26.247,24.041
24.43,22.875
26.795,26.077
20.95,20.766
22.02,21.831
24.202,22.433
26.13,25.893
26.536,26.15
25.668,25.211
24.681,22.767
26.28,25.991
26.312,25.589
26.596,26.246
25.974,25.601
26.012,25.44
23.801,23.693
25.781,25.438
18.597,17.265
25.551,25.351
25.245,24.878
24.946,24.401
26.427,25.787
26.61,26.169
26.604,26.112
24.499,22.14
20.008,19.002
26.683,26.176
25.641,25.195
26.712,24.194
25.697,25.22
25.806,25.31
23.995,23.714
21.427,21.284
22.659,22.533
25.834,25.75
24.816,24.555
26.303,25.919
26.617,24.461
24.698,24.498
23.188,21.59
23.535,22.726
23.316,21.98
26.809,26.264
23.415,22.445
24.068,22.492
24.839,24.686
19.575,19.415
26.058,25.432
26.248,26.027
26.674,26.249
26.786,26.34
25.945,25.607
20.293,20.092
26.951,26.519
26.747,26.177
23.152,22.439
25.623,25.155
23.287,21.826
25.741,25.318
26.462,24.138
26.101,25.954
24.479,23.623
26.467,24.11
26.853,26.624
22.627,21.79
25.778,25.322
24.167,23.476
22.567,22.29
23.906,23.547
23.464,23.31
25.275,25.192
24.503,24.387
25.876,25.557
22.351,21.259
26.445,26.274
20.575,20.25
24.65,24.161
25.84,25.411
24.578,24.17
26.609,26.336
22.047,21.769
24.594,24.441
24.904,24.308
21.813,21.49
24.543,24.434
20.63,19.613
25.05,24.658
26.738,25.835
25.296,24.816
20.911,20.575
24.467,23.822
21.309,20.645
24.092,23.613
25.348,24.949
25.578,25.345
24.086,23.858
23.773,22.69
22.636,22.345
21.054,20.765
25.36,25.056
26.094,25.585
26.967,26.299
22.442,22.163
25.568,24.986
21.489,21.127
25.637,25.153
20.258,18.655
21.065,20.65
16.898,16.642
18.196,17.619
24.826,22.707
26.435,26.004
26.443,25.938
24.557,24.281
23.567,23.436
24.845,24.316
24.146,23.753
25.15,23.444
26.802,26.623
26.713,26.309
23.145,22.764
25.281,24.926
21.341,21.238
26.824,26.364
19.461,18.717
26.643,26.206
25.757,24.711
25.934,24.735
22.918,22.814
23.32,21.925
22.034,20.781
26.349,24.422
22.912,21.771
25.084,24.571
24.451,23.889
18.977,18.146
24.323,24.221
24.761,23.422
26.734,26.275
26.038,25.583
25.17,24.924
25.732,25.419
24.724,23.126
26.91,26.459
16.807,16.685
22.964,21.424
22.271,22.208
24.788,23.089
25.551,24.388
24.499,23.92
26.633,26.392
23.438,23.039
26.955,26.507
26.129,23.925
22.697,22.274
26.554,26.128
23.295,21.821
21.535,20.655
24.589,24.145
25.709,24.953
26.01,25.475
26.346,25.836
26.011,25.578
23.731,22.458
26.987,26.796
24.547,24.346
26.967,26.476
23.048,22.9
23.408,22.221
24.665,24.591
25.171,23.103
22.541,21.738
23.583,23.475
26.724,26.256
21.954,21.859
24.402,23.09
25.502,25.06
25.721,25.388
25.21,25.039
19.107,18.474
24.451,23.567
19.202,18.768
23.156,21.097
24.63,24.241
26.013,25.57
26.409,24.639
21.839,21.731
25.414,24.699
26.191,25.775
22.988,21.685
22.4,20.471
25.497,24.735
12.966,12.914
26.652,26.892
26.96,26.337
26.944,26.477
23.089,22.754
23.888,23.439
26.088,25.606
24.759,24.68
25.769,25.482
26.621,26.17
25.201,24.772
18.974,18.74
21.584,20.588
26.048,25.785
25.95,25.426
22.403,22.209
24.064,23.956
26.541,25.524
25.505,22.993
26.096,25.223
25.095,24.745
26.308,25.917
26.982,26.597
19.196,19.099
26.902,26.387
23.406,22.485
23.775,22.707
24.237,23.817
21.353,20.453
23.813,23.247
23.221,21.56
15.387,14.978
23.736,23.275
26.285,26.122
25.904,23.989
23.978,23.902
25.948,24.728
15.037,14.94
25.109,24.967
22.493,22.159
25.584,25.241
25.527,23.968
17.725,17.494
26.443,25.851
26.959,26.492
23.595,22.142
24.951,24.498
26.055,25.849
24.675,24.314
23.981,22.951
24.669,24.488
25.392,24.807
24.387,22.72
24.774,24.606
23.406,23.27
23.496,22.528
22.713,22.518
19.589,19.459
25.632,25.487
23.056,22.8
24.841,24.399
24.262,23.968
23.369,22.87
26.889,26.412
23.592,23.044
25.387,25.018
26.877,26.449
15.317,15.115
25.979,25.674
26.223,24.118
25.811,25.442
26.779,26.442
18.961,18.501
23.279,23.131
13.869,13.464
25.396,24.335
24.887,24.345
26.567,25.733
26.813,26.32
26.546,25.98
25.936,25.464
23.704,22.548
24.421,22.88
26.149,25.59
26.211,25.623
23.501,21.639
18.73,17.743
26.091,25.869
26.464,26.309
20.145,19.983
23.663,22.761
24.64,24.249
20.137,19.383
19.023,17.967
22.646,22.565
22.746,21.925
26.777,26.131
25.487,24.948
24.421,24.321
24.048,23.763
25.84,25.617
16.069,15.873
21.032,20.478
23.165,23.05
26.402,25.863
24.729,22.937
21.497,21.402
23.047,21.351
26.745,26.113
25.678,25.292
19.432,18.566
26.86,26.322
24.362,23.864
24.819,24.204
22.584,21.657
26.188,25.819
25.609,25.003
25.502,25.126
22.212,20.865
21.117,20.632
17.187,17.116
26.287,25.94
23.243,23.088
26.823,26.311
23.015,22.011
25.974,25.561
22.899,22.337
21.791,21.638
22.369,22.275
23.833,22.89
25.804,25.637
26.455,25.875
26.476,25.96
23.01,21.771
24.234,23.365
26.373,25.771
25.86,25.573
24.528,22.154
26.436,26.103
23.718,23.388
22.418,21.571
18.343,18.168
21.377,20.763
24.935,24.795
22.781,21.975
24.061,23.712
18.368,18.243
26.14,25.786
25.58,25.179
26.249,26.145
25.066,23.616
26.192,25.589
26.484,26.335
19.964,19.413
24.277,23.867
17.424,17.248
26.919,26.508
26.51,24.396
20.018,19.822
25.658,25.485
25.776,25.678
23.986,23.386
26.78,26.328
25.505,25.144
25.326,24.872
23.037,21.326
25.17,22.97
26.939,26.072
24.797,24.365
26.369,26.19
25.141,24.829
20.599,20.506
26.356,25.988
23.017,21.567
18.458,18.401
25.109,24.814
26.345,26.092
26.089,25.562
22.423,21.454
24.62,23.355
15.01,14.91
20.547,19.468
26.669,26.387
23.78,23.397
26.119,25.552
20.744,20.385
26.121,25.388
21.807,21.176
25.566,24.858
26.475,24.314
24.693,24.378
26.79,26.307
26.843,26.354
24.645,24.166
25.913,25.53
26.303,25.898
25.146,24.662
25.456,25.194
26.863,26.489
25.859,25.149
26.286,24.658
25.653,25.233
15.713,15.547
26.951,26.544
26.148,25.822
16.821,16.641
24.388,22.486
25.365,24.286
24.483,23.944
23.643,23.475
26.917,26.515
24.798,24.725
24.915,24.701
15.113,15.036
23.487,23.079
21.497,21.234
26.962,26.512
22.276,21.384
22.567,21.25
24.861,24.281
23.75,23.441
25.618,25.441
24.597,23.692
21.085,19.508
24.925,24.507
26.711,26.339
21.297,21.032
25.74,25.324
24.165,22.685
26.72,26.221
23.725,23.637
26.166,25.713
24.801,24.643
25.959,25.527
13.123,13.05
26.879,26.342
26.081,25.855
21.816,21.724
21.801,21.685
25.582,25.171
26.101,25.703
25.974,25.52
24.976,24.617
22.426,21.964
22.609,22.295
26.847,26.386
14.72,14.615
23.541,23.483
23.8,23.571
26.464,25.932
17.279,17.158
24.513,24.45
26.218,26.111
25.933,25.307
24.606,24.458
23.554,22.433
24.339,23.322
25.747,25.447
26.889,26.767
20.715,20.064
22.349,21.898
25.51,25.211
26.784,26.073
20.87,19.891
26.862,26.556
25.06,24.56
24.8,23.966
22.217,20.552
25.666,25.49
25.45,24.951
26.644,26.216
23.199,22.379
26.084,25.92
25.118,24.615
25.669,23.938
26.544,25.952
25.754,25.331
21.792,21.312
25.684,25.441
23.532,23.156
24.685,22.962
25.036,24.658
25.544,25.431
25.977,24.835
26.465,25.835
23.293,23.047
24.808,24.374
26.614,26.16
23.469,22.251
24.586,24.162
20.165,18.899
20.966,19.543
25.111,24.176
22.988,22.744
26.711,26.371
25.571,25.384
19.826,19.502
26.722,26.175
25.624,25.179
24.944,24.437
23.028,21.511
25.527,25.129
24.281,24.021
25.082,25.006
26.65,26.346
24.167,23.674
22.031,21.671
26.535,26.327
17.586,17.479
21.228,20.822
22.12,21.714
24.956,24.536
25.112,24.264
26.87,26.411
25.733,25.582
23.849,22.587
24.473,24.317
22.971,22.251
26.421,25.892
25.365,25.061
26.645,25.6
23.431,23.004
17.595,17.384
26.788,26.327
21.83,21.141
22.708,22.498
26.698,26.296
25.398,25.147
25.023,24.397
26.905,26.241
24.604,24.081
24.693,24.289
25.677,25.344
19.307,18.61
24.508,24.427
24.612,23.761
21.44,21.132
26.219,25.679
22.147,20.763
20.021,19.835
23.152,22.844
25.807,25.391
26.208,25.069
24.59,24.29
20.171,20.02
25.514,25.075
22.156,21.09
23.604,22.377
23.331,23.117
21.677,20.409
24.772,22.409
26.836,26.207
25.066,24.745
21.698,21.603
25.773,25.196
26.42,26.297
26.491,25.994
16.343,16.132
22.994,22.901
24.376,22.623
24.736,23.067
23.412,22.554
26.591,23.916
22.951,22.869
25.339,25.024
26.895,26.209
25.653,25.549
19.974,19.328
25.907,25.699
26.517,26.283
23.212,22.741
25.963,25.535
24.02,23.744
22.22,21.828
23.307,22.312
23.588,21.52
25.497,25.054
23.459,23.156
25.769,25.284
26.694,26.101
22.131,21.572
22.708,22.308
25.747,23.619
25.678,25.304
23.73,23.532
25.542,25.019
25.416,25.267
21.218,21.076
24.672,22.86
22.096,22.005
26.856,26.441
14.993,14.811
26.127,25.828
23.968,23.505
17.69,17.541
23.608,23.504
25.146,23.85
26.492,26.114
26.091,25.549
22.576,21.922
25.189,24.053
20.912,19.521
24.76,22.727
25.078,23.023
25.159,25.083
22.524,22.369
24.16,22.94
23.57,23.374
23.911,21.921
26.227,25.828
20.943,20.318
26.214,25.742
22.382,22.053
25.778,25.563
26.172,25.659
21.977,21.18
18.766,18.619
25.949,25.331
22.144,21.729
22.379,21.599
23.429,23.367
25.989,25.682
26.363,26.198
22.801,22.607
22.833,22.547
21.328,19.749
17.389,17.242
26.672,26.291
26.154,25.544
23.637,23.398
26.79,26.162
26.276,25.618
25.639,24.966
24.349,22.589
24.324,23.907
26.132,25.497
25.716,25.178
24.319,24.065
25.259,24.904
25.826,25.403
26.734,25.892
26.561,26.222
25.4,23.764
25.726,24.528
20.846,19.818
23.285,23.183
24.768,24.659
25.994,25.386
25.296,23.197
25.554,25.107
26.973,26.749
23.402,23.323
26.705,26.574
24.058,23.437
24.679,23.559
26.396,25.952
23.539,23.45
24.415,21.858
21.842,20.524
24.063,22.278
23.059,22.206
21.566,20.754
25.993,25.58
25.034,24.905
26.636,26.207
24.032,23.323
25.015,24.703
26.231,25.639
25.692,25.533
26.411,26.023
24.354,22.661
26.53,26.035
25.214,24.796
26.86,26.49
20.517,19.965
25.171,24.835
21.273,20.391
26.874,26.363
24.319,23.913
24.928,24.547
26.773,26.407
26.975,26.794
26.557,26.415
23.309,23.108
26.405,25.829
26.919,26.429
15.614,15.557
24.807,24.259
25.608,24.852
26.43,25.976
21.575,20.436
22.158,21.683
26.23,25.678
26.967,26.655
26.286,25.702
22.711,22.369
24.426,23.906
25.192,23.988
22.681,21.782
25.154,25.081
19.416,19.353
20.912,20.75
26.188,25.948
26.765,26.217
26.508,26.252
26.557,26.179
23.449,23.274
20.738,19.612
20.96,20.637
21.228,20.596
21.551,20.926
25.007,24.672
23.59,22.127
22.736,22.323
25.897,25.366
23.007,22.88
25.62,23.809
24.116,23.034
26.974,26.812
26.201,25.628
23.354,22.349
26.97,26.26
24.925,23.81
24.503,23.87
26.421,24.294
22.201,21.99
20.706,19.293
26.188,25.978
20.072,19.872
25.093,23.658
26.899,25.942
22.769,22.531
26.688,26.429
25.733,25.558
25.583,25.029
25.954,25.595
24.782,24.521
17.601,17.52
26.053,25.595
19.397,18.721
26.587,25.848
26.998,25.966
25.316,24.904
23.827,21.6
22.769,21.443
26.979,26.698
23.229,23.146
25.509,24.407
19.959,18.596
24.599,23.16
24.957,24.548
23.949,23.727
25.226,24.226
25.959,24.374
18.409,18.073
25.691,25.234
24.551,24.387
23.803,21.458
22.944,22.716
26.98,26.65
26.342,26.016
17.651,17.394
22.71,21.577
22.238,20.808
24.483,23.478
22.843,22.388
25.182,24.567
26.321,26.035
23.445,22.508
23.761,23.271
26.83,26.513
22.538,20.176
24.457,24.362
26.257,26.108
22.22,22.016
25.533,25.026
26.597,24.784
25.186,24.705
25.804,23.516
24.365,24.005
19.603,19.318
24.623,24.515
23.519,23.158
26.912,27.054
26.118,25.542
26.849,24.802
26.118,25.443
23.83,22.875
25.504,24.928
23.886,23.563
22.357,20.947
23.712,23.492
25.753,24.492
22.45,21.753
26.668,26.211
20.036,19.265
24.508,24.034
23.326,21.93
26.609,26.205
26.732,26.22
18.416,17.547
25.555,25.105
26.57,26.076
26.811,24.181
22.109,20.919
24.632,24.202
26.334,24.187
24.341,23.805
25.266,24.702
25.846,25.388
21.705,20.9
22.231,21.797
23.206,23.072
19.423,18.492
22.807,22.583
26.702,26.397
25.526,23.968
25.174,24.846
26.598,26.161
22.19,21.894
25.946,25.418
26.225,25.63
24.699,24.475
23.788,22.163
26.648,25.938
24.965,24.479
21.76,20.849
26.338,25.865
22.561,22.217
26.837,26.675
22.547,22.306
26.747,26.191
25.994,25.566
16.948,16.72
25.92,25.669
23.106,22.83
25.728,25.361
23.676,23.409
25.525,24.996
26.029,25.899
26.689,26.241
21.629,21.068
25.725,25.233
24.869,24.315
10.147,10.127
24.844,24.774
26.85,26.28
21.617,21.465
23.596,22.606
24.701,24.611
18.808,18.704
24.096,23.682
25.382,24.925
26.46,25.958
24.791,24.247
26.354,25.789
23.676,22.552
23.865,22.844
26.561,26.084
25.925,25.693
23.503,23.392
25.741,25.553
24.667,24.559
26.518,26.322
26.446,26.258
23.232,22.904
25.676,25.217
24.394,24.281
26.054,25.192
23.22,22.025
25.842,24.036
25.995,25.47
26.218,25.83
24.99,24.862
26.158,25.758
24.527,22.408
16.34,16.186
26.045,25.818
22.735,22.53
24.209,22.556
22.177,21.852
26.136,25.987
21.738,21.145
24.241,21.749
22.683,22.478
26.0,25.447
24.772,24.331
23.35,23.315
21.997,21.84
22.287,21.942
25.627,25.407
25.728,25.611
26.07,25.634
12.626,12.388
24.966,24.758
23.742,22.445
24.546,24.262
19.046,18.901
23.539,22.907
26.66,26.066
20.664,20.6
25.618,25.22
19.623,19.397
26.472,25.967
19.776,18.317
26.128,25.953
26.581,24.127
26.156,23.662
21.951,21.236
24.185,23.725
25.351,25.091
26.551,25.957
24.709,23.418
26.303,26.031
25.827,25.489
26.61,26.285
25.88,25.238
20.565,20.082
26.197,25.637
26.631,24.067
21.144,20.908
26.558,26.118
26.709,26.251
20.864,20.424
19.062,18.966
20.698,20.593
25.168,24.941
26.853,26.077
21.137,20.594
25.364,25.165
26.163,25.935
20.927,19.316
24.272,23.896
22.378,22.214
26.104,25.597
16.35,16.092
25.1,24.636
25.297,24.748
20.329,19.561
26.613,25.645
24.498,24.402
26.343,26.195
25.603,24.541
21.661,20.735
25.851,25.255
26.869,26.631
25.902,25.587
25.194,24.631
20.137,19.716
18.08,17.488
26.449,24.862
21.079,21.005
26.862,26.294
25.721,25.311
26.998,25.448
26.227,25.617
17.963,17.416
25.121,24.661
26.406,25.958
24.341,23.323
25.481,24.361
26.567,26.228
21.925,20.999
23.546,23.437
25.038,24.546
26.488,25.911
18.775,17.606
24.218,23.751
22.13,20.31
22.785,22.639
21.659,20.717
25.13,24.933
24.99,24.743
26.51,25.94
22.287,22.216
24.333,24.22
25.086,23.441
23.352,22.253
25.307,25.171
20.763,20.632
25.277,24.135
25.003,24.678
26.047,25.476
24.422,24.097
26.41,26.07
25.355,25.086
24.495,23.749
26.795,26.653
23.762,23.737
21.339,19.985
24.139,23.946
19.247,18.003
19.607,18.967
23.351,22.959
24.475,24.309
24.737,24.328
24.546,23.982
25.979,25.395
26.819,26.45
24.039,21.659
25.196,24.921
26.998,26.778
26.071,25.711
22.926,21.844
26.991,26.745
26.646,26.207
24.699,22.766
20.224,20.124
25.605,25.216
25.207,24.966
25.948,25.364
26.391,26.008
26.226,25.033
17.378,17.256
24.018,22.135
23.468,23.347
23.689,22.515
24.975,24.447
26.614,26.051
24.593,23.177
23.084,22.628
20.074,19.899
26.055,24.424
24.574,24.279
22.901,21.095
26.663,24.739
24.012,22.551
25.964,25.696
24.748,23.412
24.684,23.781
25.741,24.562
22.88,22.482
26.154,25.863
23.845,23.356
17.81,17.589
20.692,19.443
19.677,18.946
26.827,26.526
26.878,26.147
17.519,17.147
23.1,22.441
22.234,21.199
23.034,22.953
21.704,20.324
20.961,20.693
26.118,25.683
25.235,23.452
21.449,20.552
24.992,24.784
24.905,22.998
25.247,24.933
25.721,25.274
25.777,23.914
25.133,24.182
22.509,22.035
25.662,25.404
25.288,24.748
26.673,26.15
26.4,24.455
21.067,19.978
26.217,25.625
26.576,26.366
24.595,24.068
25.751,25.207
26.676,26.321
26.614,26.015
20.812,19.546
25.374,25.117
21.496,20.172
25.645,24.269
24.949,24.523
18.087,17.645
26.502,26.108
18.432,17.912
26.149,25.53
22.183,22.027
26.112,25.69
24.603,24.165
23.183,22.055
26.015,25.324
22.34,21.87
23.915,22.985
24.296,22.787
26.815,26.324
25.838,25.466
26.311,25.971
25.717,25.125
23.659,23.534
22.944,21.598
24.09,23.629
26.983,26.375
25.918,25.237
26.255,25.588
24.522,23.872
22.367,21.194
24.856,24.631
26.04,25.413
25.975,25.581
26.881,26.522
25.385,25.206
20.14,19.742
26.447,26.341
22.208,22.086
24.597,22.468
25.893,25.383
25.869,25.672
26.51,25.776
24.996,24.691
16.816,16.675
24.353,24.3
22.883,21.002
25.382,24.225
23.042,22.864
26.754,26.623
21.934,21.102
22.032,21.151
25.282,25.045
26.03,25.845
25.826,25.127
22.716,22.443
26.998,26.425
26.793,26.309
25.595,25.055
22.685,22.518
24.934,24.593
26.221,25.516
23.836,23.587
23.688,22.766
26.765,25.664
25.279,23.007
24.731,24.239
24.869,24.585
21.295,19.955
25.074,23.89
22.212,21.313
25.828,24.595
25.762,25.36
24.641,24.162
24.814,23.098
25.409,24.839
26.743,26.108
21.852,21.473
26.605,26.236
24.837,22.769
24.89,24.393
25.593,23.276
24.826,24.068
24.596,24.048
25.597,22.948
26.132,25.778
26.512,25.294
23.158,22.955
24.851,24.399
21.036,20.809
21.755,20.071
26.952,26.653
24.619,22.933
26.477,25.909
21.77,20.111
24.628,24.21
24.675,23.208
26.364,25.467
22.121,21.926
19.487,19.392
25.8,25.138
22.211,22.117
26.353,25.182
25.637,25.089
25.362,25.194
17.271,17.121
25.439,25.219
9.347,9.265
24.343,23.786
26.838,26.506
24.772,24.336
25.342,25.078
21.616,21.412
25.176,24.729
24.061,21.675
25.061,24.739
25.051,24.546
26.202,23.959
23.113,21.585
26.15,23.89
19.931,19.144
23.203,22.892
25.726,25.343
23.132,22.046
25.937,25.5
21.985,21.903
22.185,21.067
21.724,21.641
24.853,24.342
24.025,23.894
22.086,22.012
26.713,26.319
24.917,24.704
24.018,23.707
25.334,23.769
26.063,25.474
24.688,24.532
26.698,24.309
26.279,25.978
20.845,19.978
26.799,25.796
25.406,25.293
25.155,24.572
16.453,15.917
24.564,24.045
26.45,25.994
26.855,26.218
25.849,24.999
20.588,19.308
21.123,20.655
23.157,21.45
22.997,22.384
21.604,21.211
26.529,26.148
25.249,24.728
20.831,19.348
20.265,20.176
21.095,20.846
25.039,23.778
18.928,17.637
22.433,22.108
17.779,17.553
24.535,22.357
24.335,22.791
17.367,17.229
22.813,21.485
23.609,23.538
26.716,26.277
24.143,23.936
20.938,20.652
25.584,25.006
26.554,26.141
24.542,24.343
23.113,22.15
26.804,26.261
22.582,22.205
26.159,24.193
18.987,18.097
26.376,26.209
22.385,20.365
26.342,25.741
20.385,20.248
23.699,23.471
24.703,24.202
21.749,20.697
25.179,24.944
24.568,24.085
26.497,25.892
26.886,25.441
25.054,24.655
22.628,22.537
26.094,25.988
22.22,21.95
26.262,25.837
22.529,22.348
26.028,25.67
26.217,25.751
24.774,23.249
26.673,26.314
26.65,26.452
21.165,19.821
20.205,19.013
24.237,23.857
23.97,22.587
11.9,11.828
26.033,25.899
25.421,24.848
26.169,26.03
23.074,21.881
20.986,20.422
24.081,24.14
26.914,26.347
26.343,24.49
26.6,25.977
25.061,24.566
22.477,21.075
21.779,21.456
25.01,24.895
20.069,19.974
20.997,19.792
26.014,25.605
26.463,25.989
23.562,21.881
24.301,23.722
26.906,26.648
24.025,22.537
24.517,22.371
26.743,26.257
19.103,18.916
26.224,26.063
25.402,24.502
25.128,24.989
24.259,23.127
20.856,20.678
26.455,25.893
22.391,20.923
26.524,25.893
25.135,24.822
23.958,23.272
25.36,24.056
26.2,25.771
26.393,26.221
23.878,23.642
26.016,25.761
26.982,26.512
26.621,26.098
24.989,24.583
26.21,24.939
24.24,23.944
26.375,25.952
26.445,24.951
23.681,23.48
25.227,25.041
23.406,21.952
25.03,24.748
26.897,26.547
26.302,26.05
23.436,23.069
24.764,24.024
26.51,26.083
25.676,24.142
25.861,25.787
23.836,23.763
24.719,24.237
23.987,23.608
26.842,26.294
24.673,24.299
25.474,25.273
26.84,25.904
22.924,22.771
24.351,23.985
21.786,21.714
24.655,24.043
25.268,24.231
20.347,19.667
25.042,24.528
26.778,25.574
24.202,23.731
22.835,22.345
25.039,24.926
25.693,25.386
25.891,25.703
25.981,25.587
25.095,24.563
25.392,23.755
23.553,23.114
23.032,21.251
24.917,24.809
26.136,25.701
26.1,25.391
24.177,22.255
25.69,24.886
22.731,22.664
26.964,26.303
24.852,24.687
24.968,24.905
12.397,12.314
21.835,20.663
26.712,26.368
25.205,24.707
26.19,25.021
22.957,22.777
24.611,24.418
22.1,20.941
26.164,25.806
23.199,22.595
23.59,23.401
23.153,21.188
26.762,26.541
24.547,24.148
16.536,16.287
22.148,21.684
21.392,20.515
21.045,20.041
26.899,26.416
24.546,24.199
21.225,20.004
26.539,26.117
25.91,25.72
20.928,19.535
26.471,26.103
23.577,23.211
24.723,23.987
22.874,22.54
25.737,25.553
25.966,25.709
23.958,23.733
25.706,25.366
24.818,24.637
22.393,20.894
24.384,23.848
26.547,26.029
24.068,23.235
23.786,21.993
24.249,23.769
25.383,25.086
24.53,24.217
26.095,25.463
25.518,24.975
26.429,24.479
23.372,21.599
20.992,20.13
26.486,26.267
22.385,21.052
25.625,25.39
21.358,20.072
26.129,25.767
26.263,26.149
25.67,25.44
24.316,23.972
25.421,24.427
24.738,24.217
26.47,26.125
26.422,25.926
26.783,26.15
24.338,24.265
24.242,23.731
25.197,24.789
25.852,25.735
19.739,19.239
24.986,24.353
20.911,20.051
25.186,24.64
21.059,20.801
23.411,23.302
25.061,24.391
26.44,26.086
26.003,25.576
22.591,22.221
26.513,26.121
26.089,25.602
23.891,23.028
24.405,23.99
23.519,22.677
25.991,26.121
24.959,24.472
26.038,25.714
24.217,22.705
20.611,20.193
26.95,24.713
26.464,24.841
23.35,22.405
26.173,25.697
24.595,23.12
21.777,21.696
25.177,24.768
22.204,22.101
26.074,25.473
19.746,19.666
26.174,25.454
25.748,25.419
23.175,21.738
26.397,26.208
21.334,20.332
24.916,23.506
20.379,20.309
21.833,21.753
23.552,23.414
26.393,26.062
25.808,25.037
12.244,12.124
20.565,19.215
24.875,24.551
26.005,25.66
19.67,18.644
24.749,24.361
26.15,23.639
26.592,25.887
25.249,24.93
24.368,23.956
25.294,25.2
24.422,23.196
26.32,25.991
26.931,26.719
23.546,22.34
25.86,25.396
21.766,20.76
26.57,24.624
24.035,22.756
25.263,22.779
26.19,25.652
26.496,25.954
25.553,25.128
24.869,23.692
26.394,24.218
22.024,21.763
26.891,26.344
22.514,21.281
25.882,25.326
21.434,21.311
18.75,18.574
26.632,26.408
23.207,23.012
25.299,25.103
26.912,25.573
25.109,24.63
25.936,23.714
22.965,22.884
25.013,24.543
24.806,23.66
25.009,23.399
24.349,23.317
24.793,24.202
26.68,26.318
25.798,23.529
23.841,23.5
20.991,20.6
22.723,22.302
26.226,25.616
25.348,25.015
24.893,24.487
24.954,24.786
26.859,26.28
23.538,23.288
20.752,20.493
26.042,25.731
22.021,19.892
25.406,25.311
26.575,25.989
22.613,22.44
22.231,21.741
26.264,25.734
24.981,24.391
26.963,26.466
26.339,26.168
24.87,23.185
23.515,23.026
26.276,25.835
26.13,25.561
23.863,22.228
25.977,24.087
20.782,20.107
26.717,25.937
25.985,25.569
23.525,22.735
22.941,21.409
23.348,23.157
24.439,24.104
26.722,24.762
23.671,23.288
26.146,25.623
20.975,20.168
26.471,26.29
23.386,22.265
23.114,22.816
20.134,19.928
26.374,25.424
24.099,23.975
25.697,24.969
22.451,22.383
23.243,20.856
26.884,26.407
26.829,26.396
26.537,26.006
19.736,19.571
23.781,22.868
26.896,26.641
23.689,21.92
23.378,23.305
25.743,25.12
18.788,18.342
20.227,19.038
24.285,24.198
25.528,23.409
26.619,24.218
23.974,23.709
26.729,26.304
19.705,18.856
18.217,17.462
22.432,21.417
24.592,24.229
22.483,22.15
22.169,21.122
25.945,25.811
22.903,21.326
25.641,25.286
23.529,23.3
26.301,25.977
20.871,19.798
23.443,22.801
24.294,23.889
26.454,26.014
26.643,26.374
25.258,24.892
24.064,23.614
23.407,22.833
18.296,18.048
25.283,22.718
26.283,25.892
21.675,21.583
25.762,25.215
26.944,24.483
25.733,24.866
19.965,19.378
24.779,24.264
23.359,22.545
24.631,22.578
23.616,23.385
26.137,25.533
24.821,24.988
24.013,23.529
20.937,20.65
26.304,25.61
20.515,20.15
24.391,24.247
26.588,26.407
26.896,26.271
25.385,24.955
24.573,24.509
22.032,21.834
24.285,22.487
23.782,23.632
22.95,22.828
25.245,24.926
26.112,24.317
19.912,18.707
23.099,21.979
26.566,26.326
25.883,25.198
22.175,21.196
26.287,25.756
26.562,25.89
26.286,25.742
21.172,21.07
26.249,25.76
26.649,26.215
22.991,22.799
26.267,25.787
26.186,25.77
26.46,25.968
26.275,25.909
26.634,26.188
23.437,23.093
22.409,21.064
26.009,25.575
25.923,25.815
26.362,25.914
24.529,24.176
22.816,22.535
25.811,25.618
25.444,25.327
23.778,23.495
23.856,21.513
24.737,24.597
24.417,23.043
25.056,24.382
26.172,25.792
24.743,24.344
26.069,25.703
25.436,25.184
19.625,19.573
26.285,25.931
17.694,17.205
17.09,15.981
24.083,23.625
22.872,21.965
25.7,23.575
21.563,21.392
25.643,25.018
23.567,23.13
26.685,26.154
23.384,23.121
25.18,24.731
22.272,22.076
25.548,23.623
24.236,23.53
23.588,22.3
21.008,20.381
24.931,24.657
26.745,24.49
24.261,22.014
24.105,23.719
26.527,26.171
23.991,23.85
25.303,24.93
26.335,26.119
24.177,23.862
23.703,22.449
23.882,23.791
26.689,24.478
25.656,24.997
26.242,25.808
26.437,26.143
25.952,24.3
24.082,23.838
25.897,25.193
24.501,22.144
26.139,25.756
25.644,25.417
26.206,25.679
26.977,25.731
26.343,25.874
20.847,20.017
25.666,25.483
19.614,18.94
25.937,24.285
25.954,25.423
22.528,22.435
25.835,23.912
24.877,23.637
24.907,24.289
22.179,22.067
24.752,23.777
26.806,26.374
24.855,24.293
26.521,25.998
22.94,21.962
26.465,26.181
26.165,25.715
24.179,23.851
26.373,25.807
26.533,26.122
25.577,25.108
24.255,24.158
23.735,23.512
26.161,25.689
26.63,26.103
24.538,24.261
25.083,24.489
25.429,25.173
19.866,18.612
26.954,26.484
25.807,23.928
21.873,21.72
25.71,25.581
25.412,24.786
25.991,25.606
25.692,25.119
25.857,24.487
21.629,20.478
13.673,13.587
23.209,22.777
25.602,25.217
24.847,24.43
25.05,22.788
26.917,26.566
24.501,24.056
22.995,22.1
22.188,21.292
23.592,22.052
26.518,26.396
19.727,19.621
25.188,24.819
22.499,21.98
26.918,26.609
22.795,20.672
23.776,23.454
21.898,21.789
20.601,20.47
25.526,25.418
24.265,24.077
25.465,25.031
26.438,26.329
26.797,26.392
25.71,25.17
26.04,25.818
22.476,22.106
26.486,26.018
24.696,24.48
25.289,24.887
19.013,18.936
24.197,23.764
25.362,25.062
26.954,25.041
23.826,22.9
22.64,22.425
22.713,22.604
24.812,24.166
23.889,23.711
24.276,23.253
25.107,24.682
19.773,19.057
26.763,25.982
26.298,23.678
22.332,22.032
21.246,20.765
22.358,22.228
25.091,23.811
26.513,24.036
21.499,20.775
26.108,25.472
25.134,24.677
26.89,26.266
26.343,25.985
24.053,23.43
26.378,25.908
22.361,21.637
21.584,20.213
23.488,22.731
25.715,25.475
21.204,20.178
25.924,25.357
14.967,14.827
25.895,24.736
26.128,24.257
15.902,15.692
26.985,26.393
25.908,25.636
26.372,25.93
26.863,26.344
25.405,24.9
24.367,22.308
25.805,25.525
25.105,24.756
17.478,17.014
26.359,25.935
19.639,18.864
20.984,19.726
23.037,22.757
26.985,26.466
18.906,18.316
24.994,23.008
23.982,22.645
17.58,16.972
20.55,20.306
23.276,23.037
24.425,24.162
24.714,22.281
26.18,25.502
25.602,25.227
24.158,23.99
22.612,22.4
24.211,23.683
25.608,24.206
25.199,24.494
25.19,24.582
23.816,23.618
25.616,25.167
24.054,23.518
25.245,23.675
23.028,22.616
26.78,25.826
26.213,25.821
24.027,23.666
21.55,20.997
25.97,25.266
26.735,26.113
26.918,26.437
25.189,23.046
23.615,23.47
24.848,24.454
23.841,23.739
26.385,25.918
26.214,26.022
24.261,24.135
25.989,25.413
18.115,17.649
24.344,24.165
24.236,23.722
24.234,22.281
18.004,17.881
26.984,26.442
25.588,25.262
25.863,25.402
26.183,25.739
23.818,22.841
24.658,24.088
22.326,22.147
19.905,18.954
24.636,24.464
22.828,22.567
25.21,23.686
26.728,26.487
19.686,18.853
26.983,26.694
25.525,25.08
24.56,24.16
26.547,26.1
24.049,23.591
25.028,24.808
25.876,25.136
22.963,21.196
21.13,20.595
24.057,23.954
24.843,24.615
26.484,25.816
23.389,22.102
25.513,25.339
22.62,22.353
26.955,26.345
25.017,24.704
25.952,25.579
26.042,24.559
19.359,18.641
24.73,24.374
23.814,23.748
23.318,22.559
26.826,26.231
24.366,23.951
26.406,25.86
24.079,22.246
16.982,16.873
25.403,23.468
26.884,24.267
25.126,24.664
26.684,26.341
26.16,25.929
17.377,16.995
23.298,21.867
21.491,21.276
26.879,26.405
24.559,24.406
26.304,25.773
25.742,25.105
26.612,26.241
25.607,25.072
22.573,21.202
26.601,26.17
18.919,18.452
22.912,22.557
23.685,23.129
24.838,24.388
25.85,25.583
23.941,23.852
25.76,25.322
21.981,21.747
25.903,25.604
20.301,20.109
17.025,16.728
23.987,23.453
22.901,22.387
23.39,23.003
21.226,20.422
19.952,19.745
19.299,19.169
26.476,25.621
25.362,25.011
25.361,25.277
26.361,24.194
25.618,25.206
26.152,25.688
23.369,23.231
25.055,24.639
24.861,24.382
25.658,23.468
20.642,19.378
18.653,18.598
23.72,23.588
20.281,19.401
22.882,22.783
21.899,21.104
23.718,23.541
26.522,25.941
23.392,23.265
25.421,24.893
24.372,24.253
25.348,23.554
26.926,26.472
22.127,22.026
23.471,23.356
23.922,23.552
15.68,15.527
23.893,23.385
25.481,24.608
20.738,20.647
18.527,17.358
16.615,15.582
20.124,19.756
24.161,24.057
26.685,26.125
20.62,20.349
20.461,19.53
21.441,21.295
17.627,17.109
24.583,22.31
26.858,26.206
21.605,20.705
24.77,24.449
25.748,25.346
25.928,25.687
25.493,24.543
25.72,25.001
26.292,26.122
24.171,23.705
26.615,26.083
20.849,20.774
25.732,25.025
23.452,23.321
25.774,25.175
24.953,24.424
26.967,26.126
25.998,25.349
26.741,26.579
26.233,25.77
24.627,24.408
19.345,17.89
26.1,24.336
21.92,21.709
21.651,20.727
26.393,25.61
26.988,26.811
26.49,26.213
21.307,21.305
22.154,20.213
26.066,25.886
23.941,23.641
22.392,20.88
25.114,23.423
24.969,24.698
24.742,23.618
23.073,22.277
26.919,26.493
23.36,21.799
15.407,15.265
23.104,22.755
22.417,19.907
26.622,24.555
24.978,24.883
23.082,23.061
24.987,24.634
24.298,23.71
20.45,19.045
21.23,20.887
23.317,23.214
22.497,21.947
25.796,25.472
25.205,24.723
25.021,24.403
23.137,22.606
24.922,24.414
25.596,25.334
24.238,22.077
22.095,20.806
22.5,21.655
22.053,20.524
23.438,22.376
26.937,26.704
26.666,26.867
26.383,25.831
23.202,23.052
26.929,26.177
22.385,21.567
24.11,23.799
26.168,25.492
26.112,25.688
23.653,23.586
25.785,25.373
24.536,23.966
25.688,25.184
19.784,19.683
25.638,25.305
26.62,26.322
25.945,25.743
24.574,24.106
22.98,21.541
25.759,25.474
24.669,24.118
26.482,26.107
23.142,22.943
23.912,23.503
24.637,24.05
25.338,25.107
21.632,21.378
20.423,20.321
19.368,19.124
26.197,24.037
25.773,24.986
26.567,26.038
23.095,21.332
25.396,25.04
23.71,21.905
21.468,20.643
25.794,25.412
25.456,25.219
26.745,26.378
20.643,20.458
24.489,23.087
26.778,26.364
23.237,23.021
23.244,22.005
26.556,25.501
13.609,13.476
25.946,25.503
26.313,25.84
26.768,26.163
23.634,23.0
20.695,19.658
19.427,18.96
25.937,25.779
26.924,25.433
26.472,25.936
24.559,23.929
26.28,26.043
22.732,22.653
20.154,19.023
25.018,24.361
22.671,22.268
22.57,21.272
26.608,26.184
25.747,25.369
26.877,26.527
25.931,25.528
24.762,22.712
22.243,22.091
25.118,24.992
25.478,25.085
21.57,21.303
23.354,21.131
26.101,25.935
24.573,23.976
25.425,24.823
26.794,26.142
19.956,19.424
23.874,22.905
26.172,23.768
19.846,19.714
24.565,24.094
24.963,23.796
26.248,25.751
25.764,25.499
24.601,24.293
23.654,22.289
26.948,26.381
25.996,25.599
25.861,24.625
26.159,25.886
26.063,24.092
25.129,24.802
26.919,26.52
23.573,22.329
22.835,22.616
26.835,26.385
25.486,24.523
23.449,23.351
23.752,22.795
22.207,22.115
23.013,21.99
22.85,22.46
19.062,18.803
26.475,25.847
25.831,25.091
26.989,26.591
21.971,21.082
22.839,20.448
22.55,21.087
17.902,17.594
22.992,22.77
24.991,24.575
25.539,25.309
23.545,23.205
24.667,24.342
26.469,24.365
16.647,16.175
21.151,20.295
25.02,24.843
23.352,23.281
24.31,23.373
25.724,25.005
24.397,24.327
21.679,21.568
26.036,25.578
26.895,26.583
17.2,17.007
22.475,22.269
24.133,23.734
24.787,24.384
26.266,25.785
22.557,21.479
26.605,26.466
26.604,26.04
23.906,23.105
23.583,23.075
23.261,22.66
24.224,23.695
21.135,20.809
24.976,24.479
25.376,24.878
26.313,23.684
20.741,20.645
23.811,23.54
22.726,21.792
26.509,25.883
25.267,24.82
23.658,23.348
25.136,24.674
25.5,24.989
25.499,23.471
26.646,26.009
22.712,22.581
26.997,26.725
24.484,24.387
24.381,23.733
26.081,25.619
24.692,24.169
25.461,23.78
21.971,20.694
26.137,24.727
25.859,25.514
26.516,26.137
24.002,23.732
26.667,26.263
26.607,26.28
19.226,18.117
26.725,26.336
26.251,25.84
26.888,26.486
25.92,25.049
25.85,25.747
24.443,23.893
20.947,20.848
25.273,25.179
26.001,25.55
21.481,21.248
25.7,25.094
21.576,20.402
11.175,10.854
26.193,25.862
18.126,17.539
25.369,25.273
12.016,11.938
26.357,24.795
25.655,25.094
25.723,25.512
24.797,24.424
25.79,23.949
23.655,22.64
25.601,25.06
24.053,23.596
26.91,26.359
25.964,25.297
25.737,25.324
23.874,23.533
25.396,24.879
26.343,26.038
19.988,19.892
25.905,25.311
24.855,24.473
22.131,22.054
26.404,23.991
20.313,19.565
23.023,22.892
19.841,19.724
26.757,26.169
24.274,23.85
20.619,20.479
26.964,26.463
26.706,25.47
21.044,20.961
26.403,25.921
25.77,23.944
26.671,26.179
24.08,23.847
22.535,22.359
26.771,26.557
24.125,22.885
26.787,26.439
25.435,24.873
24.43,23.942
23.495,21.999
23.744,23.393
24.96,24.476
25.675,25.198
23.243,22.893
23.865,22.64
21.0,20.806
26.962,26.441
23.212,22.913
25.703,25.313
25.791,25.259
26.648,26.426
25.305,25.052
20.648,19.286
24.178,24.101
18.397,18.172
23.089,21.361
26.471,25.019
24.634,22.746
21.14,21.067
24.351,22.675
22.85,21.337
23.485,23.09
21.095,19.611
24.576,24.258
25.566,24.008
26.124,25.459
19.117,18.145
22.504,22.426
18.301,18.215
19.117,18.66
24.746,24.238
25.747,25.436
25.054,24.91
24.475,24.313
26.087,25.376
20.972,19.499
25.484,25.202
26.766,26.477
25.063,24.94
25.402,25.118
25.221,24.89
26.03,25.228
25.385,25.006
26.344,25.942
23.635,22.519
25.208,24.537
24.596,23.846
23.225,23.152
22.876,21.449
24.077,23.743
25.841,25.422
26.175,25.815
22.031,21.828
21.959,22.131
26.959,25.299
25.754,25.612
26.622,25.708
25.098,24.568
26.808,26.345
19.988,19.629
23.305,22.954
21.042,20.933
26.132,25.627
24.422,24.035
23.446,23.019
23.439,23.295
26.53,25.965
24.864,24.695
26.781,26.31
24.507,23.962
26.837,26.313
24.481,24.067
23.82,23.672
25.847,25.218
24.256,24.129
25.172,24.786
26.39,26.018
24.846,24.75
25.644,24.416
26.539,25.511
24.181,22.373
26.058,25.736
25.521,25.153
21.845,21.766
23.599,23.1
26.241,25.995
23.062,22.947
23.545,22.036
18.217,18.054
26.011,25.897
19.141,18.731
23.532,23.289
26.516,26.067
24.208,24.046
20.163,20.01
24.238,22.3
22.329,22.197
25.805,25.567
23.8,23.517
20.175,19.963
25.998,25.775
26.693,26.552
22.746,22.514
26.59,24.511
26.656,26.186
26.828,26.294
24.341,24.219
23.821,23.735
26.251,25.751
22.674,22.395
25.926,25.58
25.085,24.556
26.042,25.181
25.717,25.174
23.708,23.361
24.392,23.86
23.796,23.572
22.988,21.427
23.744,23.091
25.616,25.541
24.015,23.75
25.112,24.629
25.307,24.915
22.472,22.384
22.034,21.487
25.662,25.185
26.174,26.021
25.209,24.846
25.096,24.67
26.565,26.417
25.929,25.5
23.268,23.013
26.29,25.92
24.062,23.757
25.553,25.029
24.173,23.643
20.433,19.854
23.489,23.106
25.659,25.032
26.675,26.276
22.778,21.05
25.759,25.638
26.231,25.943
24.686,24.322
24.995,22.938
25.942,25.553
22.393,21.353
24.763,24.699
24.338,22.424
17.801,17.512
21.894,20.847
26.227,25.837
20.158,20.069
22.267,19.779
24.816,24.595
24.92,24.401
22.752,22.393
26.694,26.275
21.538,21.312
25.56,25.153
26.612,25.693
18.994,17.705
23.987,23.179
25.162,25.063
26.153,25.405
20.528,19.047
15.634,15.508
23.106,22.95
22.783,21.596
24.808,24.385
25.279,24.891
22.716,22.603
24.455,22.989
14.187,14.054
24.198,24.104
13.639,13.417
26.323,25.845
24.971,23.64
23.915,22.499
23.047,22.737
24.322,23.93
25.488,25.079
24.207,22.142
23.219,22.859
22.276,20.745
25.829,24.613
23.532,23.252
20.541,20.423
19.507,18.866
25.625,25.161
20.106,19.728
26.287,25.855
24.391,22.529
25.361,24.693
24.756,24.683
25.25,24.946
19.269,18.888
25.215,23.11
25.912,25.628
22.458,21.489
17.41,16.623
20.985,19.827
24.451,24.24
25.749,24.834
22.21,21.889
26.49,26.37
19.721,18.634
25.599,23.528
26.747,26.124
26.573,26.088
18.114,17.929
25.078,23.303
26.489,25.949
25.993,24.947
25.427,24.825
23.87,23.715
26.882,26.644
21.286,19.959
25.38,24.227
25.801,25.323
26.622,26.235
24.369,24.143
19.179,18.983
21.514,20.141
26.974,26.548
26.345,25.79
26.898,26.487
24.04,23.504
23.425,22.619
15.562,15.414
23.873,23.471
25.123,24.993
24.981,24.667
22.439,21.934
23.893,23.702
17.928,17.351
26.474,26.272
24.356,23.676
26.65,26.498
22.068,21.969
22.571,21.405
22.456,21.176
24.158,22.801
19.134,18.585
18.881,18.728
24.071,21.68
26.921,25.412
25.925,25.553
26.766,26.279
23.948,22.241
21.256,20.956
25.883,25.434
25.371,25.1
21.885,20.608
17.404,17.162
25.608,23.643
25.87,25.42
23.445,23.224
25.028,24.907
24.508,23.78
25.291,24.624
24.26,23.125
24.961,23.577
22.902,21.971
22.066,21.991
24.601,24.342
26.727,26.414
26.675,26.036
24.534,24.341
22.057,21.191
25.588,24.937
21.984,21.486
24.452,24.227
23.781,22.006
26.162,25.765
25.07,24.764
26.102,23.935
25.764,25.642
26.864,26.499
26.656,25.421
24.809,24.608
20.192,19.534
22.505,22.42
24.409,23.216
25.393,24.804
24.673,24.518
26.847,24.673
23.429,22.496
26.581,26.367
26.455,25.612
20.252,18.782
25.633,25.167
25.549,25.404
14.623,14.516
18.818,18.747
26.07,25.929
20.562,20.338
26.635,25.587
24.318,23.86
25.99,25.832
25.012,24.433
26.888,26.7
23.245,20.883
25.289,24.759
26.018,25.536
25.921,25.209
26.388,24.073
24.473,24.35
20.983,20.787
26.45,26.151
22.555,22.331
26.364,26.046
21.123,20.283
25.97,25.528
24.496,23.298
25.362,25.054
26.727,26.303
20.798,19.003
25.329,24.806
18.288,18.078
24.738,24.639
18.803,18.521
23.299,21.953
25.875,25.7
24.323,23.892
22.345,22.009
25.929,25.481
24.888,24.361
23.482,23.325
26.736,25.736
26.605,24.035
21.518,20.525
23.209,21.83
23.452,21.694
18.885,18.808
24.368,22.501
25.22,25.038
20.814,20.659
26.657,25.683
24.532,24.129
18.998,18.88
25.678,25.252
22.308,22.146
26.003,25.509
25.967,25.729
25.013,24.625
22.535,22.059
24.237,23.793
26.836,26.397
25.314,25.14
24.378,23.081
23.753,23.45
26.228,25.886
22.531,22.359
25.116,23.644
23.154,22.173
25.625,25.351
23.111,22.567
24.814,24.401
22.605,22.428
24.906,24.399
26.43,25.99
19.699,19.616
26.513,26.31
24.186,23.439
25.879,25.269
26.886,26.365
23.486,23.395
24.875,24.579
21.681,21.593
23.133,22.876
23.057,22.824
19.641,18.319
22.203,21.92
24.94,24.648
22.735,22.489
23.236,22.024
23.915,23.552
25.326,23.947
25.813,25.278
21.072,19.235
21.08,19.617
24.94,24.443
24.539,23.971
23.803,23.459
26.618,26.165
23.74,23.545
24.451,24.284
26.76,26.423
14.682,14.507
23.825,23.519
25.553,25.37
21.548,20.275
25.541,24.732
19.174,18.869
21.542,21.283
22.015,21.22
26.978,26.747
23.028,22.934
26.73,26.139
25.941,25.465
26.152,24.036
24.813,24.147
14.511,14.411
26.949,26.308
22.672,21.926
25.967,25.757
21.308,20.649
20.923,20.482
21.078,19.989
20.936,19.213
23.626,23.326
23.461,22.434
23.457,21.66
16.878,16.698
24.034,23.435
23.096,22.719
26.575,26.311
25.811,24.709
24.786,24.379
25.711,25.37
25.918,25.813
24.459,24.031
26.939,26.385
24.166,24.056
26.408,25.949
24.812,24.647
25.266,24.681
24.635,22.648
23.2,21.886
25.562,25.156
25.703,25.041
25.959,25.479
25.201,24.833
26.004,25.908
24.162,22.903
26.973,26.427
22.355,21.567
26.532,26.421
26.368,25.336
19.769,19.668
26.206,25.994
24.23,23.93
24.991,23.769
24.255,23.847
25.415,24.955
24.175,24.097
25.197,24.607
23.736,23.641
24.958,24.823
19.908,18.951
24.217,23.777
24.198,23.851
25.564,25.354
26.214,25.555
22.296,22.159
23.462,22.138
21.164,20.56
24.39,23.881
18.569,18.406
26.21,25.633
15.153,15.06
23.617,23.123
24.036,23.605
19.275,18.448
26.076,25.455
24.088,23.819
25.369,24.039
18.141,17.228
25.656,25.204
26.155,26.002
24.5,24.058
25.544,25.055
25.11,23.103
26.219,25.996
17.266,17.016
22.881,22.482
22.32,20.173
20.848,20.555
24.658,24.179
20.809,20.593
16.336,16.222
24.569,22.762
20.872,20.729
23.644,23.494
24.226,23.779
22.878,22.287
21.909,21.812
24.959,24.908
22.77,21.34
21.868,20.175
23.797,23.031
24.549,24.177
26.702,26.152
26.893,26.451
25.017,24.515
22.237,21.127
21.042,20.835
24.137,23.879
25.511,25.364
25.764,25.098
24.837,24.705
26.458,25.815
24.149,23.971
22.671,21.119
24.804,24.399
23.676,22.553
24.779,24.253
25.998,25.712
21.836,21.397
25.972,25.684
24.952,24.496
26.882,26.549
26.515,25.847
26.165,24.992
24.316,21.996
25.495,25.195
26.738,26.202
15.218,15.097
25.52,25.141
24.819,24.64
24.215,22.844
15.526,15.331
25.009,24.515
25.683,25.098
14.772,14.578
23.729,22.898
24.792,24.574
25.136,24.893
19.614,19.398
26.505,23.942
24.561,23.289
26.372,26.187
25.929,25.557
25.328,24.728
26.011,25.506
25.26,24.698
23.88,23.308
18.781,18.525
26.918,24.752
18.155,17.745
25.231,24.972
26.496,26.256
26.911,26.315
21.925,20.297
26.676,26.215
23.768,23.672
22.745,22.579
26.603,26.061
15.012,14.6
22.992,22.678
26.419,26.059
22.296,22.127
19.823,19.188
18.697,18.514
21.494,20.17
26.456,26.346
17.671,17.453
19.136,18.749
21.939,20.885
11.219,11.031
25.705,25.612
24.326,22.565
21.123,20.875
22.962,21.777
22.944,22.47
22.949,21.521
14.003,13.863
22.262,22.006
26.558,26.016
25.428,25.337
24.804,24.15
25.453,25.005
25.848,25.655
22.591,21.344
26.847,26.519
24.074,22.778
24.534,24.39
20.963,20.805
24.434,24.288
25.969,25.342
26.497,25.99
26.961,26.744
26.487,26.049
20.779,20.49
25.226,24.274
23.692,23.151
22.615,22.478
20.774,20.706
21.266,21.083
21.675,21.554
19.584,19.124
24.534,23.974
25.307,24.801
22.499,22.412
25.446,24.919
24.93,24.725
21.291,21.206
25.107,24.787
24.543,23.865
21.584,20.529
25.713,25.462
25.133,24.745
26.575,25.778
26.15,25.547
25.072,23.818
25.578,25.265
26.645,26.268
24.507,22.511
25.064,24.595
23.466,21.529
17.982,17.355
26.164,25.755
24.646,24.174
24.681,24.329
21.956,21.518
26.741,26.27
26.639,26.228
22.229,22.01
22.997,22.011
22.946,21.675
25.13,24.558
26.264,25.752
25.772,25.359
23.342,21.659
16.133,15.995
24.805,24.4
26.442,26.269
22.551,22.271
23.858,23.216
23.79,23.49
26.835,26.575
26.097,25.755
24.479,24.19
24.209,24.119
22.009,21.872
24.959,23.834
21.697,20.369
26.567,26.371
22.205,21.948
23.798,23.988
21.481,21.375
24.29,23.297
23.264,22.827
26.992,26.525
24.742,24.653
26.162,25.136
23.888,23.703
23.57,22.858
22.548,21.167
22.332,21.916
26.362,25.658
26.602,25.046
22.698,22.194
15.115,15.032
24.639,24.382
22.622,21.827
26.676,26.538
26.205,25.623
26.385,25.802
22.727,22.603
24.135,22.386
25.034,24.856
26.538,23.932
26.674,23.998
24.078,23.839
25.466,25.343
21.294,20.415
22.898,22.14
25.944,25.543
23.117,22.793
26.13,25.666
25.886,25.402
22.651,21.416
26.615,26.219
24.977,24.807
22.885,21.046
22.96,22.533
24.704,24.266
15.225,15.112
26.687,26.115
25.759,25.251
24.913,24.488
24.952,24.859
26.376,25.56
26.261,24.378
24.645,23.635
25.698,25.125
25.61,25.119
22.724,21.059
25.544,24.816
26.856,26.342
24.831,24.591
23.216,23.11
24.569,23.602
23.569,22.367
25.119,24.895
25.71,25.377
18.98,17.994
25.927,25.677
21.231,21.057
24.035,23.787
21.712,20.419
25.184,24.746
26.414,25.808
24.771,23.333
20.498,20.067
24.78,24.258
21.329,19.999
16.885,16.532
21.044,20.294
23.618,23.22
24.794,24.395
25.16,24.758
26.266,25.804
23.802,23.418
24.965,24.893
26.153,25.907
20.492,20.343
26.547,25.658
24.174,23.807
21.546,21.137
18.444,18.323
19.951,18.511
26.798,26.557
26.932,26.369
26.999,26.476
25.363,25.122
26.7,26.216
23.452,23.373
26.791,26.39
25.162,24.841
23.423,22.876
24.286,24.176
26.288,25.759
26.908,26.477
24.998,24.899
20.639,20.356
23.69,22.216
18.598,17.423
21.367,19.794
19.759,18.791
24.75,22.707
26.997,26.621
23.604,23.208
26.49,26.028
26.245,25.126
26.422,26.218
22.363,21.241
25.637,24.661
23.059,22.581
21.468,20.856
25.627,24.584
20.311,20.143
26.633,26.221
20.438,18.651
25.16,24.805
22.053,21.99
24.067,22.853
22.75,21.866
26.819,26.081
17.825,17.647
26.699,26.24
25.599,25.512
19.412,18.236
23.682,23.241
25.793,25.352
24.703,24.541
26.772,26.281
20.938,20.822
24.423,24.315
25.883,25.503
25.43,24.89
25.448,25.067
25.347,25.069
23.854,22.749
21.181,21.088
24.448,23.981
23.221,23.287
19.611,19.38
23.824,23.313
21.576,19.723
24.989,24.475
23.193,22.948
26.046,25.843
26.542,26.335
26.349,25.967
25.378,24.861
26.818,26.409
24.352,23.921
25.997,25.534
26.669,26.364
24.968,24.045
25.326,24.931
25.315,24.499
25.917,25.801
21.782,20.21
25.614,25.532
25.565,23.218
23.661,23.477
19.756,19.589
21.965,21.874
26.644,25.886
25.854,25.142
23.668,23.311
26.57,26.303
26.772,26.293
23.676,23.281
21.959,21.725
26.26,26.108
26.715,26.444
26.907,26.658
26.329,25.973
25.926,25.538
23.163,22.832
23.429,21.719
26.039,25.894
22.563,21.394
24.688,22.763
25.384,23.343
22.321,21.798
16.897,16.732
26.136,25.743
25.429,25.015
25.161,22.97
25.656,25.29
20.124,20.026
24.693,23.071
22.059,21.777
25.136,25.054
26.66,26.408
24.03,22.719
24.205,23.709
23.918,23.475
26.812,26.116
26.715,24.422
26.773,26.505
23.569,23.248
25.317,23.949
25.791,25.289
21.277,20.406
23.801,22.091
23.605,21.909
23.194,23.062
25.399,24.884
24.822,24.532
24.069,23.86
20.587,20.495
22.837,22.568
26.492,26.017
24.656,24.315
25.842,25.688
26.491,25.886
24.753,24.618
24.797,23.3
15.183,14.885
23.249,23.138
26.388,25.934
24.934,24.196
25.971,24.569
25.845,25.528
20.702,19.354
19.514,18.84
23.082,22.829
24.937,24.837
24.305,23.927
22.672,22.245
25.234,22.548
17.941,17.826
22.706,20.828
25.997,25.735
26.443,25.891
22.992,22.147
25.391,24.809
19.934,19.806
24.998,24.603
19.513,19.184
24.669,24.581
23.991,21.938
26.65,25.685
24.797,24.541
21.134,20.194
21.209,20.189
26.152,26.043
22.763,22.609
26.224,25.62
23.476,22.861
22.915,22.414
23.03,22.88
24.461,23.957
24.092,22.431
25.824,25.462
24.018,23.777
23.622,23.167
23.002,22.561
24.349,24.094
24.923,24.711
24.17,23.454
14.058,13.968
26.066,25.592
25.753,25.376
26.593,26.002
26.885,26.342
25.634,25.471
15.613,15.487
26.041,25.477
22.929,22.639
12.87,12.617
26.644,26.481
23.49,23.3
25.713,24.882
23.137,22.899
26.975,26.205
23.942,23.709
24.006,22.327
19.1,18.478
26.866,24.596
25.051,24.954
24.593,24.425
22.88,22.491
21.537,21.453
22.51,20.991
22.938,22.749
22.959,22.223
26.279,25.755
25.957,24.301
26.444,24.162
23.214,22.448
26.889,26.395
23.733,23.665
25.851,25.31
23.947,23.738
22.615,21.15
25.703,25.146
25.968,25.44
23.188,22.976
26.364,23.709
26.796,26.335
23.516,21.948
26.606,26.268
23.939,23.422
26.952,26.6
25.414,24.837
24.002,23.802
26.123,24.744
26.594,26.226
26.876,26.228
26.053,25.914
25.096,24.727
22.347,20.508
24.024,23.764
23.687,23.576
23.416,21.573
22.524,22.372
23.037,22.599
23.185,23.272
18.184,17.733
21.328,21.147
23.58,22.694
26.626,26.441
18.747,17.446
19.349,18.516
24.078,23.817
24.319,24.003
15.698,15.525
25.025,23.359
21.109,20.312
26.732,26.258
24.406,24.309
21.658,21.547
19.421,19.138
22.121,21.76
24.984,24.862
22.527,22.162
26.899,26.029
23.563,23.267
17.626,16.867
25.951,25.83
25.44,25.238
25.009,24.601
25.796,25.324
23.739,23.178
22.885,22.508
25.845,25.607
26.562,24.37
24.66,24.197
26.553,25.96
23.951,23.494
21.024,19.913
23.328,22.907
24.464,24.075
19.708,19.364
22.732,22.542
24.399,23.965
23.725,23.156
20.553,19.557
21.833,21.636
22.975,22.089
26.891,26.7
24.669,24.398
26.509,26.189
26.017,25.898
25.384,24.991
23.841,23.655
23.484,23.372
16.018,15.77
26.504,26.116
23.746,22.629
26.857,26.637
24.954,23.529
23.676,23.379
24.779,24.457
26.855,26.195
20.912,20.813
26.679,26.092
24.986,24.745
16.904,16.032
21.079,20.907
23.733,22.132
25.841,25.474
17.526,16.876
24.009,21.761
20.369,19.257
19.23,18.599
25.679,24.976
24.481,24.326
20.928,20.409
19.793,19.336
24.246,23.97
25.562,25.43
25.837,25.305
25.327,24.918
26.831,26.212
24.785,24.632
24.424,24.223
24.802,24.25
21.74,21.026
26.082,25.674
24.845,24.733
26.184,25.763
23.242,23.442
24.062,22.308
22.393,20.772
22.46,21.448
25.187,24.767
21.48,21.34
18.419,17.362
23.292,23.066
23.567,23.457
26.664,25.861
23.405,23.077
24.907,24.465
26.084,25.515
21.264,19.83
19.913,19.086
25.335,25.189
25.88,25.565
26.997,26.611
25.087,24.962
24.583,24.287
22.148,22.195
26.657,26.083
25.53,25.209
24.656,24.173
21.857,20.988
24.602,24.183
26.597,25.803
26.549,24.376
24.413,24.329
25.608,25.227
25.521,25.096
23.641,23.424
20.536,20.161
22.66,20.213
21.569,21.279
26.131,25.643
26.865,26.215
23.703,23.341
26.323,26.396
26.374,24.776
21.282,18.859
25.24,25.154
25.129,24.331
23.915,23.482
26.105,24.007
24.873,24.442
25.656,25.292
26.174,25.416
24.489,24.363
17.643,16.974
18.588,18.398
17.73,16.931
26.445,25.211
26.177,25.866
26.037,25.755
26.151,25.906
24.112,23.241
26.86,26.384
25.938,24.58
24.548,24.467
24.402,23.821
24.728,24.313
21.311,21.193
23.109,22.714
26.17,25.907
26.93,26.393
26.406,25.705
25.397,24.995
20.629,19.373
26.583,26.074
23.506,22.34
22.223,21.499
25.528,25.093
25.36,24.188
26.976,24.426
22.982,21.823
25.224,24.501
25.849,24.39
26.609,26.073
25.78,24.251
25.903,25.287
25.464,25.372
16.723,16.515
26.367,25.955
25.203,25.002
23.806,22.481
21.193,20.938
24.945,24.827
26.568,26.081
22.279,22.045
16.648,16.381
25.853,25.436
26.596,24.059
24.498,24.308
21.851,20.795
23.071,22.654
23.369,22.954
21.127,20.266
23.746,23.358
21.056,20.227
25.03,24.915
25.579,24.027
21.176,21.045
24.481,24.008
25.614,25.139
24.821,24.524
26.352,25.905
26.96,26.435
26.957,25.138
24.723,24.19
26.856,26.371
24.475,23.885
19.343,19.113
22.745,22.002
23.525,23.449
24.691,23.911
26.369,26.022
23.983,23.873
24.686,24.299
26.781,26.303
23.592,23.057
26.438,25.758
19.426,18.94
26.61,26.105
26.369,26.151
26.671,26.315
25.914,25.785
26.55,26.159
25.644,24.314
26.775,26.251
19.9,19.588
24.511,24.043
26.909,26.38
26.784,24.664
24.696,24.612
25.688,23.487
20.269,20.063
26.23,25.868
24.84,24.366
24.201,23.312
24.322,23.835
25.618,24.733
25.563,25.33
21.276,20.152
20.834,19.851
18.351,18.199
23.609,23.428
22.365,22.078
19.102,18.961
22.192,22.052
24.446,24.02
26.986,26.747
24.3,24.076
24.523,24.404
15.015,14.925
20.348,19.699
26.809,24.271
23.436,23.308
25.942,25.728
26.847,26.502
26.027,25.571
26.349,26.108
25.948,25.633
23.01,22.906
25.568,24.719
19.183,18.908
26.823,24.698
26.818,26.628
23.989,23.76
14.49,14.387
17.456,17.162
20.387,19.382
26.503,26.073
24.83,22.902
25.398,24.96
25.223,23.568
25.101,24.648
25.378,24.988
24.821,24.334
24.855,24.664
20.87,19.222
23.183,21.897
22.484,20.993
24.616,24.487
20.573,20.002
26.241,25.666
15.03,14.694
24.119,23.752
26.142,25.837
19.7,19.5
24.382,24.206
25.556,25.484
26.049,25.716
25.747,25.659
24.381,23.893
26.99,25.686
22.506,21.374
20.274,20.112
21.911,21.378
25.812,25.408
23.472,22.963
24.428,24.292
26.004,23.918
26.066,25.631
24.629,22.583
21.287,20.907
20.079,19.746
17.347,17.138
16.333,16.071
25.074,24.385
24.807,24.48
26.218,25.715
17.022,16.54
21.151,20.1
22.893,22.16
25.889,25.586
26.322,24.193
21.181,19.518
26.929,26.482
17.367,16.943
24.06,22.443
21.622,20.201
19.108,18.852
26.446,26.159
24.027,23.897
22.338,22.144
26.149,24.929
26.383,25.525
26.757,26.463
23.416,23.246
24.232,22.55
25.534,25.036
26.494,25.428
23.492,23.229
25.43,24.955
23.332,23.256
21.699,20.533
24.033,23.242
25.962,25.565
26.094,25.968
17.795,17.12
22.611,22.154
26.48,25.868
26.309,25.853
25.644,25.349
25.355,25.268
26.634,24.017
26.554,26.048
20.417,19.837
22.589,22.196
22.882,21.936
26.24,25.84
21.511,21.053
22.969,22.084
22.813,21.128
25.233,23.489
25.128,24.993
22.539,21.764
21.699,20.733
24.485,24.283
24.73,24.452
23.832,23.705
25.475,25.031
23.887,22.248
26.385,26.019
22.622,21.47
26.701,26.508
26.466,25.763
25.187,25.04
23.674,23.574
25.626,25.283
26.769,26.186
26.049,25.651
22.22,22.284
19.617,18.754
25.23,24.812
24.865,23.895
25.061,24.593
20.282,19.43
26.22,26.019
21.464,20.298
26.882,26.041
22.173,21.961
23.328,23.035
25.671,25.302
25.593,25.016
25.113,23.197
17.935,17.121
24.259,23.72
17.202,16.958
26.353,25.822
23.22,22.941
22.759,21.699
19.937,19.583
26.935,26.394
25.914,25.182
25.363,25.083
25.161,24.775
25.635,24.996
20.414,19.32
25.508,25.437
25.097,24.965
20.287,19.354
25.354,24.786
23.46,23.018
26.335,26.108
25.145,22.761
22.501,22.347
17.81,17.58
25.735,25.603
24.149,23.204
24.056,23.667
25.152,24.791
24.878,24.538
26.908,26.464
26.544,26.237
25.1,24.95
25.216,24.852
26.611,26.204
25.263,24.665
23.955,22.915
26.008,23.5
25.701,25.165
26.024,24.55
23.088,22.861
18.801,18.599
25.832,25.66
26.143,25.778
26.067,25.662
21.146,20.558
26.841,26.438
11.925,11.698
26.613,26.432
25.111,24.978
23.192,22.782
23.021,21.437
26.562,25.341
25.343,25.116
26.784,26.505
20.838,19.903
26.73,26.504
23.432,23.354
25.045,23.434
20.802,19.899
23.024,22.912
25.208,24.038
16.83,16.701
21.363,20.402
23.558,23.098
26.402,25.857
26.394,24.985
24.916,24.522
23.191,23.007
24.072,23.123
23.776,23.367
19.944,19.828
24.666,24.584
25.111,23.977
21.456,21.374
26.7,26.317
22.616,22.541
24.57,24.436
23.462,23.257
24.579,22.531
25.692,23.978
26.587,26.208
25.351,24.942
25.729,23.889
19.57,18.781
23.184,22.76
22.271,22.089
24.313,23.458
20.49,20.045
25.302,25.06
25.063,24.782
26.305,25.802
23.262,22.022
20.844,20.148
20.923,20.415
24.772,24.264
22.054,21.699
23.034,22.369
23.295,22.91
25.976,25.358
22.677,22.265
25.257,24.85
17.584,17.116
20.904,20.747
26.352,24.113
26.444,26.266
26.659,26.139
26.978,26.497
26.415,26.168
24.343,23.843
24.855,24.513
22.407,19.834
26.559,25.809
20.37,19.41
25.988,25.587
26.954,26.496
23.591,23.124
26.441,26.056
24.882,24.357
24.389,24.205
21.995,21.516
26.373,25.88
26.847,26.267
25.756,25.275
25.455,25.296
24.199,23.903
26.298,26.181
26.903,26.289
23.899,22.679
19.473,18.895
26.451,26.201
26.828,26.37
24.538,23.161
25.519,24.99
26.83,26.125
24.836,23.914
23.812,22.463
21.604,21.508
26.454,25.96
23.995,23.869
25.586,25.189
21.115,21.04
25.984,25.657
24.43,23.432
24.705,24.205
26.614,23.971
26.182,25.79
26.504,26.011
24.876,24.572
26.692,26.47
24.352,23.28
24.769,23.014
23.733,23.362
20.792,19.174
24.609,24.106
22.639,22.048
24.238,24.142
25.794,25.578
25.581,25.044
26.358,26.209
25.92,25.591
24.813,24.722
23.654,23.193
25.47,25.37
24.054,22.559
25.476,24.736
25.082,24.573
26.273,26.156
19.046,18.407
25.479,24.001
26.136,25.736
20.73,19.251
21.527,21.426
25.585,25.131
17.262,16.258
25.422,25.002
25.474,25.054
26.819,26.579
25.06,24.019
21.71,21.559
25.269,24.29
25.632,23.676
26.316,26.081
26.761,26.424
25.066,24.556
25.919,25.758
26.858,26.058
23.326,22.643
15.198,15.064
24.958,24.862
21.843,20.978
24.86,24.694
26.405,25.21
23.794,22.471
24.782,22.827
26.703,26.145
25.81,25.387
22.39,21.931
26.754,26.366
25.663,25.452
21.837,21.353
22.259,21.915
24.237,23.707
23.419,21.961
25.308,25.001
20.469,19.968
19.483,19.305
25.58,25.19
26.064,23.514
22.226,19.585
25.963,25.502
26.794,26.59
25.487,24.248
21.967,20.998
25.002,24.544
26.745,26.5
26.538,25.659
25.707,25.288
24.943,24.525
24.568,22.54
24.527,23.381
24.314,23.882
22.62,22.479
25.975,25.524
26.511,25.786
24.605,24.255
23.628,23.126
12.873,12.824
21.143,19.738
25.049,24.712
25.672,24.154
26.134,23.95
22.883,22.49
26.212,25.521
26.56,25.676
26.012,25.76
26.439,26.142
26.517,24.044
23.646,23.508
17.858,17.522
26.697,26.087
26.425,24.953
26.458,26.337
21.555,21.459
24.922,24.765
24.219,23.528
25.521,24.681
24.936,24.733
20.407,19.341
26.618,26.066
14.58,14.347
25.183,24.656
23.139,21.441
23.243,23.151
26.882,26.527
23.837,23.754
25.619,25.101
22.663,22.56
24.353,23.885
25.815,25.427
20.802,19.359
24.233,24.0
25.072,23.707
22.386,22.259
26.564,26.036
25.818,25.244
22.105,21.886
25.386,25.058
23.657,21.969
26.272,24.979
21.602,21.48
19.368,19.184
26.552,26.229
26.306,26.091
26.944,25.938
26.239,26.062
24.547,22.731
20.199,19.896
26.759,25.94
24.461,24.348
25.522,24.952
26.966,26.511
20.953,20.75
25.083,24.989
25.509,25.013
22.31,21.702
26.125,25.614
25.803,24.91
20.288,19.97
25.627,25.469
23.326,22.805
26.028,24.891
24.512,24.201
24.324,24.176
26.918,26.484
25.587,25.089
26.601,26.07
26.093,23.478
25.863,23.96
26.999,26.266
24.578,22.338
25.793,25.324
26.796,26.529
23.318,23.066
25.18,24.788
25.223,24.7
26.705,26.333
25.252,25.07
22.355,22.24
16.219,16.101
25.452,25.021
22.884,22.396
14.457,14.363
24.721,24.374
22.939,22.541
23.208,22.975
26.504,26.356
26.534,26.267
26.73,26.246
26.23,25.536
24.591,24.363
23.487,23.098
24.659,22.297
24.922,24.394
21.365,19.754
22.107,22.005
24.916,24.201
25.879,25.492
15.107,14.984
21.129,20.382
26.241,25.743
20.617,19.659
24.551,24.421
21.336,20.819
26.934,26.555
22.86,22.708
21.055,20.848
26.508,26.015
20.961,19.664
20.12,20.022
26.026,25.861
26.955,26.535
26.551,26.399
25.944,25.436
26.211,25.645
25.068,24.738
20.233,19.265
22.945,22.699
26.518,25.967
20.842,20.379
26.154,25.616
26.275,25.716
24.968,24.604
26.827,26.172
19.792,18.951
25.365,25.218
15.101,14.345
25.796,25.596
26.714,26.579
25.25,24.175
24.78,23.845
26.321,26.104
26.843,26.243
25.282,23.112
24.999,24.548
23.783,23.482
22.81,22.297
22.654,22.566
19.563,17.863
25.931,24.403
26.096,25.892
25.092,23.694
26.846,26.182
24.15,22.781
26.426,25.884
16.333,16.093
22.236,21.805
25.862,23.359
24.353,23.366
24.671,24.239
24.96,24.879
24.828,24.531
26.471,23.998
25.425,23.168
22.754,21.76
24.701,24.492
22.163,21.5
24.374,23.751
21.891,21.756
25.984,25.578
25.528,25.03
15.717,15.683
22.703,21.664
23.26,23.026
23.93,23.666
25.804,25.625
23.491,22.974
26.162,24.008
22.73,20.895
23.926,23.685
24.151,23.745
24.773,24.322
22.831,22.622
25.339,24.947
25.51,24.767
24.14,23.612
26.441,26.141
21.244,21.06
22.746,22.262
25.207,24.78
25.512,24.267
25.509,25.002
26.543,24.688
20.359,19.45
20.874,20.453
24.444,24.061
21.148,19.39
25.868,24.247
26.803,25.416
24.254,24.145
24.403,24.116
25.617,23.205
24.4,23.999
25.088,24.566
26.784,26.636
20.927,20.14
22.601,20.8
20.051,19.676
26.857,26.493
26.423,25.984
26.744,26.248
21.382,20.103
24.059,23.826
26.222,25.99
26.712,26.378
26.584,26.109
24.288,24.114
25.326,24.877
20.933,20.346
26.636,25.118
26.097,23.502
18.578,16.656
17.912,17.84
23.887,23.305
26.051,25.702
26.893,24.361
17.213,16.967
26.518,26.315
26.471,26.246
25.796,25.108
22.897,21.545
25.618,24.192
25.07,24.939
24.279,22.198
21.108,20.89
25.648,24.111
23.991,23.691
24.518,23.961
25.605,24.357
24.552,24.222
22.494,21.486
23.916,22.808
25.782,25.244
26.532,24.442
25.146,24.897
23.981,22.619
26.728,26.474
26.994,26.274
26.242,25.884
24.628,24.318
21.796,20.892
25.062,24.584
25.356,24.972
24.152,22.772
21.413,20.43
20.762,19.906
25.596,24.614
23.764,21.803
26.887,26.374
11.486,11.402
21.099,20.642
24.504,23.491
25.394,23.172
25.301,23.155
25.701,25.576
15.03,14.795
26.702,26.227
26.128,24.142
26.318,25.313
22.759,21.48
23.557,23.458
26.99,26.116
25.377,25.164
25.33,25.259
21.991,22.075
22.767,22.343
23.58,23.022
20.883,19.92
25.116,24.343
24.927,24.56
25.588,25.327
25.415,25.147
22.903,22.507
22.671,22.764
25.282,25.047
26.841,25.888
24.058,23.395
24.651,24.322
15.95,15.851
24.02,23.764
26.928,26.646
26.443,26.023
26.063,25.593
25.93,25.532
25.237,22.969
23.645,23.361
25.743,25.182
25.663,25.577
21.067,20.591
22.388,20.816
26.72,26.163
26.085,24.119
26.332,25.601
20.821,20.16
24.152,23.277
21.172,19.433
26.316,25.904
25.555,24.949
25.985,24.707
26.895,26.627
18.286,17.496
26.234,25.778
26.318,25.961
22.623,21.599
25.7,25.35
25.878,25.054
22.378,22.259
26.877,26.422
26.048,25.823
25.31,25.037
26.798,26.488
26.864,26.647
23.702,23.043
26.193,25.825
24.899,24.358
26.436,25.913
23.009,22.626
25.328,24.996
22.801,22.492
24.168,23.907
20.735,20.631
24.59,24.175
25.779,24.984
26.654,26.263
26.162,25.803
25.958,25.42
26.062,25.702
26.931,25.074
25.217,22.854
25.976,25.393
25.365,25.233
26.555,26.165
19.765,19.526
24.834,24.37
18.642,17.15
25.064,24.649
26.228,25.791
26.957,26.556
25.785,24.392
15.924,15.808
26.883,26.457
23.168,21.94
21.627,21.486
25.045,23.287
22.642,22.546
24.357,24.152
26.687,26.196
24.284,23.842
26.718,26.115
25.186,24.214
24.623,24.28
24.11,23.77
23.061,22.702
25.557,25.435
22.735,21.35
26.523,25.005
20.966,19.277
23.838,22.485
24.363,24.151
16.175,15.606
23.664,23.545
25.309,24.92
23.096,21.569
24.259,23.762
26.653,26.924
25.852,25.412
17.613,16.76
25.356,25.017
21.312,20.559
25.062,23.244
25.715,24.052
25.191,24.29
21.593,20.148
24.035,23.591
25.723,23.33
24.228,22.602
20.693,19.845
25.635,25.212
24.939,22.797
21.257,19.765
26.774,26.664
23.897,23.685
23.135,23.058
25.765,25.36
25.63,25.149
26.445,25.938
25.686,25.572
23.991,23.585
25.718,25.466
26.338,26.045
22.972,22.784
26.056,25.603
23.505,22.493
25.242,24.474
23.891,23.312
20.304,19.359
23.342,22.985
18.443,18.335
25.401,25.256
26.29,25.985
22.98,21.729
26.655,26.26
24.512,24.318
25.886,23.743
23.088,22.501
20.745,20.032
22.446,22.352
23.994,23.928
26.893,26.1
23.906,23.815
26.386,25.978
25.272,24.672
23.819,23.512
26.958,26.701
23.847,23.357
26.321,26.124
22.45,22.259
20.957,19.99
26.183,25.837
25.716,25.289
26.744,26.086
20.435,19.408
19.2,18.142
25.839,25.152
25.332,25.124
26.38,26.249
23.954,23.289
19.805,19.323
23.409,22.759
18.505,17.692
24.431,24.163
25.492,25.106
19.252,19.102
25.608,24.681
24.411,24.29
26.884,26.393
25.087,24.663
26.232,25.984
24.803,24.01
23.634,23.239
22.554,20.847
26.361,25.985
21.61,21.396
17.676,17.555
26.614,26.126
24.966,24.667
24.702,23.618
24.611,24.111
19.45,19.327
23.088,21.949
21.166,19.988
24.732,24.62
22.44,21.483
26.784,26.287
25.658,25.408
24.017,23.855
26.087,25.99
26.28,26.101
22.028,21.89
23.48,23.046
22.959,21.907
23.902,23.629
20.908,19.554
23.411,21.677
24.126,23.812
23.271,23.023
21.142,21.018
23.828,23.71
24.998,24.569
24.586,23.698
18.487,17.272
26.827,26.293
24.848,23.59
21.419,21.298
23.709,22.029
26.51,26.168
25.493,24.331
13.563,13.417
25.836,25.268
21.581,21.492
26.536,26.128
25.203,23.955
26.515,25.955
26.455,26.033
25.199,24.945
24.927,23.127
26.377,25.967
25.502,25.063
23.607,23.482
22.031,21.356
26.875,26.43
26.69,26.208
24.159,23.946
25.664,23.563
18.487,18.347
25.364,24.952
26.833,26.204
21.645,20.033
20.612,19.504
21.328,21.144
18.517,18.18
26.199,25.605
21.658,21.57
24.812,24.568
26.899,26.588
26.921,26.46
23.999,21.928
24.824,24.301
26.419,25.09
26.017,24.363
26.587,26.086
24.968,23.646
25.35,24.975
23.186,23.089
25.335,24.606
25.831,25.367
26.912,26.285
25.267,24.732
22.505,21.051
24.92,24.456
24.394,22.951
21.91,21.578
26.595,26.097
24.247,23.082
21.936,20.999
26.592,26.224
26.988,26.517
25.19,24.963
24.328,24.031
25.766,25.621
26.079,25.604
23.776,22.412
25.276,25.171
26.859,26.097
24.956,24.557
23.519,23.217
25.539,25.082
26.681,25.642
22.57,22.252
19.55,19.451
26.023,25.656
17.659,17.16
23.787,22.903
24.735,23.664
26.862,25.846
25.959,25.547
24.22,24.103
23.286,22.058
26.926,26.666
25.178,24.782
26.075,25.584
21.906,21.185
24.626,24.018
24.899,24.496
23.923,22.573
25.062,24.991
22.967,22.817
26.286,25.749
26.612,26.17
24.277,22.923
24.656,24.05
24.821,24.666
23.695,23.603
22.598,22.143
22.467,20.963
25.529,25.224
25.687,23.32
22.299,21.982
24.545,24.296
25.048,24.423
23.943,21.956
26.751,26.488
26.762,25.825
22.002,20.579
26.069,25.648
26.434,26.001
24.884,24.297
20.849,19.2
26.038,25.622
24.88,22.782
24.488,23.931
26.336,26.06
24.762,24.617
25.029,23.779
21.998,21.334
25.977,25.505
22.116,21.112
26.212,25.994
24.111,23.668
24.578,24.441
24.029,23.542
24.3,24.062
24.989,24.742
25.488,24.888
26.535,26.132
26.993,26.834
23.143,21.821
25.319,24.86
26.868,26.553
25.885,25.019
25.917,25.272
26.408,25.564
24.295,24.182
21.786,20.836
24.117,23.817
13.969,13.855
25.638,25.097
25.81,25.274
22.201,20.288
25.069,24.363
26.644,26.156
25.555,25.315
25.987,25.36
26.957,26.488
26.389,23.966
22.455,20.833
26.658,26.186
22.157,20.226
23.507,22.852
24.25,23.769
18.288,17.965
23.932,23.096
26.39,26.223
24.903,24.515
26.383,25.625
23.743,22.701
25.626,24.141
26.601,26.207
23.274,21.555
26.938,25.942
23.979,22.09
25.449,25.354
25.469,25.368
26.032,25.478
26.617,26.185
25.064,24.883
23.943,23.493
25.512,25.001
25.004,24.882
23.456,23.082
21.859,21.704
26.442,26.18
21.284,21.19
21.644,20.5
21.65,21.282
24.32,23.717
25.597,24.504
26.549,26.123
23.741,23.427
26.293,26.057
25.605,25.496
25.92,25.552
22.85,22.76
24.935,24.519
26.685,26.21
16.022,15.885
26.489,26.145
20.994,19.973
25.504,25.388
25.094,24.703
17.366,17.174
23.422,21.659
24.215,23.661
23.87,23.726
24.528,24.424
24.251,24.05
17.494,17.097
24.497,23.96
24.148,23.984
22.147,22.065
16.244,16.131
23.87,22.712
25.625,25.161
24.286,23.606
23.77,22.665
23.09,23.016
22.65,21.994
25.188,24.805
26.572,25.922
22.577,22.159
22.991,22.993
25.979,25.559
25.281,24.921
21.695,21.206
20.171,19.499
25.199,24.66
26.924,26.757
25.571,25.094
11.615,11.696
22.613,22.542
24.206,23.027
23.786,23.609
26.771,26.291
25.998,25.582
25.435,25.239
25.306,25.104
26.278,25.437
24.075,22.643
23.871,22.424
26.165,25.868
26.791,26.58
22.137,22.041
24.131,22.094
20.959,19.781
23.483,23.385
24.453,24.392
26.165,25.187
18.059,17.153
16.606,16.362
25.334,25.119
25.586,23.03
26.862,24.948
23.644,23.195
24.813,24.403
26.095,24.013
24.346,23.781
26.296,25.784
25.364,24.671
25.657,25.395
24.674,24.595
23.76,23.238
26.565,26.09
26.332,25.918
23.961,23.825
20.113,19.523
26.352,25.507
26.806,26.452
24.594,24.268
21.579,20.751
21.111,20.665
21.623,20.577
25.662,25.497
24.876,22.426
26.525,25.977
19.014,18.017
25.734,25.374
18.601,17.198
22.642,21.539
26.196,25.21
23.117,22.957
22.539,22.123
20.546,18.752
25.107,24.131
23.819,23.466
23.568,23.334
18.873,18.66
23.379,23.137
20.17,19.838
25.836,25.371
25.453,25.057
20.013,18.4
26.505,25.917
26.33,25.445
23.312,21.289
24.694,24.025
23.731,23.298
26.804,24.457
26.798,26.256
17.814,17.418
19.461,19.228
25.079,24.684
21.672,20.125
24.798,24.367
19.451,18.169
20.751,18.934
25.704,25.132
24.943,24.54
25.606,25.251
26.153,25.586
26.204,25.687
21.898,20.978
24.36,23.6
25.657,25.336
22.646,22.219
26.279,25.688
26.249,26.127
21.505,20.552
25.374,24.998
20.313,20.027
15.222,15.002
26.505,26.035
21.612,21.543
23.471,23.112
26.805,26.664
23.998,23.438
23.882,22.306
23.896,23.54
26.216,23.785
16.385,16.276
24.693,24.199
26.349,25.928
22.755,22.188
26.134,24.26
26.546,26.018
21.58,20.752
22.031,20.504
24.871,24.515
15.617,15.099
25.691,25.388
24.298,23.577
19.767,18.616
23.938,23.216
21.767,21.025
23.835,23.567
24.03,22.395
24.062,22.724
23.313,22.481
25.95,25.495
24.116,24.022
26.425,25.942
25.148,24.8
20.369,20.051
26.353,26.21
19.093,18.887
25.664,25.507
26.395,25.952
25.602,23.687
26.921,24.997
22.209,21.259
26.914,26.428
23.742,23.265
24.763,24.548
23.785,22.444
24.26,23.758
25.276,25.185
26.923,26.493
26.033,24.099
24.12,23.935
18.208,17.904
24.078,22.037
23.871,23.578
25.695,25.046
21.221,20.863
23.679,23.3
25.541,24.673
25.923,25.247
25.874,25.425
26.266,24.494
23.651,23.276
22.639,21.187
25.398,25.191
24.418,22.965
23.47,23.094
26.723,26.272
21.752,21.448
26.426,26.029
25.004,23.364
24.513,24.348
25.639,25.373
25.603,23.115
25.05,24.628
22.566,22.141
23.67,23.412
26.274,25.831
25.986,25.539
26.881,26.612
25.034,24.836
26.392,26.044
26.243,24.401
24.015,23.657
21.583,19.869
24.76,24.653
25.399,25.265
21.308,21.139
23.915,23.003
26.698,26.219
26.987,26.507
19.992,19.639
25.629,25.432
26.644,26.21
26.871,26.418
22.719,22.554
25.342,25.192
26.303,25.902
24.453,23.122
24.745,24.593
19.646,18.656
25.016,24.924
24.262,24.085
25.63,23.571
23.079,22.822
25.336,24.971
25.469,23.185
26.775,26.387
23.776,23.688
26.637,26.444
20.712,20.636
24.889,22.934
26.476,25.997
25.436,25.121
25.512,24.861
26.848,26.488
25.874,25.299
25.873,25.436
24.634,22.967
24.738,23.032
25.437,25.074
23.699,21.868
24.127,24.006
22.852,22.723
25.771,25.664
24.123,23.807
26.196,25.674
24.694,24.457
22.219,21.14
23.161,21.142
26.665,26.109
23.048,22.857
23.193,22.04
26.684,26.084
25.215,25.054
20.972,20.628
24.152,24.019
26.562,26.34
21.235,20.604
24.842,24.397
26.498,26.025
22.731,21.237
24.251,23.832
23.448,22.576
26.533,26.355
23.237,22.139
26.918,26.481
24.694,24.208
26.352,25.914
21.1,20.308
23.005,21.668
26.291,26.016
17.938,16.658
25.459,24.997
26.441,25.877
25.558,25.468
26.479,26.004
19.647,19.18
25.967,25.849
25.986,25.57
26.911,25.791
24.888,23.236
21.535,20.62
18.894,18.622
26.445,26.188
23.44,22.556
26.903,25.204
23.473,22.334
25.537,25.158
26.34,26.157
24.838,24.528
21.104,21.002
22.702,22.168
18.482,18.282
26.94,26.738
26.231,25.751
24.409,24.264
24.65,22.334
24.444,23.163
26.172,25.694
19.454,19.072
26.227,25.682
24.617,24.111
26.477,24.579
22.44,20.872
25.416,25.274
19.632,19.422
24.269,23.96
24.856,24.388
14.761,14.213
23.915,23.512
19.332,18.324
17.593,16.876
25.246,25.173
25.598,25.079
24.654,22.214
22.789,22.705
23.226,23.132
23.751,22.271
24.648,24.295
20.846,20.768
23.706,23.562
25.826,25.201
22.57,21.094
18.947,18.858
26.702,26.18
26.534,26.428
24.048,23.544
24.902,23.88
25.0,23.282
25.491,25.03
23.963,22.83
25.209,24.711
25.91,24.157
25.925,25.563
24.888,24.686
25.183,24.82
26.1,25.586
20.527,19.559
23.975,22.109
25.461,25.07
25.64,25.25
25.997,25.586
26.572,25.995
23.938,23.498
22.025,20.634
20.661,20.089
22.085,22.023
12.489,12.447
22.125,21.965
25.55,25.087
25.047,24.982
24.976,24.509
20.271,19.268
22.627,22.518
26.522,26.393
22.585,21.458
20.715,20.63
25.024,24.551
26.1,25.485
24.577,24.191
24.098,22.587
25.755,25.342
22.639,22.579
24.023,23.905
26.073,25.67
26.51,26.066
25.643,23.414
26.492,25.917
18.701,18.501
25.078,24.97
25.943,25.624
24.162,24.053
23.441,22.52
24.506,24.035
26.775,25.023
24.528,23.933
18.143,18.031
26.831,24.375
26.147,26.006
26.974,26.508
22.773,22.587
24.718,23.501
25.921,25.832
25.004,24.649
22.628,22.318
21.805,20.834
24.774,24.294
20.258,20.13
24.446,23.959
25.946,25.164
22.888,21.76
26.367,26.215
24.725,24.412
24.926,25.269
25.006,24.084
23.583,22.563
24.958,23.374
25.894,25.709
25.696,23.967
22.569,20.69
25.435,25.313
24.916,24.446
21.098,20.818
22.611,22.454
20.55,20.36
26.868,24.333
24.157,21.826
23.897,23.689
23.532,23.42
26.311,25.92
25.735,23.239
26.947,26.403
22.114,22.302
18.771,17.807
23.59,22.976
23.896,23.775
21.63,21.53
25.532,23.028
25.298,24.376
25.423,25.107
26.678,26.146
26.859,26.504
26.643,26.165
25.363,25.271
23.247,21.489
16.65,16.568
26.607,26.28
26.662,26.534
22.913,21.585
26.282,26.167
20.593,19.473
23.734,23.658
23.932,23.433
26.267,25.368
26.723,26.306
24.664,24.534
26.635,26.107
25.151,22.845
23.278,22.337
26.431,25.957
19.802,18.5
25.03,24.606
26.125,24.067
26.738,24.215
23.472,22.878
25.917,25.633
24.534,23.995
25.166,24.667
22.427,21.665
24.535,24.108
25.356,24.076
25.124,24.674
24.621,23.27
20.056,19.3
22.415,21.692
19.794,19.729
25.913,25.569
22.826,20.975
25.009,24.479
23.663,23.155
24.369,24.184
20.04,19.084
25.322,25.064
22.322,21.233
26.433,26.232
25.581,23.666
25.975,25.678
25.016,24.618
26.089,25.711
23.981,22.763
22.809,22.522
22.325,22.183
26.585,26.161
26.778,26.151
26.389,25.924
22.934,22.766
26.086,25.483
26.74,26.233
24.606,24.516
24.117,24.025
24.53,24.351
24.961,22.347
25.098,25.029
22.972,22.758
24.791,24.235
23.824,23.421
25.659,25.485
26.811,25.867
25.793,25.515
26.009,25.713
26.049,25.453
26.025,25.609
25.552,24.266
25.955,25.582
24.15,22.579
23.877,22.704
21.536,20.488
25.704,25.129
24.607,24.031
25.519,23.347
25.314,24.621
24.227,22.104
24.944,24.685
24.109,23.709
24.254,23.813
19.649,19.504
26.493,23.919
24.732,24.51
25.27,24.809
26.291,25.864
21.414,19.921
19.114,17.661
24.203,24.092
25.645,25.154
23.391,23.25
26.844,26.265
25.538,24.957
20.436,20.251
24.549,23.265
23.078,22.796
18.377,17.574
25.75,25.393
26.885,26.432
26.14,25.626
26.202,25.956
26.318,25.221
25.366,24.854
26.701,26.322
24.488,24.1
23.196,22.979
23.52,22.503
25.649,25.109
18.707,17.046
25.812,25.422
26.327,26.01
24.084,22.923
23.758,21.905
23.708,23.369
23.471,22.287
23.344,22.308
24.341,24.357
23.73,23.559
25.203,23.314
21.427,21.31
24.933,24.785
24.771,24.288
22.073,21.879
24.255,23.137
26.872,26.492
25.615,25.362
23.215,22.293
25.669,25.16
24.622,22.034
24.895,24.566
16.037,15.931
14.043,13.988
24.083,23.844
22.755,22.654
26.516,25.919
23.934,23.497
23.731,23.281
24.443,24.174
24.048,23.975
24.285,22.617
16.41,15.449
25.103,24.559
21.169,20.582
23.097,22.072
26.145,23.902
26.034,25.922
23.015,22.457
24.763,24.541
22.205,20.9
22.449,22.328
21.205,20.015
25.062,24.244
25.532,24.943
26.646,26.316
24.247,23.722
22.473,22.136
23.293,23.177
23.732,23.349
21.547,21.254
26.816,26.578
25.303,24.82
24.247,23.929
25.294,24.813
20.624,19.924
25.402,25.035
26.25,25.844
26.265,25.793
22.659,22.496
25.731,25.349
22.54,21.732
22.586,22.013
26.399,26.186
25.557,25.089
26.069,24.565
26.529,26.287
24.461,24.11
23.901,23.764
24.881,22.89
16.881,16.718
17.202,17.136
23.07,22.595
23.424,22.985
25.6,24.887
23.245,23.136
26.176,25.451
21.044,20.97
26.354,26.049
20.101,18.855
26.632,26.489
19.994,18.815
25.777,24.107
26.717,26.36
26.994,26.439
24.736,23.619
26.717,26.122
25.981,23.659
23.004,22.872
24.788,24.641
23.623,22.765
21.808,21.375
22.329,21.91
25.624,25.432
20.267,19.852
25.784,25.652
24.957,23.258
23.728,22.742
21.316,19.799
24.847,24.315
22.713,21.31
21.911,21.407
23.094,22.831
25.594,25.379
12.958,12.795
22.052,21.986
24.805,24.324
25.941,25.305
22.965,22.796
24.08,23.594
24.631,24.175
26.063,25.872
19.427,19.173
25.318,24.471
26.707,26.274
26.621,25.86
23.25,22.871
25.045,24.891
18.549,18.172
25.64,24.286
26.929,26.565
23.249,22.961
26.523,25.852
25.824,25.454
26.433,25.947
26.583,25.568
23.658,23.596
23.132,22.917
22.591,21.557
18.739,18.569
24.912,23.783
24.893,24.265
20.056,19.227
21.627,21.526
26.803,26.427
26.861,26.31
26.915,26.271
25.904,25.789
22.148,20.795
26.225,25.518
25.949,25.459
26.422,25.719
18.139,17.593
23.971,23.636
22.272,22.136
23.674,23.526
26.048,24.972
24.786,24.401
22.756,22.433
26.929,26.02
22.649,22.428
21.723,21.191
24.045,23.965
24.359,24.259
23.862,23.644
26.048,25.532
26.588,25.837
26.05,25.904
22.279,21.94
22.151,21.144
25.525,24.948
25.439,24.42
25.656,25.078
24.021,23.394
23.423,22.444
25.75,24.013
18.229,18.022
26.859,26.219
25.866,25.352
26.108,24.389
23.74,22.238
22.865,22.57
24.376,24.275
25.108,24.662
25.594,25.046
26.495,24.052
22.255,22.001
25.826,25.708
26.435,25.874
20.209,19.546
24.016,23.877
23.939,21.764
24.701,23.969
25.998,25.862
24.737,24.198
26.448,24.791
24.725,24.284
25.305,24.163
21.55,20.786
26.47,26.148
12.874,12.711
26.916,26.349
26.291,25.768
17.737,17.356
22.073,21.737
24.952,24.381
26.513,26.323
21.122,19.998
25.597,25.347
25.226,23.716
24.129,23.948
23.476,22.121
23.214,22.785
26.194,25.737
25.423,24.825
25.028,24.721
26.74,26.284
24.054,23.684
17.101,16.481
26.204,24.452
24.3,23.72
23.415,23.347
25.021,24.545
23.903,22.279
26.627,26.265
21.084,20.46
25.31,25.101
20.65,20.553
26.683,26.481
26.485,25.189
18.95,18.635
25.736,25.613
24.826,23.763
25.195,23.442
26.029,25.937
25.436,25.022
21.64,21.51
26.418,25.811
26.996,26.412
22.535,21.148
22.433,22.351
26.246,25.859
24.346,24.001
24.798,22.836
25.381,25.171
24.476,23.535
23.671,23.412
21.506,21.176
23.944,23.125
25.741,25.305
24.324,22.601
26.778,26.175
25.652,25.215
26.542,25.899
25.977,25.852
23.242,23.122
22.096,21.945
22.28,21.319
26.744,26.147
26.027,25.407
24.979,24.78
24.486,24.085
16.923,16.106
26.248,26.01
18.088,17.182
26.009,25.247
26.907,26.419
19.62,19.024
26.117,25.697
22.22,21.1
21.1,19.837
25.052,24.485
23.126,21.059
26.097,25.623
23.41,23.285
22.65,22.334
25.349,24.917
26.318,25.929
22.757,21.878
12.291,12.201
23.81,22.403
26.499,26.211
26.064,25.768
23.018,22.701
24.786,24.488
24.525,24.038
22.151,21.237
20.729,19.996
23.565,23.499
21.211,21.001
26.657,26.209
22.322,22.093
22.914,21.326
24.505,24.271
25.401,24.193
22.367,21.698
24.182,24.069
26.867,26.481
25.01,24.744
21.089,19.714
24.441,23.908
24.659,24.568
25.019,24.518
26.431,26.283
26.0,25.629
21.283,20.599
26.154,25.691
24.342,23.285
24.756,24.448
23.068,22.261
21.428,19.919
25.961,25.641
26.309,25.847
20.583,19.372
23.335,22.041
24.689,24.207
21.689,21.101
23.106,22.828
24.385,23.577
22.088,20.956
17.042,16.879
26.112,25.404
26.856,26.458
22.985,22.732
20.375,19.729
25.802,24.025
23.059,22.944
26.3,25.972
22.553,21.575
24.077,23.55
25.159,23.067
23.47,22.962
26.899,25.688
23.7,23.377
26.102,25.941
24.813,23.072
22.585,21.868
22.822,21.523
26.857,25.583
25.257,24.871
26.522,24.96
25.527,25.271
22.838,22.686
25.008,24.609
19.729,18.513
26.121,25.739
26.85,26.699
26.483,26.19
26.937,26.486
19.555,19.057
25.094,24.781
22.44,21.869
26.608,26.422
22.337,21.244
21.455,20.335
23.067,22.897
23.001,22.123
25.565,25.203
24.716,24.45
24.427,24.124
25.316,25.095
25.905,25.733
19.858,18.262
25.493,23.576
18.415,18.117
22.46,21.354
26.69,25.875
24.69,24.429
25.158,24.66
22.925,22.744
23.835,22.036
18.314,18.092
26.338,25.83
19.194,18.951
26.439,25.991
24.759,24.4
21.506,21.239
26.378,26.094
25.314,24.736
20.546,19.978
26.081,25.615
23.025,22.759
26.409,25.555
16.485,15.72
21.523,20.154
25.508,25.178
22.738,22.301
23.981,23.599
26.657,26.154
24.37,23.046
22.527,22.336
23.935,22.339
25.485,25.071
26.071,25.358
26.802,26.418
21.722,20.672
22.879,21.893
19.604,19.509
23.889,22.523
24.622,24.455
26.334,26.103
26.684,26.412
26.422,26.199
22.616,22.547
21.533,21.347
24.296,23.744
24.336,24.264
26.305,25.972
24.297,23.829
26.616,26.162
26.072,25.944
26.723,26.216
25.896,25.542
24.746,23.941
26.177,25.816
24.646,24.298
24.007,23.901
26.057,25.689
26.522,26.15
26.979,26.615
19.945,19.346
24.189,23.76
26.364,25.858
17.875,18.033
24.119,23.607
24.367,24.152
26.78,26.057
25.485,23.693
18.315,16.795
23.501,23.373
25.278,24.917
9.374,9.512
25.126,24.979
21.137,20.894
23.808,22.666
22.421,20.884
23.417,22.332
26.355,25.731
25.803,24.748
26.479,25.603
24.982,24.116
17.271,17.081
24.214,22.602
26.626,26.193
24.337,23.939
26.258,26.026
26.016,25.673
23.965,23.543
23.633,23.334
20.238,19.278
25.341,24.889
26.285,25.927
24.546,23.768
26.673,26.108
24.829,24.367
24.912,24.451
26.554,25.914
26.896,26.619
18.391,18.269
22.933,21.99
23.634,22.009
26.199,25.442
26.968,26.814
26.114,25.881
26.867,26.336
25.836,25.421
26.439,26.263
26.311,26.103
26.973,26.605
25.621,25.057
23.786,23.585
25.822,24.196
26.906,26.544
25.78,25.554
26.118,25.637
24.026,23.481
12.906,12.672
25.654,25.513
25.111,24.603
26.018,25.456
19.443,19.15
26.217,25.675
21.183,20.578
25.612,25.182
26.349,25.823
22.234,22.123
26.232,26.11
26.739,26.275
23.392,23.176
25.115,24.852
24.546,24.397
25.706,25.253
26.942,26.356
25.698,25.437
22.645,22.345
24.605,24.115
26.95,26.36
26.308,25.436
26.6,26.45
17.693,17.055
26.438,26.04
26.595,26.119
26.225,25.69
20.817,20.371
22.34,22.254
25.771,25.348
23.377,23.028
21.747,21.131
24.71,24.126
22.98,21.418
20.796,20.703
24.885,24.708
25.339,24.812
18.481,18.35
25.93,25.853
24.118,23.949
26.995,26.386
20.671,20.499
23.97,22.872
26.579,26.119
22.672,22.196
22.828,22.315
24.167,22.561
21.343,20.923
18.911,18.615
22.979,20.611
26.449,25.819
23.871,23.777
26.021,25.872
15.88,15.78
26.115,25.456
26.844,26.31
25.977,25.441
26.092,25.651
24.389,23.945
18.778,18.541
22.891,22.792
25.381,24.858
26.086,23.661
26.923,26.72
23.535,23.114
24.968,24.683
25.723,24.418
26.095,25.721
24.875,24.732
26.828,26.204
25.667,25.165
23.321,22.409
15.662,15.481
26.645,26.234
26.89,26.405
26.123,24.873
24.541,23.984
24.726,24.264
23.925,23.625
24.939,24.83
26.356,25.432
25.683,25.188
19.762,18.617
23.086,22.981
23.872,23.638
24.641,24.57
26.13,25.62
23.51,22.871
25.298,25.095
26.867,26.426
22.105,21.207
21.66,21.53
25.907,24.966
23.861,23.72
24.512,23.994
25.46,25.167
23.012,22.851
21.455,20.582
25.372,24.997
25.394,24.829
26.56,25.637
26.847,26.399
18.068,17.551
22.495,21.564
24.632,24.442
25.906,25.802
23.195,23.022
21.56,20.338
26.545,26.132
26.877,26.351
26.805,26.49
26.767,26.191
25.025,24.439
24.57,24.108
21.217,21.12
25.843,23.658
24.381,23.344
21.447,21.335
26.984,26.609
23.159,23.013
25.562,23.92
19.085,18.708
16.685,16.54
24.395,23.904
24.194,23.315
24.985,24.438
21.265,19.929
26.258,26.103
24.963,24.423
18.504,18.122
26.338,25.716
26.591,26.45
26.796,25.845
19.178,18.347
25.651,23.766
21.644,20.645
26.266,25.78
25.316,24.836
24.369,23.572
26.258,25.851
18.518,18.429
26.082,25.645
26.51,25.939
24.743,23.093
26.755,26.047
14.024,13.922
22.547,21.775
25.905,25.231
24.695,24.281
24.81,24.348
26.25,25.74
22.092,20.864
26.405,26.013
19.972,19.894
24.883,24.47
26.238,25.728
26.641,26.071
24.955,22.765
18.752,18.102
26.13,25.668
25.676,24.463
23.156,23.072
26.363,25.81
21.766,21.694
24.396,23.973
24.872,24.582
26.692,24.66
26.125,24.651
26.375,23.948
24.27,23.845
25.955,25.509
25.495,25.316
24.279,22.654
24.683,24.27
25.368,24.95
26.345,26.127
26.457,26.102
24.983,24.467
26.223,25.813
25.891,25.658
23.531,22.062
21.775,20.613
25.246,24.43
18.19,18.024
24.816,24.73
26.613,25.769
20.86,19.312
21.213,21.069
25.067,24.491
26.198,25.702
25.948,25.795
26.709,26.244
24.689,24.023
24.766,24.658
24.249,24.169
26.394,25.938
26.428,25.2
26.094,25.678
22.983,21.679
24.833,24.718
23.935,23.518
21.824,20.484
26.795,24.307
20.694,20.16
22.814,22.698
23.191,22.875
22.643,22.398
26.297,25.983
25.65,25.231
22.995,22.785
20.496,20.357
24.176,24.053
21.282,21.11
26.103,25.482
23.805,23.674
24.214,24.054
21.623,20.18
22.78,22.089
25.47,25.016
26.653,26.124
25.277,24.78
23.894,23.391
24.263,23.849
20.577,19.537
23.668,22.888
21.972,21.567
22.906,23.066
23.163,21.182
26.126,25.438
26.42,26.082
24.444,24.037
25.148,25.069
25.113,24.717
22.335,21.153
20.331,20.0
25.951,25.783
25.365,25.198
22.395,22.061
26.591,26.307
26.937,26.528
23.232,22.709
25.431,25.224
24.446,24.031
23.996,23.245
24.285,23.633
22.101,20.939
23.844,23.378
23.243,23.086
26.521,25.97
25.611,23.008
24.641,23.718
20.762,20.202
26.937,26.604
26.383,24.303
20.087,19.876
23.535,22.597
23.777,23.553
26.733,26.323
24.405,24.154
25.572,25.456
26.562,24.138
24.821,22.951
25.07,24.671
24.336,23.878
20.188,19.984
26.133,24.469
25.714,25.254
25.685,25.34
25.535,24.601
22.553,22.389
24.941,24.862
26.039,23.653
24.758,23.288
23.865,22.107
25.648,25.179
24.616,24.528
26.132,25.872
25.772,25.347
24.318,24.061
22.63,21.645
23.83,22.413
19.574,18.794
26.14,25.623
26.408,25.819
26.683,26.353
26.851,26.418
24.244,22.857
25.775,25.621
21.973,19.77
24.155,22.997
17.361,17.238
23.602,23.239
22.682,22.488
21.175,19.891
23.475,21.742
21.363,20.237
26.039,25.386
23.888,22.535
26.911,24.39
23.817,23.542
24.792,24.517
25.905,23.583
20.899,20.811
26.602,26.109
21.488,19.632
18.82,18.467
25.692,24.25
25.108,24.611
23.377,23.229
25.237,25.098
25.456,24.123
24.248,24.004
21.025,20.882
19.836,19.645
25.778,25.479
10.423,10.175
23.844,23.691
25.113,24.696
26.972,26.817
26.289,25.938
26.191,25.968
26.61,25.973
24.187,24.075
25.798,23.856
25.975,25.526
20.371,19.996
25.591,25.193
26.553,26.112
25.399,25.062
25.62,25.242
20.162,20.033
24.774,24.48
21.679,20.261
26.895,26.567
24.769,23.558
26.083,25.456
26.152,25.613
26.85,26.637
26.975,26.24
26.612,26.405
23.857,23.315
26.719,24.394
24.616,22.617
23.422,21.48
26.811,26.304
26.868,24.619
22.23,21.885
23.293,23.135
26.617,25.735
22.216,21.341
25.446,24.349
24.384,23.864
16.954,16.718
26.956,26.362
24.518,24.114
16.695,16.211
24.948,24.674
25.028,23.259
26.742,26.305
26.187,25.693
25.454,25.038
24.177,23.906
25.458,24.206
24.99,24.428
25.446,24.868
24.41,23.427
26.38,25.903
25.221,24.682
25.402,24.96
26.747,26.131
24.836,24.446
23.773,23.624
18.688,18.55
22.462,21.942
24.327,24.017
26.526,26.078
15.908,15.609
25.787,25.554
26.795,26.629
25.651,24.607
26.092,25.963
24.464,24.381
21.616,20.796
22.116,21.777
22.857,21.981
26.662,25.969
25.872,25.44
24.93,22.789
26.313,25.903
22.847,22.752
14.426,14.361
24.725,24.408
19.633,19.518
26.293,26.046
25.877,25.533
26.299,25.664
22.907,22.446
21.638,21.286
24.685,22.904
26.387,26.108
25.955,25.706
24.124,23.808
22.252,21.716
26.186,25.724
24.68,23.077
23.507,22.974
25.676,23.788
26.547,26.149
24.213,23.925
25.084,24.958
16.666,16.539
25.456,24.767
22.699,22.499
25.598,24.447
26.175,25.961
21.06,20.87
26.254,25.69
20.093,20.011
26.43,26.093
25.891,25.706
26.428,25.921
25.234,24.695
25.402,25.065
26.168,23.603
22.818,22.557
24.888,24.791
25.882,25.089
26.545,26.119
26.473,25.519
26.662,26.728
25.631,25.175
26.681,26.481
26.581,26.199
26.821,26.553
26.343,26.241
26.445,25.561
25.317,24.801
26.38,25.813
25.486,24.644
26.429,25.992
25.762,25.331
24.906,24.518
25.54,25.372
26.539,26.223
24.498,22.433
23.186,22.501
25.622,25.235
25.676,25.161
26.911,26.449
21.756,21.399
24.311,23.534
25.447,23.367
24.166,23.195
24.535,23.67
25.871,24.496
23.912,23.583
24.948,23.974
26.959,26.492
20.581,19.379
26.415,26.273
23.25,21.811
26.758,26.241
25.168,24.67
25.792,25.371
25.905,25.588
21.833,20.649
23.509,22.515
25.417,24.966
23.774,23.019
25.148,24.748
25.088,24.655
25.916,25.442
23.81,23.337
25.336,25.217
21.816,21.635
26.665,26.122
22.799,22.649
17.021,16.893
17.706,17.261
26.815,26.342
26.679,26.017
23.731,23.339
19.253,17.729
26.854,26.443
20.303,20.098
21.884,21.086
26.995,26.592
25.323,24.92
21.884,20.848
24.515,23.953
23.826,23.459
24.27,23.851
25.942,25.473
24.898,24.101
23.803,23.728
21.327,21.021
15.965,15.778
24.567,23.761
23.178,21.706
25.578,25.129
24.931,24.34
25.882,25.741
23.66,22.566
26.945,26.263
23.769,21.961
26.6,24.881
23.305,22.33
26.492,25.738
21.193,20.055
26.876,24.664
23.533,22.707
25.42,24.593
25.489,25.367
22.732,22.596
26.31,26.035
23.967,23.568
26.853,26.47
26.12,25.778
23.666,23.403
21.932,21.73
20.733,20.553
26.001,25.88
24.97,24.577
22.131,21.526
26.68,26.266
20.006,18.887
20.688,20.245
26.711,26.576
21.331,21.222
26.677,26.023
26.056,25.872
20.924,20.852
26.112,25.66
26.093,24.796
25.196,23.394
21.639,21.255
26.967,26.766
25.496,23.169
21.25,20.806
26.478,26.092
24.952,24.842
24.81,24.321
24.641,22.479
25.131,23.648
26.455,26.107
20.066,19.772
14.656,14.549
22.173,21.316
21.787,21.696
25.448,25.133
26.946,26.386
26.347,25.95
24.21,23.813
26.731,26.259
25.989,25.3
20.411,18.325
16.174,16.064
21.959,20.029
19.793,18.118
20.91,20.525
23.239,23.044
25.525,25.014
21.704,21.35
22.183,22.057
24.897,24.424
24.478,22.46
24.291,24.046
23.585,22.585
23.748,23.545
25.231,22.633
25.841,25.586
24.986,22.772
26.409,25.768
20.948,19.425
25.773,24.983
23.363,23.069
25.503,25.007
25.733,25.369
22.646,22.022
19.713,19.339
24.632,24.503
26.486,25.996
20.69,20.404
26.558,26.359
26.645,26.097
23.433,23.099
26.03,25.609
26.658,26.42
18.915,17.918
23.484,22.922
25.586,24.759
25.594,25.108
21.75,20.383
25.46,24.803
24.795,23.208
24.694,24.462
24.428,24.165
26.267,26.116
24.158,23.714
24.143,23.875
23.36,22.362
24.834,24.702
24.696,24.228
26.304,25.797
21.451,20.736
23.571,23.484
20.356,20.27
26.075,24.378
26.788,26.44
26.846,26.59
26.022,25.683
25.886,24.672
25.561,24.63
24.785,24.68
23.796,23.435
21.581,21.464
24.727,22.952
25.098,24.004
26.269,25.679
24.568,24.173
24.811,24.318
23.136,21.75
24.162,23.874
24.512,24.09
15.621,15.217
24.453,23.936
20.599,20.52
21.461,20.808
20.682,19.304
20.774,19.17
24.538,23.829
25.957,23.738
23.741,23.078
23.617,23.258
25.266,24.767
25.504,24.704
22.818,22.414
24.938,24.398
26.829,26.518
24.198,22.702
22.805,21.799
26.066,25.273
25.456,25.015
25.57,25.477
25.649,25.478
24.656,23.631
26.77,26.296
25.689,25.28
20.519,19.884
24.667,22.902
25.886,25.647
25.453,25.329
25.689,25.453
22.149,19.732
23.236,22.918
17.71,17.537
25.897,25.562
26.695,26.237
25.792,25.702
26.283,25.268
26.717,26.453
26.2,25.497
22.66,22.414
24.388,24.258
25.697,25.215
24.512,24.137
24.564,23.625
22.677,21.489
26.35,25.963
20.297,19.594
24.444,24.048
24.148,23.215
25.34,25.199
20.291,20.108
24.888,24.617
21.194,20.989
21.846,19.869
26.453,26.03
20.69,19.974
22.147,22.04
22.543,22.451
25.589,25.376
26.21,26.07
24.359,23.977
26.509,26.234
26.865,26.457
25.888,25.599
23.189,21.994
25.158,24.823
23.693,23.156
23.466,21.905
25.475,25.062
26.664,26.341
24.927,23.499
24.798,22.66
25.686,23.942
25.661,25.162
25.402,24.678
26.08,25.584
22.93,21.632
25.469,25.171
23.251,22.824
23.908,23.403
26.143,25.698
25.905,25.575
25.833,25.386
26.907,26.497
19.443,19.311
16.83,16.711
16.181,16.062
23.407,23.217
21.937,20.404
24.874,24.742
24.338,23.98
26.624,26.053
23.804,22.508
22.644,21.419
25.412,25.299
24.375,24.272
25.689,23.453
14.26,14.151
23.922,23.766
18.42,18.297
26.122,25.633
19.848,19.022
23.195,22.94
26.066,24.212
25.348,25.066
25.904,25.364
25.816,25.405
26.664,26.111
22.021,21.075
17.447,17.148
20.925,19.977
22.113,22.042
22.168,21.151
23.477,23.342
26.821,26.318
26.912,26.589
25.853,24.482
26.416,26.072
26.901,26.505
19.954,18.969
26.848,24.861
26.587,26.452
26.28,23.752
26.862,26.515
19.65,19.552
26.94,26.413
25.417,24.801
24.328,23.917
26.788,26.379
24.32,23.934
26.481,26.168
24.742,24.217
25.94,25.51
26.735,26.352
22.978,22.891
25.705,25.115
24.575,23.817
26.166,25.761
26.272,25.8
19.937,18.942
21.588,20.584
23.888,23.577
26.563,24.079
20.615,20.532
23.969,23.784
26.485,26.054
22.957,22.836
26.395,26.078
24.469,24.209
21.817,20.928
22.212,21.852
24.324,24.017
26.541,25.089
25.709,25.314
21.737,21.357
23.272,23.527
24.317,23.657
26.133,25.798
25.23,25.147
21.804,21.651
26.502,25.633
23.27,22.867
24.414,24.055
26.7,26.101
26.953,26.427
25.238,24.878
19.376,18.652
23.8,23.675
13.52,13.261
23.929,23.803
25.372,25.167
24.941,24.68
26.166,25.613
26.193,25.947
21.656,21.38
22.297,22.239
26.14,24.059
21.063,20.926
24.978,24.562
24.295,24.032
23.372,22.979
23.443,23.05
23.145,22.9
22.767,21.365
25.31,24.802
26.749,26.446
26.12,25.705
25.028,24.504
25.364,25.002
25.901,25.8
26.919,26.392
22.311,22.166
26.284,26.02
24.617,24.237
26.04,25.566
21.914,20.549
25.961,25.831
24.028,23.856
26.228,25.862
26.511,25.905
24.6,24.241
23.789,23.652
17.527,16.936
25.409,25.012
23.011,22.588
26.389,26.089
21.108,21.019
24.105,23.565
25.568,23.133
11.477,11.21
25.689,25.317
26.044,25.353
23.215,22.063
24.832,24.406
25.786,25.708
24.376,23.79
24.08,23.616
25.777,25.289
25.576,25.194
24.369,24.284
23.123,21.345
25.709,25.215
26.33,24.806
18.261,17.749
26.238,26.023
22.26,21.068
26.132,25.791
21.638,20.542
23.781,23.62
26.97,26.433
17.472,17.242
25.308,25.181
15.384,15.222
24.504,24.335
23.426,22.505
25.06,24.618
26.309,26.392
25.053,24.649
22.906,21.676
24.53,24.217
22.401,21.682
24.067,23.548
23.2,21.593
23.329,23.091
25.636,23.311
26.39,25.985
26.412,25.925
26.646,26.184
24.426,24.331
22.35,22.024
24.012,21.681
25.36,25.057
22.559,22.474
23.334,22.882
26.498,26.169
21.921,21.77
23.355,23.29
26.551,26.075
25.868,25.545
24.936,24.788
23.366,22.839
26.832,26.601
26.14,25.611
23.347,22.932
21.986,20.158
24.58,23.454
26.927,26.305
23.459,23.382
25.322,24.827
25.389,24.789
26.082,24.869
26.146,25.982
21.13,20.775
23.549,22.945
20.819,20.285
25.043,24.44
26.944,26.655
26.178,25.637
24.318,23.887
26.551,26.036
19.926,19.838
23.653,22.368
26.865,26.486
24.942,24.552
23.926,23.879
26.051,25.531
25.198,24.706
21.392,21.187
25.47,24.671
25.172,24.697
23.798,23.409
19.232,19.038
25.098,24.956
18.763,17.798
25.529,25.048
24.359,23.925
25.512,25.263
24.099,23.781
23.031,21.919
26.601,26.183
24.765,24.3
24.621,23.997
20.193,19.52
24.886,24.751
26.063,25.151
24.519,24.443
23.141,21.422
25.057,22.919
25.705,25.233
18.366,17.678
25.77,25.602
26.256,26.019
24.388,23.039
25.682,24.871
21.086,19.821
25.283,24.961
24.764,24.613
24.766,24.404
17.579,16.187
24.59,23.024
24.786,24.283
26.961,26.463
17.854,17.216
23.204,21.468
24.408,23.991
22.424,20.932
22.636,22.288
21.887,20.863
20.814,20.744
23.715,22.78
26.23,25.85
23.798,23.102
25.263,24.892
26.794,25.99
22.614,21.808
23.047,22.813
26.033,25.685
25.837,24.073
25.629,25.211
25.953,25.543
23.254,23.109
23.159,23.064
26.649,26.376
26.281,25.822
21.433,20.51
23.832,22.285
26.681,26.542
26.016,25.74
24.842,24.405
24.907,24.771
22.589,22.093
15.418,14.712
25.654,25.294
26.866,26.672
20.324,19.66
26.036,25.405
21.649,20.165
22.686,21.14
23.817,23.649
26.861,26.356
22.223,20.633
24.936,22.793
26.182,25.192
25.741,25.304
25.831,25.506
26.493,26.005
25.46,24.688
21.65,20.212
26.99,26.233
22.424,21.304
23.572,23.453
26.117,25.309
21.675,20.643
26.248,25.2
26.987,26.534
26.418,25.932
26.417,25.928
25.503,25.203
24.237,23.486
16.201,16.033
26.663,26.097
25.445,24.537
22.496,22.278
24.027,23.544
22.028,20.309
26.533,26.219
25.074,23.108
17.627,17.47
26.513,26.305
24.438,24.243
18.214,18.144
26.555,26.262
22.422,22.166
23.353,23.092
22.765,21.483
26.732,26.307
18.074,17.856
22.554,20.358
26.471,26.21
24.038,23.649
21.434,20.932
22.904,21.302
24.478,24.015
26.595,26.416
26.915,26.231
23.659,22.272
19.258,19.144
20.519,19.95
25.563,23.593
19.149,18.571
26.582,25.999
22.752,22.312
26.738,26.19
26.477,25.933
23.218,22.895
24.384,24.233
22.313,22.238
24.753,23.736
26.353,25.928
23.475,23.231
22.102,21.862
26.603,26.418
22.006,20.47
26.513,24.271
22.31,21.554
26.172,25.72
24.711,24.263
25.896,25.459
25.189,24.099
26.928,26.507
24.697,24.611
16.888,16.771
23.395,22.933
19.562,19.342
19.694,19.124
19.0,18.592
25.263,25.207
23.14,21.601
26.531,24.46
18.558,18.466
23.909,23.323
26.27,24.761
21.992,21.714
26.335,26.204
19.972,18.923
24.728,24.211
26.189,25.709
23.441,22.873
25.489,24.971
26.879,25.805
23.666,23.457
25.236,24.862
26.631,26.029
18.502,18.289
25.718,25.384
23.953,23.847
26.348,26.091
25.742,25.453
22.401,22.288
23.107,22.874
25.08,24.689
26.658,26.943
24.066,23.832
22.703,20.961
23.509,23.439
22.675,22.501
25.578,25.33
18.296,18.109
26.268,25.798
26.08,24.925
26.838,26.452
16.087,15.83
24.925,24.549
21.795,20.427
26.983,26.396
22.572,21.264
26.1,25.487
24.184,23.804
24.003,23.783
25.382,24.983
26.167,25.649
24.017,22.509
26.064,25.773
25.126,24.893
23.936,22.929
26.431,26.013
23.539,22.315
25.744,24.947
24.645,24.41
24.65,24.124
23.282,23.171
25.366,24.724
23.338,23.057
26.664,26.15
20.553,20.434
26.001,25.612
24.822,23.872
21.937,21.665
25.682,25.199
22.613,22.511
22.087,21.914
26.672,25.943
23.206,22.454
26.682,24.586
26.39,26.142
24.653,23.253
21.126,21.036
25.349,24.808
18.817,17.775
25.657,25.319
24.01,21.582
26.818,26.548
26.871,26.474
26.593,26.202
25.907,25.475
21.873,21.409
25.095,24.727
24.891,24.449
21.699,20.349
26.838,26.454
24.111,23.515
22.779,22.468
23.739,23.676
22.032,20.604
24.767,23.894
21.509,20.97
25.279,24.796
21.119,20.09
26.447,26.14
25.627,25.455
21.687,19.671
26.134,26.022
25.363,25.086
25.282,24.741
22.016,21.91
22.965,22.118
24.537,22.647
21.846,21.515
26.681,26.239
15.254,15.179
26.937,26.525
25.808,25.646
24.123,22.061
24.256,23.53
24.024,21.979
26.168,25.708
25.505,24.134
25.318,24.922
22.086,21.21
26.716,25.827
25.508,24.946
24.469,23.326
26.348,25.646
24.191,22.598
24.801,22.421
22.269,22.153
26.627,26.301
24.295,22.183
26.073,23.831
25.757,25.614
25.052,24.518
25.167,24.612
25.834,25.336
23.984,23.669
25.265,24.894
21.414,19.879
26.459,25.982
20.812,20.58
26.93,25.921
25.745,25.231
24.403,24.315
25.593,23.782
26.434,24.253
26.609,26.453
25.975,25.59
26.48,26.509
26.046,25.59
20.76,20.248
21.591,21.28
23.036,22.896
23.78,23.531
25.173,24.523
25.748,24.947
24.839,23.374
25.491,25.053
25.958,25.75
25.789,26.037
24.513,24.143
21.797,20.411
22.723,22.492
22.71,22.556
25.197,25.072
21.782,21.54
26.314,26.101
23.8,23.32
21.375,20.688
24.406,24.097
17.575,17.45
24.634,24.201
26.314,25.895
21.66,21.38
25.16,23.729
26.94,26.381
21.947,21.272
25.927,24.448
24.819,24.653
23.597,22.251
25.839,25.448
26.813,26.205
25.264,25.046
18.786,18.442
25.335,24.938
21.664,20.091
25.518,25.133
24.595,22.656
23.933,22.725
22.84,21.644
24.963,24.561
22.497,22.013
23.339,22.93
24.442,22.623
23.986,23.012
24.47,23.306
23.727,22.527
24.128,23.731
26.219,25.73
24.127,23.596
24.312,23.77
26.275,25.821
21.886,20.335
26.594,26.255
17.933,17.51
19.983,18.487
24.142,23.743
26.551,26.212
26.539,26.08
23.581,22.356
26.532,26.394
26.065,23.935
23.124,22.299
16.727,16.543
23.264,22.929
25.999,25.599
25.4,24.77
26.623,26.219
25.162,24.877
26.705,25.722
25.039,24.696
25.087,24.558
25.412,24.942
26.633,26.129
24.837,22.886
24.47,23.676
24.72,24.338
24.563,24.272
25.454,24.376
22.627,22.174
21.759,20.928
25.163,23.042
24.567,24.089
24.071,23.741
23.051,22.858
20.911,20.52
25.91,25.797
22.83,22.571
19.18,19.079
22.617,22.555
26.116,25.518
20.132,19.734
24.575,23.711
20.777,20.492
26.701,26.31
22.761,22.657
25.984,25.747
26.966,26.429
19.649,18.764
26.9,25.083
26.038,25.495
26.513,26.203
24.09,22.389
25.497,25.085
22.822,23.075
22.905,22.043
26.28,26.145
22.767,21.5
20.99,20.882
26.423,25.954
26.23,24.327
25.211,24.808
26.706,26.526
22.404,21.452
15.121,14.805
23.297,22.936
26.001,25.684
23.9,23.741
26.209,25.339
25.478,23.757
26.65,24.467
20.76,20.217
26.684,26.327
26.428,25.86
25.052,24.596
21.327,20.885
23.072,22.519
25.607,24.932
24.587,24.203
26.286,25.825
25.041,24.779
24.612,24.456
14.789,14.544
24.45,23.448
25.601,23.864
22.321,21.276
23.736,23.417
24.079,23.09
25.769,24.977
25.528,25.433
26.416,24.468
26.403,25.982
26.687,26.098
24.627,24.312
21.242,20.76
23.925,23.605
25.285,24.323
25.085,24.641
22.719,21.397
18.749,17.918
26.593,25.92
21.167,20.422
25.173,23.064
24.823,24.41
20.778,20.401
21.627,21.549
26.848,26.651
24.677,24.524
20.146,19.814
21.8,20.823
24.463,24.027
26.413,25.502
25.994,23.955
20.941,20.181
24.093,21.922
23.966,23.555
19.759,19.707
22.288,20.541
22.701,21.896
26.528,25.944
25.89,25.445
26.754,26.312
26.12,25.508
25.422,24.993
23.908,23.621
26.899,25.924
21.345,21.015
24.734,24.344
21.433,21.27
24.444,22.964
24.492,24.043
25.266,24.8
26.405,25.985
23.42,22.126
25.612,25.54
24.688,24.178
19.482,18.287
23.224,21.607
26.378,25.383
25.0,22.934
25.111,24.595
26.791,26.302
24.431,24.189
26.854,26.48
26.755,26.085
26.476,26.24
24.188,22.232
25.722,25.22
25.385,25.146
26.479,26.109
24.99,23.336
19.43,19.362
25.149,24.023
25.691,24.976
26.567,26.18
26.894,26.415
21.522,21.165
26.997,26.411
26.795,26.139
26.248,25.572
18.85,18.777
25.783,25.575
24.015,21.924
18.415,17.7
24.055,22.867
25.803,25.38
26.414,25.861
24.738,24.541
23.576,23.499
21.184,20.035
15.746,15.647
26.84,26.467
23.138,22.705
25.76,24.049
24.582,23.759
23.404,23.284
26.886,26.344
23.191,21.924
20.294,19.555
25.041,24.937
22.806,22.207
25.556,25.487
20.578,20.351
25.26,24.816
25.943,25.453
22.232,21.113
24.887,24.468
25.632,25.025
23.086,22.049
26.961,25.005
26.833,26.529
25.962,25.44
25.863,25.654
25.895,25.499
16.545,16.276
25.0,23.254
26.565,26.135
26.709,26.359
22.75,22.08
26.13,24.751
26.674,26.145
25.95,25.559
20.831,20.41
25.022,24.22
26.93,26.377
21.448,20.222
23.439,22.871
26.848,26.281
21.612,20.968
25.032,23.644
26.635,26.261
26.188,26.091
24.933,24.45
25.575,25.098
26.666,26.248
25.354,25.286
26.592,26.182
24.663,24.464
25.385,25.09
26.818,26.405
25.645,25.578
19.58,19.503
26.591,26.018
24.982,24.632
22.626,22.371
23.124,22.933
18.732,18.42
26.63,24.977
19.454,19.377
25.53,25.422
19.393,18.801
23.663,23.347
25.393,25.153
24.111,22.784
25.577,25.214
24.933,23.617
24.444,24.0
26.6,26.012
23.666,23.591
24.48,24.096
25.881,25.46
23.611,22.423
25.887,25.273
23.872,22.681
22.854,21.119
25.692,25.273
23.642,23.378
23.854,23.762
25.437,25.007
25.639,25.324
24.706,24.208
26.521,26.396
26.301,25.923
25.674,25.291
25.359,24.933
26.914,26.475
23.863,22.586
26.527,25.943
26.861,26.598
26.895,26.386
25.463,25.063
24.375,24.079
17.231,17.046
25.106,23.358
25.548,24.483
25.907,25.682
23.513,23.314
22.541,22.441
24.823,24.395
26.48,26.003
23.302,21.533
23.304,23.155
24.017,23.617
25.227,24.943
26.132,26.023
26.543,26.123
24.976,24.305
23.708,22.062
22.253,22.106
21.982,21.618
26.396,26.053
25.896,25.578
22.737,21.562
21.104,20.71
26.411,26.019
23.253,23.107
20.369,19.528
25.059,23.962
25.927,24.105
23.25,22.059
20.985,20.082
25.642,25.162
26.617,26.212
26.026,25.236
23.633,23.097
25.806,25.377
22.765,22.642
26.117,26.227
20.017,19.201
21.247,20.341
20.807,20.706
21.26,20.152
24.057,23.678
26.599,26.045
24.129,23.546
23.986,23.326
22.165,20.706
24.227,23.796
21.69,20.382
24.73,24.473
22.995,22.784
26.31,25.935
24.611,24.161
26.222,26.077
23.881,23.49
26.358,26.08
24.891,24.358
26.147,25.598
19.866,18.354
25.58,25.11
24.74,24.176
26.264,26.118
26.763,25.27
23.987,22.415
23.326,23.151
19.528,19.466
26.042,25.604
25.224,24.244
19.312,18.575
24.14,23.88
26.953,25.071
17.046,16.944
22.094,20.645
23.274,22.82
24.895,24.179
26.491,26.003
17.978,17.004
21.178,19.663
26.531,26.071
22.166,21.923
25.653,25.194
24.951,24.896
25.472,24.831
19.306,18.575
22.548,21.463
21.061,20.137
26.976,26.486
24.705,24.036
25.928,25.658
23.204,21.83
22.664,22.567
24.98,23.894
20.232,19.95
25.749,23.155
24.935,23.688
26.716,26.22
24.278,22.921
20.961,20.36
25.242,24.615
25.44,25.101
17.213,17.057
25.91,25.746
25.668,25.444
26.612,25.626
23.527,23.28
23.098,21.99
24.886,24.479
22.503,20.934
25.025,24.715
24.105,23.064
26.862,26.455
24.587,24.44
26.016,25.841
24.515,24.187
17.508,17.151
26.918,26.677
24.411,24.215
26.1,25.086
25.893,23.639
26.23,25.52
18.959,18.516
23.393,23.283
26.665,26.187
25.277,25.089
24.766,24.1
24.763,24.703
25.407,25.133
22.072,21.874
25.558,24.983
25.413,25.089
26.837,26.685
25.109,24.851
26.9,26.403
23.924,22.819
24.919,24.464
25.436,25.213
24.942,24.565
25.495,25.202
26.269,25.874
22.083,21.304
21.101,20.914
20.372,19.663
26.821,26.647
26.389,24.088
21.468,21.209
23.414,23.041
23.215,22.701
23.255,22.825
26.671,26.234
25.086,24.596
21.694,21.38
24.704,24.084
26.272,26.036
24.964,24.76
26.146,25.479
25.407,24.95
26.982,26.647
25.684,25.478
22.223,21.855
22.364,22.283
25.139,24.802
26.441,26.258
26.381,25.92
20.672,20.509
26.455,26.276
17.954,16.799
25.537,23.173
24.57,24.471
23.829,23.615
24.481,24.188
21.435,21.158
18.449,17.381
25.862,25.338
26.655,24.285
24.244,24.012
22.638,22.211
23.768,23.302
26.006,24.914
22.706,22.629
25.371,23.103
26.277,25.963
24.25,24.096
20.719,20.587
23.133,22.493
25.324,25.257
24.954,24.775
22.83,22.68
26.05,25.789
23.92,22.653
25.379,25.138
26.743,26.317
20.393,20.32
26.717,26.202
21.745,21.442
26.123,25.128
26.577,26.21
26.618,26.137
23.807,22.489
26.986,26.82
25.197,24.406
23.358,22.556
26.991,26.309
25.826,25.593
21.315,19.882
21.551,21.469
21.565,21.02
25.908,24.572
26.378,26.117
26.535,26.097
25.507,25.048
25.445,25.389
26.94,26.413
25.468,25.092
21.578,20.95
26.911,26.437
26.825,26.625
26.341,25.464
24.711,24.494
26.334,26.221
17.732,17.589
26.5,26.118
26.28,25.755
21.141,20.784
24.496,23.799
26.057,25.551
26.511,26.13
19.983,18.878
19.186,18.991
17.635,17.338
26.288,25.98
26.675,26.333
20.446,19.49
26.278,25.926
24.077,23.709
25.733,25.477
20.006,19.752
25.717,25.276
25.587,25.223
25.447,25.227
23.8,23.425
22.852,22.518
26.583,25.585
24.175,22.53
22.676,22.259
26.398,24.799
26.249,25.593
17.96,17.996
26.204,25.82
23.053,22.91
26.262,25.951
26.911,26.042
23.352,22.77
25.725,25.433
26.768,26.293
25.754,25.354
21.085,20.474
24.604,24.468
21.987,21.205
24.948,23.45
26.344,26.18
26.559,24.067
26.799,26.028
25.929,25.518
24.899,24.616
24.955,24.732
25.432,23.408
24.923,23.518
26.074,25.574
24.203,23.331
21.674,21.314
24.973,24.721
21.09,20.887
21.049,20.628
26.534,26.102
24.898,23.947
26.206,25.93
22.166,21.038
24.262,22.217
26.99,25.806
25.046,24.61
25.23,24.643
21.08,20.759
26.136,25.653
25.448,23.958
22.909,21.713
24.449,24.247
23.542,23.322
24.366,24.149
20.842,20.707
25.956,25.534
26.217,25.735
25.092,24.591
25.613,25.037
23.042,22.965
15.951,15.831
26.246,25.818
23.867,22.35
26.175,25.679
23.823,21.861
26.158,25.753
25.474,25.1
24.474,23.984
26.813,26.331
23.934,23.777
22.843,21.113
26.342,26.223
26.057,25.652
21.301,20.383
24.59,22.489
23.423,23.179
25.45,24.513
23.728,23.435
25.673,25.223
24.472,22.333
26.817,26.13
23.631,22.724
22.162,21.715
17.321,17.066
25.966,25.574
26.002,25.914
22.986,22.662
26.755,26.509
25.826,23.694
25.379,25.194
22.381,22.065
23.233,23.009
23.555,22.252
25.51,25.209
21.622,21.507
26.677,26.307
23.957,22.566
25.85,25.478
23.606,23.155
21.471,21.329
25.452,25.04
25.296,25.223
18.833,18.649
23.798,23.39
26.44,26.213
24.764,23.431
26.797,26.302
21.379,20.4
26.809,26.566
25.252,24.868
19.91,18.672
25.31,23.569
20.403,20.2
25.567,25.039
23.41,22.474
25.95,25.508
23.279,21.548
23.565,23.339
21.903,21.531
25.14,25.041
22.585,22.199
26.464,25.935
25.887,25.58
24.357,23.966
24.091,23.309
24.806,24.59
24.972,24.644
25.366,25.012
22.033,21.853
21.871,21.605
21.874,20.745
26.179,25.437
22.275,21.279
26.552,26.24
22.817,21.081
22.969,22.516
23.573,22.167
20.988,19.4
26.027,25.918
26.877,26.724
25.353,25.037
23.985,21.739
26.145,25.943
26.798,26.325
21.42,20.326
23.844,23.737
22.198,21.746
25.939,24.14
25.833,24.95
21.816,20.516
24.353,23.965
21.432,20.415
24.357,24.159
21.691,21.586
23.613,23.172
23.009,21.917
23.23,21.457
26.095,24.381
25.368,25.187
20.432,19.605
23.131,22.72
23.316,21.322
25.042,24.509
24.436,24.36
26.404,25.935
26.666,25.78
16.737,16.246
26.615,26.398
23.344,23.167
24.059,21.881
26.709,26.352
25.601,23.195
16.626,16.459
21.427,20.887
25.092,24.641
24.897,24.423
24.588,24.089
26.677,25.977
21.924,20.283
26.986,26.589
26.85,26.388
26.099,25.705
24.214,24.133
25.034,24.699
24.301,23.365
26.575,24.381
26.73,25.005
23.325,21.993
26.311,26.2
16.091,15.861
24.658,23.438
26.678,26.037
25.419,24.216
25.381,24.951
24.204,23.937
17.186,17.116
19.292,18.349
25.672,25.522
24.217,23.699
21.907,20.785
26.531,26.063
26.831,26.232
25.963,25.849
24.706,23.508
25.649,25.201
22.025,20.508
25.452,25.07
23.175,21.802
22.402,20.429
26.778,26.648
25.842,25.224
20.625,19.73
26.457,26.019
25.872,25.538
23.952,23.532
25.416,24.929
25.478,24.854
23.43,22.696
25.327,25.175
21.422,21.347
25.903,24.051
22.371,22.27
20.666,20.59
24.816,24.404
25.363,24.367
26.58,24.179
22.18,21.97
25.136,24.611
23.781,23.452
26.887,26.528
26.988,26.505
23.574,23.162
23.685,23.583
25.671,24.708
26.402,25.898
22.404,22.301
25.806,23.277
26.454,25.975
26.391,26.127
25.71,25.601
26.858,26.041
26.288,26.048
26.647,26.29
20.532,20.15
22.447,22.042
25.925,25.516
17.39,16.998
24.431,24.265
22.778,22.655
25.042,24.529
21.647,20.18
20.416,20.166
26.45,25.935
23.46,22.936
26.852,26.424
25.718,25.172
26.08,25.712
26.485,24.688
25.401,24.936
26.437,25.877
25.145,24.667
21.737,21.039
25.41,25.1
26.478,25.957
16.424,16.216
25.166,24.581
25.482,25.161
24.349,23.607
25.907,25.569
22.673,22.239
22.725,21.945
26.475,26.144
24.883,24.796
22.783,22.483
24.358,23.782
24.276,24.013
25.397,25.273
25.043,24.876
21.211,20.416
23.626,21.857
23.725,22.39
22.697,21.826
26.381,24.192
23.451,23.294
23.964,23.875
26.74,26.299
25.875,23.375
23.981,23.58
23.145,22.537
25.501,25.079
18.827,18.632
19.961,19.858
25.15,23.299
25.068,24.658
23.815,22.765
25.817,25.244
25.279,24.807
26.88,26.309
21.384,21.163
24.214,22.618
26.851,26.41
25.636,24.997
25.753,25.163
25.845,25.272
22.628,22.443
21.822,20.276
22.464,22.384
25.602,25.519
26.969,26.65
24.741,24.186
25.228,22.645
26.182,25.731
26.71,24.56
26.212,25.844
25.919,25.522
23.663,23.434
25.329,23.713
25.807,25.683
26.85,26.42
23.841,23.482
22.0,21.601
18.86,17.55
26.939,26.436
26.994,26.641
26.966,25.143
26.082,25.33
22.436,20.587
22.569,22.076
24.078,22.888
20.543,20.435
24.119,22.483
23.174,23.098
22.785,22.235
19.145,19.053
25.964,23.541
24.969,24.877
22.686,22.266
25.567,23.547
25.343,25.259
19.237,19.138
22.294,21.236
24.256,22.801
26.296,25.847
23.696,23.57
23.217,23.092
26.602,26.088
24.172,23.665
21.3,20.659
23.545,22.219
22.3,21.324
25.317,24.976
24.135,24.063
25.8,25.339
26.684,26.444
20.418,20.005
25.09,24.629
26.27,24.701
25.778,25.379
15.376,15.292
25.188,25.04
25.137,24.724
26.707,26.444
24.192,23.613
19.926,19.718
26.17,25.525
24.15,23.991
25.511,24.93
26.689,24.688
24.255,23.742
26.32,25.797
25.791,25.293
26.826,26.354
25.021,23.717
23.907,22.531
24.732,24.322
20.17,19.057
21.925,20.411
25.922,25.434
25.078,24.859
24.363,23.914
21.553,20.547
22.871,20.887
23.557,23.274
18.656,18.17
26.767,26.126
26.377,26.042
26.645,26.305
22.445,21.803
25.299,23.603
26.098,25.719
18.502,18.418
26.016,25.55
26.77,26.526
24.804,22.539
21.881,20.852
24.942,24.44
22.015,21.72
26.955,26.523
24.686,24.522
21.986,21.088
24.207,23.896
25.652,23.889
22.391,21.027
23.1,22.982
24.737,23.988
26.437,25.802
26.594,26.108
23.807,23.603
20.22,19.988
24.016,23.819
26.58,26.372
24.247,21.735
26.056,25.572
22.717,22.312
26.805,26.51
24.976,24.659
23.624,23.071
26.51,25.915
23.037,21.34
25.712,25.319
26.828,26.47
25.587,25.11
20.787,20.139
23.977,23.426
17.909,17.823
19.005,18.929
24.124,23.943
24.921,23.495
22.615,22.436
20.5,19.414
19.704,19.154
14.481,14.375
15.429,15.166
25.332,25.064
21.036,19.871
26.451,25.999
26.583,26.09
23.52,22.531
25.599,25.505
26.071,25.72
23.765,22.6
26.508,26.259
24.514,24.013
20.398,20.057
23.342,22.077
23.177,22.465
25.689,25.273
24.25,23.804
25.544,25.033
26.915,26.29
25.016,24.697
25.899,25.476
26.176,25.585
25.572,25.307
25.782,24.573
23.918,23.165
26.478,25.765
23.641,21.698
22.159,22.063
26.785,26.271
23.111,21.864
25.567,24.682
23.369,23.173
20.157,19.13
24.952,24.555
25.256,25.04
23.468,23.337
24.688,23.183
24.21,22.203
25.507,25.273
25.201,24.98
26.399,25.07
26.24,24.119
25.178,25.069
24.319,24.097
21.587,20.696
26.806,26.658
24.902,24.04
23.352,23.141
25.94,25.461
25.2,24.886
25.344,23.934
24.384,23.912
26.375,26.098
26.585,26.022
25.129,24.695
22.903,22.606
26.572,25.948
24.614,24.425
23.279,22.828
23.282,23.182
25.627,25.007
26.191,26.038
26.549,26.009
25.419,25.082
26.136,25.9
26.502,25.97
21.482,20.637
25.445,25.131
19.868,19.178
26.55,25.941
21.248,20.927
24.481,24.353
26.173,25.46
22.101,21.937
25.372,24.983
21.107,19.904
25.282,24.894
23.35,23.255
25.143,24.714
24.449,22.7
20.944,20.195
16.012,15.699
26.127,25.757
16.76,16.565
22.896,21.472
18.884,18.561
23.942,22.347
19.474,18.624
25.036,24.554
25.265,25.002
25.374,24.736
25.157,24.996
21.034,20.952
25.784,25.651
21.056,20.966
23.215,22.838
21.996,21.672
26.317,26.224
21.013,20.942
23.633,22.643
25.125,24.827
23.642,23.224
22.992,21.474
24.151,23.724
24.984,23.384
26.002,25.527
26.884,26.534
26.191,25.759
25.197,24.889
26.587,26.029
26.85,25.947
18.851,18.634
23.816,22.057
25.675,25.586
23.502,21.771
25.846,24.073
26.445,25.913
19.851,18.571
23.756,22.297
19.133,18.131
26.21,24.819
25.598,25.348
24.473,24.312
24.998,24.45
26.704,26.168
24.315,23.077
24.184,23.789
26.771,26.123
26.458,26.073
23.26,22.907
26.691,26.124
24.278,22.704
26.873,26.397
20.737,19.341
24.22,24.08
24.364,23.818
19.788,18.641
20.756,20.68
16.932,16.077
25.489,24.619
23.685,23.496
25.404,24.813
26.603,26.152
17.186,17.082
23.639,22.905
26.166,25.659
24.807,24.323
24.013,23.633
25.808,25.473
21.567,21.484
24.767,23.973
24.3,24.098
25.162,24.555
20.464,20.166
23.647,21.76
24.336,23.952
21.98,21.902
24.742,23.709
26.959,26.608
26.383,25.813
24.042,23.848
26.198,25.848
18.702,18.284
25.671,25.213
20.743,19.586
25.903,25.48
26.985,26.309
26.499,26.058
24.976,23.045
19.245,18.299
25.51,25.144
16.162,15.741
25.334,23.808
24.616,24.147
25.191,24.074
26.823,25.739
26.189,25.633
26.619,26.435
26.728,26.286
25.174,23.719
24.3,21.919
26.731,26.242
20.421,19.41
26.978,26.637
21.818,21.468
16.444,16.251
21.02,20.079
22.436,22.162
24.452,23.238
25.605,24.817
22.904,22.705
23.587,23.307
25.298,24.844
25.215,24.958
25.258,24.896
24.827,24.206
26.829,26.558
17.036,16.878
19.678,18.658
24.129,23.919
25.268,24.71
20.927,20.748
25.716,25.58
20.108,19.918
26.236,25.735
24.228,23.873
16.873,16.228
26.7,26.232
21.308,20.122
21.96,21.231
21.368,20.721
24.708,23.349
25.206,22.553
22.539,22.262
25.563,25.135
20.79,20.56
24.779,23.401
25.075,24.621
24.684,24.522
25.793,23.989
24.379,23.965
23.943,22.678
25.453,24.959
21.732,20.184
26.368,25.345
26.676,26.459
22.278,21.902
21.563,21.419
24.625,24.323
25.674,23.771
25.843,25.691
26.744,26.207
20.849,20.053
23.197,22.754
24.353,22.873
22.252,21.485
24.269,23.876
24.429,22.879
24.613,24.325
25.884,25.32
24.217,23.286
25.621,25.033
24.199,23.634
22.818,22.625
20.81,19.967
22.604,22.426
25.633,25.225
23.897,23.773
25.119,24.93
22.287,21.318
26.982,26.442
24.977,24.46
24.561,24.337
23.028,22.708
24.935,24.693
25.432,24.869
13.637,13.55
25.864,25.772
24.623,24.104
22.91,21.129
26.905,26.413
25.879,25.411
25.724,25.099
26.232,25.057
26.707,26.289
25.885,25.348
25.962,25.589
26.16,25.705
24.65,24.576
24.088,22.442
21.808,21.592
23.423,22.008
25.365,25.266
25.458,25.357
16.423,16.312
25.597,24.917
24.442,24.015
26.184,25.862
24.561,23.632
21.747,21.533
26.118,25.517
23.696,23.295
23.145,22.765
26.144,25.978
21.337,20.386
26.648,26.243
14.299,14.247
25.856,25.269
23.668,22.438
25.679,25.038
23.946,23.843
26.162,24.334
22.599,21.838
25.452,25.02
19.617,19.499
21.387,20.533
24.024,22.841
20.511,20.355
26.382,25.959
21.935,21.41
24.716,23.464
26.971,26.486
25.149,23.996
26.152,25.407
23.154,23.056
25.969,25.466
17.769,16.905
21.74,21.355
25.666,25.431
26.393,25.865
23.553,23.114
26.294,25.883
25.376,23.935
26.48,25.83
23.534,23.182
24.778,24.503
24.05,22.981
25.822,25.308
23.795,23.534
24.844,24.494
25.68,25.059
24.779,24.068
25.292,24.869
23.651,23.397
23.191,21.748
23.29,23.097
24.302,22.354
21.085,21.005
25.659,24.549
26.733,26.219
25.105,24.553
24.572,24.136
26.835,26.038
24.754,24.062
25.737,25.08
20.315,20.127
25.192,24.939
23.232,23.277
24.967,24.491
24.842,24.766
25.286,23.911
21.549,20.681
22.837,22.421
24.255,23.574
24.699,24.568
24.785,23.697
17.058,16.799
21.973,20.29
26.014,25.738
26.33,25.723
26.617,24.136
24.462,22.754
16.031,15.761
22.409,22.244
22.419,21.057
20.458,20.286
24.891,24.479
26.693,26.536
25.625,25.153
26.895,26.489
21.776,20.592
26.715,26.121
24.605,23.638
23.95,23.433
19.458,18.857
26.19,25.032
24.342,24.175
20.461,19.762
26.536,26.001
21.975,21.156
25.203,24.786
26.977,26.414
24.318,24.045
26.072,25.987
24.043,23.542
22.773,22.579
24.292,23.983
26.924,26.689
26.724,26.515
22.655,21.912
25.283,22.751
25.625,25.132
26.151,25.733
24.721,24.247
26.798,26.281
24.944,24.543
24.186,24.122
26.436,25.975
26.98,26.481
26.5,26.08
24.462,24.341
25.544,25.317
19.315,18.875
20.495,20.394
25.459,25.247
26.327,26.01
23.212,21.655
26.577,25.991
22.3,22.204
23.034,22.746
23.864,23.639
23.514,20.923
26.511,26.028
22.914,22.408
25.178,25.12
24.919,24.477
25.786,25.656
25.664,25.237
26.94,26.536
24.014,23.358
22.942,21.682
24.748,24.416
22.311,21.184
24.35,23.93
26.966,26.473
24.23,23.559
23.772,23.132
26.986,26.5
23.775,22.808
26.918,26.779
26.053,25.628
25.782,25.368
21.905,21.813
15.172,14.976
26.155,25.99
23.728,23.211
24.948,23.158
26.661,26.172
24.294,23.744
20.371,20.253
26.968,24.463
25.473,25.266
20.867,20.28
20.901,19.976
23.658,21.488
26.811,25.661
25.585,25.233
26.024,25.642
25.563,25.268
22.769,22.256
22.056,21.957
18.251,17.088
26.955,26.555
25.538,23.601
26.501,26.356
22.555,21.361
23.121,21.425
22.335,21.51
25.544,25.065
23.644,23.128
21.656,21.454
21.692,20.208
23.73,23.152
26.547,26.05
21.058,20.036
19.864,19.738
13.05,12.931
26.853,24.392
24.024,23.852
17.817,17.226
24.811,24.283
26.187,25.417
25.226,24.998
26.577,26.076
23.984,22.745
18.849,18.737
25.931,25.431
17.443,17.279
25.592,25.296
25.592,25.155
22.909,20.423
26.096,25.962
21.761,20.994
25.607,23.854
8.084,6.793
25.541,25.033
26.398,26.162
26.35,23.771
21.576,21.477
24.993,24.258
15.61,15.51
25.815,25.205
26.734,25.317
22.803,21.821
26.207,25.607
23.87,23.774
21.072,20.992
25.485,23.914
23.481,22.847
24.808,24.463
25.197,24.822
25.281,24.836
22.436,21.334
18.626,18.14
19.783,19.476
22.074,21.769
25.784,25.682
25.074,24.762
18.462,18.237
24.585,24.346
22.694,21.14
21.245,21.018
26.931,26.767
25.734,25.021
25.918,25.493
23.631,22.027
26.75,24.272
23.769,21.906
26.279,25.327
22.499,22.371
25.276,25.099
26.705,26.305
22.375,22.121
22.928,22.837
25.511,25.312
20.89,20.089
26.803,26.682
19.854,19.19
20.26,19.336
17.902,17.822
26.865,26.373
22.807,21.599
25.496,25.045
25.827,24.241
24.372,22.874
20.853,19.961
23.494,22.949
24.562,23.385
26.419,25.393
26.255,26.006
24.711,24.864
25.491,25.181
26.877,26.404
21.199,20.372
23.579,23.472
22.403,21.183
26.316,25.682
13.668,13.576
26.965,26.542
24.266,23.996
24.019,23.681
22.951,22.41
26.598,25.33
24.057,22.43
18.653,18.502
26.38,24.527
26.037,25.231
24.974,24.565
23.687,23.431
21.334,19.628
25.391,24.782
18.364,18.048
25.743,25.332
23.184,22.243
26.907,26.385
26.421,25.948
24.324,24.036
26.623,25.195
26.133,24.923
22.271,21.976
25.427,25.18
25.754,25.108
22.377,20.138
25.48,25.211
26.956,26.337
26.132,25.069
20.032,19.959
19.396,19.037
26.657,26.351
26.926,26.588
23.476,22.069
23.627,23.092
25.643,24.562
21.2,20.072
25.573,25.469
26.105,25.617
13.872,13.844
26.069,23.734
26.039,25.812
26.016,25.341
18.501,18.259
23.288,23.034
25.784,25.634
26.627,26.465
25.025,24.869
21.165,21.034
22.149,21.616
24.768,24.538
25.049,24.969
21.091,20.642
26.931,26.504
22.793,21.885
22.171,21.628
23.079,22.057
24.481,24.289
21.326,20.309
24.013,23.276
24.509,24.079
18.268,17.908
22.0,21.743
21.41,20.658
19.563,18.319
22.602,22.424
24.931,23.146
26.09,25.481
26.426,26.035
23.951,23.623
21.5,20.515
26.081,25.699
25.3,24.9
24.887,24.759
18.121,17.917
26.429,26.104
26.384,25.646
25.756,25.456
26.654,25.849
21.918,21.815
21.25,20.956
25.343,25.264
26.187,25.717
21.428,20.129
26.837,25.827
25.15,24.824
26.924,26.051
25.93,25.572
26.593,26.186
21.409,21.124
13.563,13.434
25.839,25.397
23.648,23.187
26.869,26.53
25.454,25.366
25.41,23.618
22.194,21.18
26.461,25.557
26.961,25.281
24.599,24.157
23.231,22.963
25.898,25.296
24.677,24.594
23.14,22.667
23.296,22.333
24.73,23.411
25.804,25.436
22.284,22.215
23.031,22.817
26.914,24.624
26.402,25.935
25.286,24.89
25.244,24.882
26.379,26.105
25.553,25.464
23.451,23.328
18.993,17.702
24.019,23.161
23.552,23.212
26.912,26.674
22.294,20.834
26.113,25.73
23.502,23.135
26.196,24.514
23.998,23.553
22.055,21.95
24.766,24.333
25.92,25.614
21.42,20.626
25.009,24.558
24.826,24.439
26.775,26.519
24.45,24.059
23.098,22.747
26.592,26.257
25.519,25.037
14.733,14.513
26.57,26.186
23.751,23.359
26.642,25.988
24.765,24.683
25.406,25.164
25.172,24.885
24.889,24.615
25.006,24.622
26.891,26.326
25.58,24.989
24.586,24.203
26.828,26.329
23.819,23.626
22.667,22.302
22.591,22.173
26.675,25.921
25.85,25.294
24.521,24.093
26.688,26.495
26.656,26.291
15.603,15.446
26.65,26.296
25.823,25.277
25.719,25.522
26.695,25.547
23.622,23.496
23.376,21.951
15.798,15.526
17.871,17.812
26.385,25.912
20.251,19.516
21.993,20.381
22.212,21.833
17.812,17.714
24.77,24.441
24.877,24.39
26.126,25.594
25.607,25.159
20.66,20.568
26.034,25.647
26.479,25.044
22.786,21.361
26.713,26.444
26.208,25.637
22.998,22.096
25.71,24.237
25.893,25.397
25.06,24.996
20.836,20.766
23.979,23.052
25.259,24.806
24.438,24.242
26.294,25.716
26.253,24.771
25.338,25.068
25.956,23.635
21.652,21.529
26.543,25.964
18.352,17.869
26.216,25.687
26.965,26.792
25.187,24.817
25.351,25.202
26.3,25.357
20.201,20.082
24.486,24.088
24.806,24.627
23.21,22.82
26.712,25.531
20.528,19.179
25.572,25.185
25.372,24.968
26.045,25.636
17.217,16.612
23.941,22.128
23.295,22.74
24.235,24.101
26.28,26.119
25.107,22.94
22.369,21.788
20.253,20.16
26.492,26.145
23.772,23.257
25.28,25.079
24.792,24.431
14.602,14.483
24.291,24.164
23.97,23.458
21.716,21.613
24.248,23.916
24.601,23.67
22.03,21.051
18.031,17.691
26.765,26.618
24.949,24.565
26.712,24.574
26.959,26.81
22.392,22.233
26.085,25.64
20.573,20.505
22.159,21.058
22.562,22.09
26.121,25.288
14.98,14.901
22.658,22.585
25.771,25.44
26.503,26.035
26.479,26.001
25.808,24.317
21.781,21.305
17.951,17.83
26.023,25.762
22.748,22.708
24.76,24.16
25.517,24.567
26.517,25.694
21.435,21.348
25.02,24.347
26.232,23.963
26.14,25.699
22.905,21.746
25.111,24.091
25.452,25.014
24.142,23.914
22.377,21.915
25.791,25.561
19.966,19.441
22.229,21.139
26.597,24.267
19.51,19.064
22.815,22.367
26.969,26.566
25.923,25.37
26.393,26.255
22.968,21.389
25.39,25.094
26.108,25.173
25.122,24.516
21.201,21.007
23.147,22.709
23.581,23.005
24.274,22.672
21.961,21.884
25.174,24.42
25.773,25.399
22.18,20.773
24.388,23.011
24.655,23.536
18.742,17.733
25.688,25.447
25.834,25.446
23.656,22.451
25.763,25.392
25.147,23.438
26.245,25.651
21.811,21.599
24.272,23.779
22.472,22.085
25.928,25.492
21.039,19.99
26.107,25.85
26.097,25.317
24.351,23.627
17.206,16.806
26.26,24.274
25.33,25.016
26.766,26.1
23.811,23.232
26.981,26.57
25.613,24.164
26.239,25.935
26.249,25.902
26.274,25.834
26.525,26.104
20.59,20.531
17.606,17.538
21.165,20.669
23.964,23.688
26.181,25.67
25.027,24.626
21.164,21.071
26.913,26.45
23.388,22.971
24.859,24.005
20.093,18.129
22.159,21.29
26.679,26.47
25.43,25.076
22.85,22.352
26.022,25.622
25.633,25.45
23.976,23.619
26.776,26.262
19.85,19.195
25.659,25.274
23.55,23.322
26.231,25.758
25.865,25.099
25.739,23.44
23.002,21.836
18.367,17.527
26.604,26.009
26.793,26.386
22.838,22.619
25.294,24.886
24.711,24.623
22.48,22.174
25.427,22.878
26.644,26.151
20.272,19.087
17.976,17.705
26.386,24.533
24.795,24.557
24.405,24.121
24.942,24.715
26.595,26.031
24.754,23.688
26.188,24.36
25.959,25.471
26.4,26.092
25.853,25.175
24.726,24.317
22.009,20.596
23.282,23.06
26.391,24.909
26.101,23.512
25.551,25.08
26.768,26.144
23.611,22.782
17.944,17.22
22.021,21.552
25.202,22.811
23.603,23.232
24.16,22.358
25.784,25.163
22.085,21.351
26.548,26.262
25.772,25.661
26.971,24.476
24.746,24.26
22.479,22.335
19.17,18.979
25.921,25.257
24.617,24.222
23.341,22.644
24.699,23.621
26.975,26.309
25.153,24.571
26.974,26.756
21.022,20.723
25.435,23.926
24.4,24.245
18.887,17.793
17.445,17.387
25.262,24.314
26.765,26.328
22.603,21.412
26.956,26.374
22.487,21.745
21.441,21.308
18.806,18.298
26.59,26.303
25.429,25.001
25.574,24.974
22.895,22.533
22.142,20.601
26.94,26.555
23.677,23.258
20.013,19.305
20.501,20.423
25.41,24.216
20.384,19.642
22.536,22.424
26.322,25.937
25.66,25.427
26.668,26.328
23.288,23.117
26.779,26.219
24.864,24.565
26.536,26.078
23.17,22.783
25.762,25.329
25.181,24.894
26.193,25.858
25.988,25.653
25.807,23.885
24.923,24.618
24.404,22.808
23.789,23.347
18.495,18.333
26.546,25.885
24.619,22.914
25.125,23.168
23.814,22.011
24.931,24.515
25.322,25.138
25.14,24.81
25.102,24.445
16.056,15.956
15.364,15.26
22.33,21.352
25.898,25.761
20.578,20.396
25.032,24.497
25.734,25.146
23.552,23.372
26.399,26.198
24.756,24.362
25.946,25.518
25.166,24.763
26.236,25.643
25.852,25.119
24.205,24.119
25.179,24.622
23.832,22.54
25.078,23.281
20.598,19.536
25.711,25.544
26.325,25.709
24.932,23.688
26.811,26.492
21.947,20.504
25.895,25.366
19.547,19.08
21.368,21.181
23.79,22.683
26.744,25.893
24.07,22.633
24.52,23.633
16.034,15.381
23.276,23.174
21.74,21.08
20.925,19.481
26.572,25.875
23.04,21.702
21.145,19.664
25.903,25.6
25.275,23.165
26.449,26.298
21.679,20.805
25.587,25.229
20.407,19.568
26.671,26.168
17.642,17.502
19.922,19.432
22.258,21.147
26.975,26.485
23.215,22.322
23.19,21.731
26.978,26.389
25.983,23.628
24.293,23.802
23.673,23.242
19.855,19.306
21.06,20.999
24.558,24.052
24.967,24.44
25.85,25.404
25.004,24.728
20.702,20.593
25.572,22.944
16.414,16.174
23.437,22.974
23.206,22.46
26.678,26.143
24.228,22.552
26.383,26.113
24.674,23.592
26.435,26.033
21.445,20.997
26.703,26.275
25.368,23.331
23.68,23.536
26.861,26.418
25.367,24.925
24.731,24.079
21.756,20.606
23.522,23.119
26.138,25.92
25.735,25.209
22.569,20.688
23.71,22.155
26.423,25.735
23.368,22.342
26.824,26.39
23.815,23.353
24.909,23.342
26.703,25.041
26.263,25.899
26.602,26.315
24.657,24.216
26.769,26.202
20.421,20.175
24.078,23.637
26.069,25.913
24.21,23.761
24.943,24.754
24.863,24.684
26.146,25.741
26.372,25.848
25.124,24.344
25.23,22.843
24.591,24.425
25.71,25.488
24.046,23.497
26.783,26.272
22.432,22.199
26.832,26.371
21.66,21.471
26.961,26.696
25.837,25.392
23.591,23.479
25.134,24.774
26.803,26.478
22.856,22.643
25.586,24.851
16.755,16.39
25.748,23.335
26.316,24.696
24.209,23.34
24.905,24.437
26.502,25.941
20.52,20.275
22.471,21.432
22.884,21.202
26.43,25.843
26.217,25.684
26.431,25.591
25.758,25.564
25.364,25.259
19.202,18.402
26.618,26.139
23.716,23.239
26.347,26.178
25.202,24.641
24.77,24.33
21.287,19.95
22.531,22.443
25.333,25.184
25.201,24.681
22.045,21.772
24.901,24.818
26.664,24.393
22.293,21.964
21.506,21.37
25.5,25.413
24.788,23.524
23.453,22.303
19.878,19.66
25.64,24.186
25.944,23.551
24.273,23.857
25.206,24.743
26.995,25.158
24.19,23.945
23.647,23.264
24.453,24.089
17.621,17.406
20.864,19.697
25.478,23.904
24.583,24.519
22.064,21.757
18.971,18.832
17.687,17.229
24.288,23.903
26.794,26.414
25.352,25.229
25.225,24.671
25.042,24.851
25.588,23.574
24.12,23.817
25.604,25.055
15.325,15.073
21.066,20.575
25.575,25.246
22.394,21.978
25.359,25.025
22.329,22.151
23.496,23.425
22.651,21.628
23.212,22.991
24.895,24.755
22.889,22.711
26.42,26.193
23.028,22.622
21.164,21.051
18.301,17.888
25.789,25.199
25.944,25.465
25.927,25.46
20.545,20.323
20.208,19.692
26.852,26.427
25.559,25.126
26.616,26.078
23.25,22.094
25.735,25.331
24.781,24.709
26.792,26.762
16.62,16.441
21.162,20.546
25.955,25.867
24.837,24.593
22.321,20.919
26.497,25.704
25.939,25.454
23.892,23.255
19.438,19.225
26.849,26.447
26.676,26.118
26.317,25.97
25.27,23.346
22.355,21.281
25.875,23.595
26.244,25.923
26.768,26.061
24.794,22.964
26.479,26.303
25.852,25.414
24.101,23.831
26.479,25.77
26.184,25.933
26.559,25.868
25.527,25.354
24.292,23.553
24.235,23.806
25.204,25.005
25.428,24.925
25.043,24.945
25.279,24.904
21.681,21.596
23.135,23.064
23.736,23.585
21.974,21.003
26.906,26.284
26.018,25.699
22.246,21.864
25.937,25.42
20.433,20.048
26.815,26.108
25.52,25.04
26.98,25.323
23.456,21.776
23.489,23.243
20.738,19.197
26.693,25.9
19.81,19.141
22.227,21.192
24.04,23.914
23.91,23.82
19.026,18.571
25.481,25.54
25.376,23.197
26.427,25.896
21.857,20.358
20.137,19.89
26.507,26.202
25.555,25.197
20.749,19.679
26.484,26.115
23.423,23.14
24.449,23.837
25.775,25.357
26.178,25.758
25.06,24.987
25.187,24.74
23.346,22.468
26.493,26.154
24.262,24.0
23.781,23.456
24.082,21.579
22.871,21.57
25.923,25.447
26.581,26.253
17.465,17.253
23.645,23.196
25.049,24.73
26.344,25.97
25.525,25.383
22.607,21.441
24.941,22.779
26.951,26.235
25.145,23.347
26.285,25.939
26.275,25.785
23.27,23.159
20.386,20.3
26.406,25.833
23.184,23.076
26.794,25.988
23.454,22.281
21.449,20.428
25.56,25.35
25.931,25.376
19.846,19.762
25.777,24.919
24.808,24.428
26.126,24.309
17.233,15.767
26.849,25.935
25.629,25.113
17.054,16.894
19.783,19.526
26.343,26.102
26.661,26.023
26.534,26.154
26.25,25.983
24.456,23.198
26.725,26.294
25.75,25.264
24.963,24.84
24.19,23.799
25.551,25.1
24.735,23.987
24.451,23.806
23.869,23.016
23.699,22.87
21.757,20.983
21.829,21.762
25.122,23.913
19.182,18.911
22.481,20.642
25.929,24.267
25.049,24.521
26.224,25.801
18.353,18.169
25.449,24.99
23.556,23.484
25.33,25.024
23.006,22.22
25.317,23.576
23.4,22.843
25.57,25.055
22.119,22.174
25.059,23.331
25.342,24.421
26.307,25.985
26.514,26.16
23.684,23.345
24.668,24.54
24.901,24.51
19.568,19.373
25.715,25.222
24.321,23.9
25.71,25.229
24.618,24.203
24.174,22.878
25.834,25.669
26.165,25.419
23.911,23.346
26.608,25.984
15.831,15.676
25.532,25.127
24.171,23.828
25.732,25.316
23.083,22.892
24.805,24.278
23.424,23.311
26.468,26.131
26.638,26.518
26.332,25.811
26.209,25.861
21.738,21.149
25.609,24.962
12.511,12.432
23.757,22.18
26.768,26.348
25.729,24.348
23.477,22.113
26.265,24.939
26.111,25.597
23.144,21.715
26.225,25.814
25.042,23.535
26.565,26.384
22.556,21.265
19.47,18.606
22.076,21.694
24.669,24.179
26.261,25.008
25.605,25.092
24.289,23.893
23.762,23.425
24.969,24.582
20.167,19.883
24.611,23.589
20.322,19.431
25.905,25.593
25.608,25.301
25.615,24.388
26.621,26.148
20.978,20.744
26.28,25.532
23.436,21.5
21.98,21.216
23.473,23.091
20.076,19.84
26.113,25.687
24.635,23.109
22.843,21.739
26.183,23.676
25.751,25.133
25.27,22.91
24.584,24.32
21.263,20.219
25.374,24.782
21.931,21.4
25.235,25.122
23.876,23.505
20.164,19.842
23.38,21.546
23.007,22.075
23.458,22.063
21.742,20.968
23.25,23.166
25.088,24.489
23.389,22.995
17.931,17.828
25.995,25.256
22.016,20.502
24.871,24.44
23.02,22.792
25.992,25.78
25.168,24.733
20.703,19.798
25.814,25.055
23.805,23.523
24.179,22.865
25.54,25.327
25.219,24.576
25.84,25.753
26.172,24.845
21.591,21.423
25.065,24.07
24.356,23.222
23.849,23.634
26.641,26.242
21.76,20.503
24.145,23.78
26.176,25.767
25.849,25.365
21.34,20.728
22.756,22.483
19.666,19.266
22.263,21.886
26.017,25.548
26.557,25.938
24.234,22.082
24.027,22.135
23.42,23.337
23.624,23.396
25.917,25.547
18.653,18.099
22.995,22.614
26.308,25.625
23.926,22.309
26.347,25.828
25.439,25.322
22.926,21.705
24.835,22.661
23.73,21.546
26.712,25.93
26.693,26.29
26.599,26.316
23.78,23.405
24.385,24.283
13.943,13.844
17.831,16.866
23.706,23.517
26.636,26.376
26.534,25.841
24.186,24.098
21.63,21.912
24.275,23.892
21.554,20.65
23.609,23.523
24.35,23.945
26.166,25.54
22.512,21.497
26.427,26.041
22.381,21.143
26.66,26.488
23.128,22.971
21.258,20.986
22.639,22.371
26.428,26.29
22.702,21.038
22.572,22.235
24.397,23.599
22.216,21.733
23.731,23.439
18.521,18.452
24.233,22.213
19.951,19.672
26.658,26.23
19.792,19.284
22.087,21.868
26.843,26.321
25.811,23.537
23.699,22.279
22.24,22.05
26.029,25.586
26.433,26.318
24.735,24.264
24.029,23.628
18.066,17.623
24.112,23.695
15.765,15.664
25.806,25.335
24.583,24.092
25.967,25.807
24.917,23.886
24.556,24.277
25.414,24.973
20.739,20.669
25.697,25.372
26.342,25.685
19.447,18.704
26.726,26.305
20.282,18.7
26.933,26.233
26.601,26.396
20.038,19.777
20.515,19.144
21.011,20.54
22.912,22.583
26.812,26.232
21.085,20.798
23.741,23.631
17.08,16.934
25.573,25.248
25.603,24.995
26.727,26.33
24.503,22.401
23.5,21.789
19.06,18.913
26.843,26.338
26.686,26.397
20.621,20.479
25.395,25.116
26.876,26.704
22.827,22.334
26.714,26.258
25.998,25.874
25.45,24.768
25.166,25.048
22.341,21.43
21.107,20.694
25.953,25.75
24.588,23.125
26.934,26.723
21.808,21.736
22.172,22.058
24.234,23.123
26.952,26.74
16.502,15.987
24.371,24.075
22.235,21.811
26.917,26.564
24.777,24.325
24.271,22.175
26.995,26.574
21.021,20.073
26.142,25.867
20.32,20.048
22.837,21.838
25.298,25.066
22.327,21.039
21.858,21.76
22.872,21.855
23.773,22.621
23.209,21.468
26.402,24.878
24.492,24.122
25.975,25.501
23.791,23.677
24.75,24.323
23.764,23.3
23.709,22.617
26.531,25.021
25.525,22.965
26.422,26.034
21.607,21.287
14.623,14.465
23.571,22.904
21.784,21.636
25.353,24.983
25.571,23.281
23.079,22.89
26.66,26.277
26.057,24.653
26.365,26.036
23.735,21.997
22.847,22.437
26.649,26.366
26.174,25.297
18.598,18.307
26.605,26.053
20.722,20.538
21.513,20.749
22.723,22.646
21.91,20.538
21.806,21.623
26.712,26.315
24.38,23.843
25.68,24.265
25.345,24.899
23.88,21.791
20.154,19.937
25.778,25.559
26.827,26.375
22.94,22.768
26.317,25.738
25.07,24.945
25.824,25.462
22.229,20.878
26.86,26.315
23.954,23.635
26.961,26.699
26.842,26.435
25.053,24.535
23.542,23.306
21.543,21.345
26.472,26.272
26.726,26.315
26.24,25.752
26.645,24.521
23.251,23.049
26.45,26.319
25.012,23.838
25.372,24.987
25.507,25.053
26.808,26.147
25.337,25.114
26.52,25.967
25.696,25.266
20.282,19.417
26.397,25.478
26.318,25.656
22.401,22.017
23.547,23.283
22.513,22.322
22.869,22.424
21.908,21.62
21.568,21.226
22.73,22.236
21.229,21.071
25.537,25.269
21.543,21.067
20.292,19.339
21.64,21.03
21.405,20.593
24.653,24.261
26.96,26.406
26.837,26.398
26.616,26.018
26.906,26.282
22.594,22.163
22.544,22.427
24.55,23.712
22.863,20.927
25.564,25.436
26.406,25.688
22.226,21.04
25.334,25.151
16.667,16.564
24.434,23.983
23.293,23.057
19.62,18.984
17.277,16.655
23.487,21.495
20.93,18.54
24.123,23.118
26.424,26.104
25.928,25.806
25.737,25.2
20.739,19.337
23.777,22.794
25.009,22.688
25.533,24.244
25.996,25.755
26.2,25.782
26.246,25.744
24.505,23.215
24.955,23.983
25.721,24.064
17.396,17.238
26.352,25.838
24.882,24.766
26.284,25.733
25.358,24.744
26.812,26.433
26.944,25.655
22.013,20.465
22.376,22.242
24.717,23.932
25.23,24.671
24.221,23.949
25.83,25.426
22.717,22.426
26.086,25.892
26.817,26.345
25.862,25.429
24.797,24.424
26.416,25.724
23.433,23.001
24.133,22.869
24.386,24.019
26.566,25.997
25.547,25.435
26.299,24.3
26.565,26.124
20.562,20.268
22.263,21.425
23.803,23.647
22.57,21.398
24.437,23.452
26.978,26.562
24.754,23.971
22.472,22.399
20.461,20.366
25.567,25.079
24.882,24.637
21.122,20.093
23.919,22.295
23.399,23.204
26.423,26.078
26.038,25.574
25.52,25.218
15.145,15.08
23.845,23.433
22.497,21.261
20.99,20.672
24.634,24.21
26.988,25.753
25.469,25.303
24.547,24.115
25.258,24.792
22.566,22.425
26.531,25.691
18.031,17.32
22.985,22.387
23.208,22.601
21.528,20.853
22.146,21.095
24.892,24.57
22.423,21.758
23.666,22.416
17.024,16.923
24.207,23.508
24.523,23.852
26.129,25.889
22.724,22.644
26.891,26.267
23.399,22.252
19.579,19.352
25.623,24.655
25.861,25.443
22.708,22.345
26.534,26.048
24.912,24.816
25.041,24.538
26.578,26.13
22.219,21.443
26.897,26.562
25.956,25.738
23.729,23.601
26.963,25.127
25.077,24.622
24.895,23.697
18.494,18.395
25.983,25.646
24.031,22.262
24.068,23.502
24.75,24.157
22.505,21.718
25.765,25.208
26.05,25.78
25.628,25.244
26.453,25.923
25.775,25.232
25.318,25.176
19.563,19.184
23.392,23.278
25.977,24.601
25.691,25.568
25.597,25.129
26.142,26.013
26.221,25.898
24.366,24.175
25.581,25.224
26.823,26.463
26.644,26.011
26.883,26.563
26.624,26.095
24.252,24.162
25.48,24.476
21.521,20.871
23.556,23.392
21.944,21.572
26.783,26.084
25.858,24.069
24.539,24.191
22.344,22.247
14.538,14.339
26.664,26.285
24.344,23.098
24.508,24.349
19.159,18.474
25.979,25.498
25.291,24.96
25.293,25.043
26.493,24.923
26.973,25.053
25.254,23.713
20.3,20.127
18.506,17.783
20.68,20.135
25.429,24.817
26.274,25.828
20.014,19.934
25.112,24.474
26.533,26.402
26.993,24.523
26.577,25.937
23.989,23.819
24.763,24.309
15.906,15.692
21.813,21.619
26.299,25.824
24.495,24.27
24.913,24.305
21.045,20.97
25.162,24.721
25.077,25.005
26.557,25.1
26.704,26.255
25.201,22.871
24.534,24.218
26.075,25.778
20.757,19.697
23.113,22.188
23.338,22.07
24.504,24.1
26.043,25.776
24.935,24.664
24.384,24.23
24.832,24.473
26.024,25.737
26.022,25.297
24.866,24.506
23.724,23.205
19.818,19.432
12.596,12.516
11.305,11.174
26.854,26.679
26.679,26.474
23.975,23.474
26.524,24.377
23.47,23.253
25.39,24.709
15.539,15.336
22.694,22.308
25.875,25.459
26.723,26.162
24.68,24.588
14.054,13.389
20.145,20.052
26.454,25.901
26.63,25.775
26.093,25.454
25.848,25.495
22.47,21.648
25.686,23.743
22.42,21.376
23.411,23.205
22.637,21.245
23.55,23.355
22.716,22.165
26.169,25.118
17.86,17.453
24.624,24.343
26.676,26.217
23.569,23.427
26.225,25.88
22.395,21.771
26.577,26.268
22.811,22.7
23.373,22.627
25.602,25.345
21.357,21.003
26.794,26.393
21.829,20.854
23.016,21.604
21.791,19.727
14.233,14.126
26.149,25.737
24.679,24.241
23.703,23.319
26.674,26.266
22.241,21.927
23.077,22.101
24.267,24.193
25.571,25.111
21.523,20.228
22.546,20.947
21.109,20.914
25.016,24.725
24.666,24.554
19.818,18.241
21.56,20.298
26.286,25.115
20.251,19.261
26.623,26.174
21.41,20.754
25.909,24.099
19.979,19.828
25.659,25.214
26.923,26.355
20.613,20.118
26.779,26.16
26.539,26.046
25.696,23.249
24.883,24.456
26.204,25.903
22.888,22.788
22.731,22.652
16.292,16.107
23.669,21.771
24.503,24.133
23.878,23.774
14.721,14.5
26.815,26.053
26.895,26.463
17.232,17.054
21.905,21.072
25.4,25.312
25.83,24.898
23.256,23.024
21.927,21.361
26.95,26.637
25.333,25.076
26.161,25.599
23.423,23.046
21.825,21.47
21.928,21.01
26.254,25.855
26.339,26.075
25.722,25.009
26.349,25.642
22.592,21.7
26.091,25.997
22.638,21.82
24.74,24.33
26.038,25.674
22.745,20.492
20.154,19.133
23.08,21.684
23.603,23.414
20.837,20.717
25.801,24.991
21.596,20.301
25.454,24.917
26.325,25.856
25.566,25.051
25.082,24.781
26.396,25.91
25.229,24.843
26.387,25.732
22.796,21.915
26.383,26.229
18.837,18.685
18.738,18.302
23.064,22.625
23.419,22.165
25.38,24.727
23.75,23.612
26.311,25.824
22.727,22.364
23.389,23.143
26.159,25.007
25.331,24.784
24.301,23.956
24.964,24.437
24.619,22.959
24.336,21.97
22.119,20.288
23.766,23.625
21.01,19.443
23.181,23.096
21.44,21.464
26.646,26.024
24.855,24.674
26.924,26.394
25.537,25.241
25.018,24.425
24.56,24.171
26.532,26.081
20.971,20.808
16.983,16.917
25.644,25.447
25.891,25.613
26.76,25.993
25.407,24.997
18.737,18.61
18.286,17.525
20.294,20.099
25.541,23.126
26.647,26.194
26.552,25.769
26.282,24.781
25.836,25.693
26.306,25.781
26.071,25.65
20.592,19.953
26.616,26.31
23.481,22.644
23.891,23.771
23.464,23.406
25.013,23.245
25.746,25.32
26.159,25.951
26.57,26.129
24.871,24.852
24.396,23.154
26.514,25.667
19.897,19.782
24.247,23.321
26.682,26.196
22.77,22.577
26.477,25.807
23.513,21.376
21.849,20.56
26.195,25.917
25.301,23.928
26.323,26.106
26.328,25.965
26.713,26.456
22.599,22.388
26.789,26.1
24.602,23.589
23.817,23.654
21.49,20.371
19.313,19.252
24.47,24.007
26.491,25.469
23.267,23.157
21.925,20.636
24.518,24.103
19.591,19.498
26.062,25.564
24.861,24.587
21.629,21.39
26.251,26.126
25.772,25.41
24.551,22.898
25.126,24.494
19.261,18.593
26.925,26.269
24.576,24.281
22.402,21.192
26.727,26.373
26.164,23.744
26.753,26.256
23.514,23.323
26.241,25.743
26.363,24.828
25.221,24.839
22.889,22.758
26.811,26.421
22.607,22.12
23.044,22.776
20.342,19.681
23.521,23.767
25.382,24.886
20.372,19.439
25.571,25.124
24.34,23.697
26.776,26.347
25.692,24.734
25.984,25.604
25.634,25.31
26.024,23.987
25.679,25.192
22.244,22.158
22.839,22.735
21.973,20.556
24.315,23.896
22.949,22.282
19.236,19.064
25.883,25.682
23.993,23.411
24.985,22.978
24.259,23.902
22.583,20.845
22.653,21.874
21.794,21.553
21.398,21.32
26.506,26.255
23.986,23.75
25.445,24.171
25.797,24.758
23.808,23.407
24.484,24.08
26.813,26.437
24.689,23.141
26.74,26.125
26.226,25.702
24.995,24.564
25.001,24.67
20.837,20.088
23.815,23.362
19.995,19.692
25.494,24.993
26.641,25.911
22.827,22.235
26.611,25.16
26.503,25.122
19.429,17.657
24.066,23.609
25.589,25.412
23.454,23.265
17.782,17.676
26.513,26.109
26.342,25.761
24.265,23.994
25.226,24.713
22.465,21.735
25.483,25.019
24.784,24.557
25.827,23.858
15.633,15.423
25.99,24.108
25.243,25.111
22.092,21.275
24.964,24.844
25.547,25.101
20.819,19.534
25.949,25.391
26.615,26.095
26.521,26.064
25.899,25.232
25.46,24.803
26.399,25.473
25.554,25.141
23.449,22.301
24.565,24.183
26.778,26.389
25.262,23.666
18.911,18.264
26.451,23.94
26.812,24.596
18.834,18.277
25.792,24.932
25.516,25.018
17.124,16.703
22.969,22.701
26.73,26.404
20.424,20.342
18.994,18.46
20.854,20.765
24.869,23.378
26.851,26.193
24.787,24.282
22.887,22.131
18.668,18.488
19.831,18.67
22.124,21.75
26.479,25.056
25.447,25.201
25.571,25.029
24.956,24.161
26.96,26.588
24.477,24.011
25.892,25.473
25.036,24.486
21.488,21.206
22.566,20.179
13.348,13.155
24.957,22.984
26.783,25.592
22.323,21.733
20.728,20.051
20.786,20.06
26.691,26.1
23.786,23.551
23.394,23.241
25.182,24.826
25.844,25.416
25.592,25.15
23.859,23.736
22.927,21.852
25.982,25.482
25.118,24.816
26.795,26.611
25.538,25.273
24.663,24.56
26.787,26.399
17.752,17.46
23.745,22.921
24.094,23.665
26.346,25.642
22.682,22.335
24.084,23.799
24.949,24.762
25.432,25.077
22.889,21.452
22.727,22.457
24.335,23.976
26.671,26.291
22.231,20.052
21.352,21.232
24.172,23.905
25.706,25.179
26.573,26.137
22.705,22.269
24.976,24.553
26.12,25.648
26.701,24.87
24.403,24.154
26.258,25.761
24.398,23.93
23.953,22.573
21.427,21.297
22.31,21.95
26.936,26.56
26.873,25.932
17.1,16.464
26.736,24.295
26.511,26.192
22.597,21.616
22.844,22.088
17.767,17.551
25.304,24.982
25.016,24.555
23.37,22.722
26.673,26.226
24.555,24.17
22.66,22.278
25.605,25.349
19.013,18.124
26.779,25.739
24.755,24.247
21.521,21.417
21.953,21.668
20.755,20.349
26.996,26.362
25.235,24.849
26.086,25.8
23.331,22.973
22.145,21.806
26.334,25.628
22.166,21.287
23.139,22.998
26.32,25.97
25.905,25.385
23.274,22.171
26.8,25.154
22.835,22.397
26.792,24.695
26.981,26.568
26.724,26.094
25.898,25.437
24.27,23.959
13.779,13.554
26.048,25.972
26.743,25.507
25.532,25.155
21.494,20.606
18.623,18.566
24.592,23.222
26.365,25.457
25.024,23.001
23.269,22.873
25.711,25.296
23.241,22.836
26.261,24.174
22.051,21.697
24.044,23.615
24.92,24.8
25.361,25.184
23.358,22.733
26.513,26.058
26.48,26.038
16.205,15.955
16.287,16.03
25.615,25.289
26.696,26.177
23.463,22.913
22.881,22.735
26.874,26.297
25.485,23.258
26.387,25.926
24.262,24.006
24.269,23.767
24.86,23.592
25.431,24.913
25.533,25.42
24.794,24.428
23.573,23.511
25.33,24.881
26.805,26.313
23.542,23.47
25.194,24.581
25.971,25.663
24.389,24.024
26.828,26.287
16.746,16.64
25.061,24.488
22.901,21.522
21.663,21.342
22.517,22.296
25.853,25.382
20.763,20.256
23.869,23.623
24.33,23.917
26.345,24.407
26.34,25.947
25.123,22.716
22.98,21.987
26.108,25.633
26.135,25.606
26.192,26.079
25.307,25.034
26.004,25.539
25.149,24.375
24.563,24.156
24.932,24.801
25.577,25.04
13.604,13.353
24.587,24.022
25.431,25.111
26.859,26.396
24.765,24.289
21.909,21.083
24.494,24.058
22.083,21.372
24.85,24.736
25.682,25.49
26.941,26.349
24.324,24.18
26.689,26.127
25.065,24.327
25.819,25.315
26.63,25.975
25.101,24.578
24.494,24.393
26.481,26.335
24.757,24.314
16.824,16.341
25.173,24.062
24.704,24.205
24.255,22.881
25.336,23.199
24.074,23.653
24.779,24.414
26.374,26.204
20.445,19.759
26.192,26.098
20.275,20.207
23.688,23.256
22.649,21.941
22.593,22.411
24.339,23.871
23.48,23.068
26.395,25.92
25.094,24.724
25.005,24.658
22.242,21.134
24.429,24.252
25.226,24.365
26.559,26.12
25.542,23.54
24.099,23.947
26.964,26.599
19.742,19.624
24.367,23.928
25.693,23.837
26.525,25.965
25.309,24.85
25.562,25.074
24.721,24.226
24.376,23.926
25.633,25.376
26.548,26.167
23.458,21.832
25.39,24.992
24.66,24.225
26.986,26.544
20.815,20.684
22.508,20.844
24.566,24.403
24.951,24.05
26.088,25.473
22.365,21.109
26.21,25.81
26.063,25.434
26.388,25.002
25.726,25.333
25.352,24.874
26.424,25.91
24.924,24.731
25.922,25.567
25.089,23.359
23.39,21.928
22.62,22.478
26.337,26.198
18.019,16.739
24.974,24.001
26.473,26.026
22.239,20.804
21.807,21.654
23.922,23.616
14.637,14.521
23.64,22.689
21.191,20.046
25.214,24.749
24.923,24.8
26.754,25.975
25.281,24.768
25.09,24.779
21.943,21.577
21.178,20.016
22.883,22.621
16.114,15.867
20.63,20.483
22.228,21.174
25.938,25.371
22.456,22.388
23.172,22.858
26.579,25.745
20.489,19.048
25.817,25.186
26.869,26.25
26.792,26.332
24.147,23.096
20.163,19.751
26.649,26.236
24.611,24.214
25.972,25.629
25.661,23.287
26.326,23.824
26.527,26.06
18.922,18.788
21.723,21.468
24.092,22.869
18.875,18.811
20.378,19.544
26.654,25.878
26.544,26.396
25.561,25.052
24.062,23.197
25.001,24.805
26.896,26.2
24.749,24.284
23.719,23.618
26.505,26.151
25.066,23.793
20.981,19.184
22.775,22.684
24.633,24.282
17.603,17.284
26.725,26.204
25.784,25.421
24.859,24.53
22.778,22.577
25.241,23.923
21.729,20.884
22.94,22.855
25.1,24.991
26.467,25.989
21.675,20.86
26.305,25.74
22.354,21.87
24.352,23.881
26.379,23.993
23.491,23.242
26.448,26.314
26.838,25.248
25.565,25.083
25.2,24.684
25.52,24.908
26.513,24.043
21.834,21.593
25.841,25.606
25.847,25.546
21.696,21.424
21.15,20.013
24.393,22.281
23.718,23.599
26.222,26.108
24.36,23.875
25.668,24.65
26.958,26.62
22.15,21.258
21.432,20.766
26.792,26.371
21.278,20.207
24.535,23.379
22.078,21.98
26.558,26.097
26.512,25.987
26.107,25.584
19.804,19.688
26.079,25.816
24.252,24.117
23.067,21.623
25.964,25.505
25.058,24.93
19.037,19.075
22.344,22.233
25.382,24.441
19.769,18.642
20.348,20.176
26.132,24.947
26.286,25.993
19.597,19.504
24.74,24.674
17.793,17.335
25.247,24.642
25.118,22.848
25.038,24.448
19.5,18.743
25.824,25.726
25.726,25.625
26.983,26.432
21.308,20.227
23.247,22.939
25.266,24.804
26.408,26.094
21.623,20.045
25.004,24.411
25.34,24.971
22.938,22.848
22.579,21.588
25.549,24.994
16.527,16.405
24.775,24.54
26.152,25.739
25.582,25.206
25.256,25.112
24.167,23.816
26.304,26.039
26.444,25.713
25.368,25.138
26.921,26.545
21.096,20.091
26.339,25.849
25.286,24.355
24.653,24.497
25.87,25.456
23.992,23.907
16.984,16.697
18.783,18.669
22.951,22.766
26.965,26.307
16.274,16.126
25.839,24.508
24.61,22.735
23.684,23.23
26.34,25.927
24.308,23.9
21.369,20.508
25.757,25.279
24.767,24.555
25.988,25.576
24.966,24.362
26.811,26.405
25.198,25.403
25.172,24.09
25.493,25.151
23.301,21.929
25.071,24.55
25.149,24.672
25.377,24.906
20.739,20.651
20.844,20.299
23.495,23.163
26.16,23.789
24.381,24.06
25.665,25.271
25.457,24.923
24.12,23.012
25.064,24.632
21.966,21.855
24.482,24.064
26.217,25.97
25.702,25.507
20.855,19.922
26.119,25.774
19.92,19.036
20.664,19.373
26.651,26.346
26.73,26.286
26.134,25.768
24.812,24.385
23.372,22.99
23.83,23.426
23.811,23.288
16.821,16.537
25.173,25.036
20.229,19.675
20.851,20.191
26.837,26.312
19.649,18.752
17.489,17.248
21.753,20.801
23.846,23.403
24.79,24.586
25.122,24.942
25.495,24.891
25.925,25.412
21.716,21.46
21.212,20.782
24.542,24.164
19.151,19.03
26.775,26.283
24.932,24.701
18.708,17.44
26.732,26.455
18.943,18.398
26.957,26.233
19.68,19.49
20.416,20.246
26.905,26.662
24.62,24.222
20.108,19.699
24.367,24.029
22.766,21.811
14.166,14.039
21.584,21.24
14.297,13.625
21.597,21.355
26.257,26.093
23.825,23.279
24.499,24.052
24.482,23.891
26.408,26.239
25.223,24.784
25.938,25.568
24.899,24.317
24.132,24.053
21.759,21.547
23.881,23.176
26.261,25.943
21.28,21.096
20.538,19.985
26.344,26.219
25.158,24.691
25.81,25.671
23.836,23.644
26.096,25.654
22.853,22.415
26.191,25.865
25.018,24.053
24.98,23.476
15.475,15.403
26.468,25.917
25.379,25.226
22.027,20.357
23.999,23.783
23.824,23.284
23.718,23.145
25.335,24.77
19.369,18.49
22.653,22.37
24.67,24.574
15.162,15.038
26.361,26.099
26.98,26.594
24.056,23.986
25.644,25.115
22.76,22.785
24.453,24.392
25.274,25.171
22.474,21.386
23.869,22.825
24.305,22.631
25.848,25.318
24.999,24.591
24.198,24.127
26.128,25.496
26.786,26.116
21.895,21.663
24.334,24.263
26.196,25.939
26.954,26.551
25.818,25.371
26.4,24.507
24.862,24.742
25.554,24.95
22.287,21.441
24.945,23.411
25.28,24.301
26.494,25.854
26.349,25.906
26.969,24.908
23.819,22.712
25.244,25.13
25.836,25.251
25.193,22.548
24.453,23.786
22.986,23.263
26.79,26.526
21.774,21.378
25.109,24.691
25.612,25.06
20.54,19.457
22.776,21.468
26.647,26.422
26.13,25.666
23.268,22.505
26.543,26.103
15.574,15.394
24.563,24.42
23.285,22.996
24.945,24.691
22.627,20.948
26.327,25.706
23.343,23.201
26.616,26.311
24.013,23.718
25.888,25.798
25.997,25.339
23.388,22.17
26.307,25.923
24.775,24.399
26.092,25.47
26.633,24.402
26.128,25.727
26.691,26.422
26.789,24.345
13.931,13.746
22.668,21.364
26.597,26.206
24.352,24.218
24.168,23.785
26.137,24.849
25.333,24.436
25.688,25.207
22.622,21.515
24.6,24.03
23.167,22.677
17.359,16.344
23.723,23.167
19.773,19.177
22.86,22.768
23.436,23.135
26.91,26.078
23.922,23.84
22.327,22.068
21.579,20.42
25.571,24.999
25.525,25.099
24.321,22.352
23.693,22.388
20.695,20.438
25.873,25.472
25.354,25.113
24.27,23.992
20.56,19.876
26.042,25.52
23.57,23.48
26.482,24.086
26.306,25.99
26.446,24.342
23.084,23.006
23.142,22.111
23.992,22.813
26.436,24.649
26.495,26.314
24.812,23.404
22.659,21.575
17.854,16.72
23.922,23.831
14.338,13.548
21.879,20.55
25.604,25.247
26.581,26.254
24.177,23.863
12.125,11.963
25.769,25.678
23.319,22.972
26.365,25.929
19.932,19.854
26.565,25.76
24.375,24.06
26.387,25.545
17.121,16.852
22.737,20.589
26.682,26.244
19.0,17.519
26.702,26.2
24.906,24.697
25.862,25.629
26.255,25.362
19.833,19.579
22.27,21.377
22.973,21.435
26.538,24.019
26.507,26.341
26.059,25.585
25.644,25.156
26.355,25.776
20.344,20.27
24.172,23.858
24.389,24.218
23.189,21.335
25.337,25.189
25.302,24.661
25.379,25.142
16.827,16.602
26.985,26.517
25.466,25.164
22.281,21.303
26.877,26.43
25.898,24.369
25.698,25.281
24.779,24.564
18.18,17.748
25.575,25.124
20.16,19.484
24.715,23.917
26.398,26.281
25.834,25.446
24.749,24.241
26.933,26.696
23.656,23.457
23.41,23.001
22.47,21.586
26.694,26.196
24.678,24.031
23.992,23.636
25.827,25.621
26.151,24.197
24.597,24.173
26.674,26.17
23.871,23.558
25.011,24.881
25.029,24.835
24.898,24.412
12.643,12.49
20.832,19.454
26.434,26.227
19.177,18.65
23.591,23.359
22.686,20.824
21.617,21.138
25.861,25.42
24.714,24.145
25.566,25.1
26.816,26.174
25.027,22.461
26.228,25.976
23.493,23.212
25.705,25.563
24.894,24.8
21.084,20.09
25.148,24.994
26.94,26.522
19.112,18.584
22.293,20.831
24.973,22.52
25.768,25.463
26.68,26.53
23.837,23.465
26.154,25.122
23.565,23.155
25.797,25.512
17.236,16.99
25.403,24.923
26.278,25.849
24.608,24.143
26.924,26.615
26.509,25.996
23.827,23.429
26.497,26.119
24.059,22.821
20.865,20.741
26.491,25.687
16.964,16.825
18.055,17.879
25.726,23.309
25.791,25.481
24.628,23.347
24.044,23.991
22.313,22.058
14.377,14.283
20.331,18.948
20.924,19.743
24.292,24.04
21.683,21.431
22.242,21.738
23.44,21.887
25.953,25.562
25.788,24.986
25.969,25.427
25.085,24.71
25.495,25.161
26.173,25.173
26.341,26.231
25.067,24.523
25.818,25.17
21.702,21.527
22.249,22.192
23.341,23.114
25.182,24.078
21.808,21.6
26.284,25.971
26.944,26.544
25.952,25.723
25.916,25.317
18.648,17.553
24.503,24.264
25.023,24.602
26.385,26.022
19.089,18.871
25.725,25.056
17.535,16.64
25.272,24.884
26.882,24.652
26.186,25.716
22.588,22.219
18.101,17.825
24.972,24.672
25.585,24.909
22.863,22.771
25.22,24.764
21.47,20.649
25.275,24.528
26.956,26.648
23.643,21.657
24.847,24.471
24.756,23.903
26.007,25.8
19.945,19.416
25.014,24.659
24.893,24.635
11.576,11.41
26.1,25.99
26.667,26.383
25.291,25.136
25.587,25.308
26.697,26.344
26.944,26.352
24.506,24.055
26.0,24.539
24.489,22.093
25.739,24.109
26.657,26.233
21.551,20.885
26.731,25.848
26.106,25.601
23.241,23.12
23.01,21.17
24.525,24.335
24.907,24.436
26.22,25.491
19.946,18.962
20.67,20.5
26.023,25.74
23.599,22.772
26.994,26.542
24.717,22.534
26.873,26.303
22.667,22.604
21.854,21.156
21.725,21.606
23.934,21.544
23.851,23.458
22.882,22.878
26.817,26.341
25.169,24.707
26.954,26.763
26.52,26.137
24.527,22.875
24.621,24.104
15.699,15.543
22.91,22.48
21.349,20.147
25.905,25.407
24.863,24.515
26.238,25.798
18.285,16.25
25.388,23.637
24.643,24.234
25.389,25.082
25.73,25.132
25.864,24.406
26.301,25.968
26.853,26.641
21.169,20.981
23.587,23.325
23.351,22.066
25.187,24.995
19.972,19.906
23.773,23.694
23.63,22.473
22.098,21.445
26.867,26.295
24.958,24.796
25.487,23.097
25.126,24.684
24.677,24.214
23.264,22.899
26.646,26.31
26.13,25.433
25.706,25.6
24.623,24.04
26.431,24.698
22.673,21.907
26.618,26.084
23.891,23.791
25.441,25.235
25.804,23.507
24.637,23.935
23.598,21.856
23.634,23.243
26.916,26.659
26.725,24.264
25.598,25.12
21.26,20.202
20.136,19.885
25.009,23.73
24.548,24.351
26.173,25.71
25.621,25.087
25.929,25.722
20.594,20.05
25.076,24.631
26.746,24.266
23.386,23.07
25.688,25.485
21.158,20.067
21.52,21.422
26.588,24.783
25.423,25.001
19.115,19.124
24.509,24.386
25.9,25.317
23.089,21.735
23.963,23.442
26.12,25.483
26.901,26.132
25.908,25.385
26.355,25.893
25.772,25.156
22.648,21.923
24.316,22.932
26.04,25.505
26.027,25.887
24.711,24.631
25.877,25.618
26.886,26.131
25.041,24.83
26.504,25.995
26.975,26.556
23.395,21.938
19.688,19.393
24.72,24.591
26.749,26.336
24.666,24.27
25.714,25.631
25.941,25.181
26.741,26.062
25.505,25.137
23.891,23.395
23.566,22.902
25.94,25.455
24.196,23.805
23.596,23.307
19.301,17.505
26.341,25.876
25.238,24.852
23.955,23.635
20.918,18.724
25.455,25.384
25.019,24.668
20.728,20.21
25.246,24.868
25.954,25.635
26.118,25.834
26.684,26.409
23.302,23.226
26.273,25.569
26.204,25.934
25.913,25.539
22.939,21.602
26.823,26.559
25.661,25.25
26.603,26.157
21.052,20.005
26.969,26.551
26.79,24.605
26.479,26.053
25.313,24.854
22.995,22.841
25.21,24.657
24.544,24.324
20.833,20.732
23.18,23.092
26.468,25.126
18.898,18.788
19.719,19.546
25.54,22.915
22.372,22.286
26.903,26.415
25.997,24.881
26.877,26.213
24.469,24.226
23.486,23.28
26.977,26.373
25.551,23.04
23.918,23.822
25.624,25.208
26.731,26.293
20.306,19.186
23.162,21.235
25.084,24.591
23.603,23.23
26.355,25.835
23.403,22.846
23.985,23.452
23.244,22.86
23.461,23.048
26.001,25.401
19.849,19.561
24.521,22.263
26.125,25.879
20.792,20.28
26.682,26.373
24.871,24.391
26.539,23.917
23.611,23.446
26.489,26.228
26.147,25.667
25.038,24.306
22.854,21.788
23.607,23.21
24.746,23.435
24.285,23.942
24.855,24.728
26.822,26.525
21.236,19.637
23.328,22.851
26.431,25.753
24.763,24.479
22.741,21.82
24.317,24.222
26.732,26.49
21.983,20.938
24.149,23.815
23.612,23.528
24.299,24.018
26.076,25.667
26.28,24.649
24.529,24.139
26.019,25.568
26.447,26.077
24.515,24.345
24.579,23.493
23.596,23.287
25.868,25.092
25.755,25.191
22.412,22.271
26.942,26.58
24.724,24.08
17.737,17.583
25.618,25.162
26.957,26.676
24.114,22.956
26.268,26.055
25.653,25.032
17.117,16.758
25.968,25.565
24.536,24.174
21.956,21.673
26.139,25.41
20.935,20.559
26.244,26.11
23.631,21.932
26.88,26.524
26.892,26.473
24.311,23.241
26.669,26.223
25.135,24.744
23.766,23.345
22.449,22.195
25.527,25.075
24.912,23.36
26.201,23.825
26.543,26.109
26.989,26.547
22.525,22.216
26.644,25.197
25.219,25.094
26.051,25.782
23.019,22.486
25.817,25.633
19.841,19.736
26.431,26.04
22.824,21.836
25.077,24.667
21.095,20.613
25.507,25.058
26.606,26.072
26.517,26.018
26.146,25.752
23.749,22.19
24.676,24.259
24.643,24.456
25.669,25.312
17.333,16.981
23.811,22.207
19.458,19.356
23.285,23.074
23.361,22.882
25.176,23.947
23.481,23.091
25.455,25.018
16.841,16.539
25.003,24.517
25.296,24.886
24.696,24.183
25.884,25.158
24.896,24.549
25.785,25.614
22.938,22.782
20.936,19.678
24.847,24.609
26.643,25.861
22.853,22.712
25.227,24.647
26.136,25.671
20.116,19.225
22.823,22.063
25.655,25.23
26.247,25.961
25.116,23.242
24.119,23.573
25.892,25.392
25.903,25.669
25.061,24.816
26.847,25.438
26.432,26.006
26.422,26.141
26.156,25.616
24.295,24.21
23.428,23.361
25.405,25.26
25.496,25.059
24.644,24.506
24.557,23.069
26.953,26.726
23.901,23.543
23.947,23.483
25.224,23.727
22.679,21.985
22.944,22.688
24.845,24.497
18.818,18.647
25.362,24.812
26.805,26.346
26.515,25.497
26.05,25.648
22.307,21.741
26.649,26.054
24.537,22.434
25.88,25.526
11.174,10.901
26.356,26.0
23.081,21.621
26.122,25.556
25.89,25.913
21.052,20.227
25.876,25.719
26.821,26.067
26.143,24.069
25.529,24.837
24.985,24.436
16.365,15.582
23.506,23.041
26.044,25.534
23.669,23.101
25.044,24.967
26.184,25.979
18.749,17.967
25.84,25.313
22.273,22.089
25.984,25.486
26.44,25.96
26.892,24.751
24.645,23.659
26.382,25.231
26.545,26.151
24.785,24.372
20.335,20.129
26.868,26.598
25.087,23.781
25.617,25.107
25.55,25.19
24.824,24.029
20.802,20.635
24.521,24.345
25.781,25.504
25.571,23.844
22.526,22.261
25.474,25.098
26.534,26.075
26.494,26.017
25.506,25.208
25.375,23.358
25.451,24.297
20.761,19.837
26.527,25.033
26.016,25.47
20.239,20.167
23.148,22.477
24.659,24.407
25.352,22.855
25.307,25.199
19.7,19.002
19.458,19.303
25.258,24.79
23.716,23.331
26.163,24.972
12.464,12.383
21.897,21.811
23.302,22.426
22.725,22.291
21.587,21.525
25.25,25.126
26.39,25.955
14.318,14.087
24.913,23.488
25.184,24.73
23.423,21.914
24.665,24.007
26.172,25.863
24.38,24.319
22.544,22.138
23.678,22.48
25.88,25.794
24.929,24.5
17.983,17.501
26.426,24.008
25.758,25.246
25.913,25.548
26.075,25.256
21.024,20.718
25.755,24.817
22.019,21.949
20.12,19.786
22.973,22.71
26.798,24.507
19.03,18.959
24.77,23.129
26.774,26.32
20.726,20.54
24.916,24.036
25.811,25.046
18.488,18.275
14.312,14.202
22.238,21.149
25.988,25.394
22.961,22.049
24.579,24.229
23.137,22.67
26.91,26.765
20.496,20.413
26.55,26.273
25.836,25.347
22.619,22.444
25.391,24.793
21.22,19.466
23.481,22.764
26.281,26.164
26.243,25.946
20.192,19.313
19.191,17.787
26.207,26.069
26.193,26.017
22.413,22.1
26.827,26.321
26.93,26.751
24.449,23.98
23.672,23.396
23.26,21.793
24.262,23.948
25.028,24.286
25.43,25.157
26.964,25.446
26.373,25.881
26.874,26.023
24.743,24.129
24.624,23.503
26.839,26.443
23.542,23.373
19.151,18.199
25.729,25.151
24.461,24.27
26.869,26.337
24.636,24.107
26.296,24.373
23.279,22.833
25.872,25.664
25.826,24.501
22.111,21.882
21.151,20.558
24.975,24.676
23.83,22.895
26.118,25.888
25.303,24.738
23.82,23.693
22.794,22.444
23.843,23.367
25.588,25.164
24.212,22.348
24.712,24.239
22.958,22.541
13.968,13.31
25.63,25.345
26.535,25.649
19.431,17.533
15.503,15.246
23.518,23.348
24.598,24.188
23.071,22.742
26.914,25.451
26.792,24.276
18.704,18.31
24.152,23.017
19.91,18.571
26.75,26.366
23.756,23.631
23.638,23.564
26.717,26.331
23.981,21.988
23.692,21.874
24.793,23.018
26.931,26.735
21.033,20.786
21.928,21.273
25.906,25.441
22.696,22.538
23.026,22.96
21.284,20.261
25.854,25.715
23.852,21.708
25.077,24.618
22.77,21.287
16.998,16.356
26.471,23.952
23.312,23.17
24.228,23.81
22.576,22.489
25.707,25.167
23.122,22.567
22.475,22.049
24.765,24.579
26.47,23.846
25.153,24.388
19.941,19.742
23.982,23.168
21.229,20.047
20.539,19.413
26.318,25.702
24.779,24.25
22.0,21.563
26.937,25.023
24.771,24.281
25.324,24.122
21.499,20.414
25.923,25.637
25.658,25.084
24.999,23.62
24.99,24.404
25.506,24.568
19.865,18.497
25.564,23.835
25.705,25.278
26.406,25.872
26.714,26.284
24.115,23.896
24.688,24.599
23.269,22.619
24.498,24.102
26.936,26.419
24.848,24.551
22.533,22.453
26.891,26.328
26.394,26.077
26.614,26.13
25.611,25.174
26.668,25.142
24.546,24.347
26.235,25.858
25.891,25.425
23.957,23.691
23.186,21.816
26.602,24.639
26.898,26.433
19.946,18.927
26.879,26.717
21.378,21.32
26.956,26.72
25.759,25.552
25.975,25.331
25.484,25.372
26.388,26.128
26.679,26.099
25.8,25.186
22.526,22.154
24.378,24.126
19.69,18.445
25.525,24.861
25.943,25.736
26.656,26.195
17.065,16.819
23.264,23.18
25.543,24.239
23.469,20.997
25.806,25.35
25.623,25.39
25.473,24.795
23.998,23.542
20.75,20.264
19.455,18.771
25.324,24.921
24.23,23.832
25.815,25.301
25.872,25.274
23.882,23.759
23.394,23.312
25.69,25.242
25.552,25.458
24.979,24.884
24.149,21.657
26.83,26.275
21.556,21.055
25.497,25.004
24.933,23.558
25.292,24.925
22.299,21.5
24.052,23.955
25.308,25.124
25.614,25.007
26.06,25.565
23.785,22.658
21.829,21.706
23.212,22.967
20.342,19.684
25.031,23.115
25.445,25.287
26.973,26.443
26.94,26.487
25.173,24.743
20.807,20.593
25.398,24.967
26.465,26.012
21.975,21.748
23.542,23.184
22.272,21.841
25.09,24.5
26.315,26.188
24.984,22.819
24.516,24.166
23.926,23.613
25.902,25.682
23.585,22.232
26.154,24.782
25.733,25.316
26.995,26.544
21.734,21.598
23.197,22.405
24.938,24.61
26.015,24.364
20.297,20.137
22.399,22.192
25.787,25.221
16.863,16.635
25.632,25.153
23.069,22.684
26.02,24.734
26.827,26.149
25.58,23.728
22.665,22.349
26.891,24.648
23.607,21.916
26.063,25.507
26.336,25.788
22.792,22.457
26.88,26.541
25.741,25.632
24.48,24.257
23.378,23.199
26.851,26.369
25.92,25.476
25.724,25.165
19.831,18.81
25.519,24.908
25.724,25.317
26.604,26.135
23.668,23.45
24.996,22.792
22.252,21.322
23.864,23.389
24.608,23.086
25.191,24.53
26.397,24.406
26.289,25.024
21.585,20.114
25.59,25.393
24.575,24.202
25.229,24.777
26.713,24.256
23.448,23.059
22.305,21.814
22.653,22.42
24.797,23.49
25.165,24.228
22.176,21.387
24.761,24.674
26.518,26.384
26.461,26.163
21.364,21.213
24.714,24.268
26.359,25.983
25.053,24.893
24.472,23.953
22.444,22.08
21.237,20.665
25.742,25.658
25.33,24.558
26.905,26.332
26.627,26.18
21.399,21.039
23.782,23.702
25.849,25.333
26.434,25.927
26.474,26.049
23.662,23.939
22.612,20.862
22.597,20.874
21.593,21.237
24.651,24.393
20.091,19.674
24.192,24.018
24.681,24.604
23.725,22.871
26.755,26.454
22.965,22.584
23.322,21.822
22.23,20.823
25.385,24.66
24.976,24.264
24.228,23.562
21.249,19.921
22.476,22.083
25.875,25.03
23.327,23.003
24.961,22.827
26.976,26.832
26.402,25.974
17.922,17.025
23.969,24.164
21.763,21.699
26.227,25.713
24.694,22.117
23.44,21.723
25.913,25.535
20.198,19.311
25.327,24.948
23.979,23.102
24.803,22.427
22.788,22.685
26.224,25.794
24.298,23.928
26.726,26.226
25.568,25.32
25.419,24.966
24.146,23.863
25.553,25.148
26.813,24.677
26.901,26.542
22.763,21.964
22.36,20.932
26.732,26.412
24.224,23.986
25.683,25.243
26.956,26.426
23.005,22.697
25.789,25.528
26.848,26.193
22.39,21.859
23.828,23.743
25.836,25.704
22.856,21.641
25.118,23.815
20.619,18.737
26.964,26.426
24.801,24.529
25.547,24.928
19.024,19.321
26.017,25.704
26.044,25.587
26.547,25.654
22.99,22.693
26.015,25.418
24.825,24.572
26.079,25.996
25.048,24.898
21.751,21.562
24.608,24.218
19.522,18.368
26.878,24.363
22.932,22.245
25.324,23.15
25.378,24.896
19.463,18.364
23.023,21.679
24.564,22.761
26.149,25.621
25.378,25.036
26.784,26.141
26.811,26.316
26.658,26.09
23.284,22.831
25.741,25.36
26.994,24.609
23.101,21.728
23.804,23.457
18.526,18.078
16.751,16.647
25.528,25.31
26.556,24.439
26.099,25.683
26.471,26.2
25.082,24.842
25.936,25.371
25.351,24.949
14.912,14.817
21.98,21.864
22.606,22.518
22.354,22.06
22.116,21.969
23.753,22.677
13.968,13.827
26.082,25.577
25.833,25.311
26.996,26.531
26.732,26.601
26.161,25.936
25.012,22.753
18.37,17.733
26.685,26.229
26.238,25.688
18.649,17.78
26.83,26.248
22.269,20.599
25.553,25.086
25.354,24.797
18.086,17.785
19.121,18.959
26.907,26.492
24.921,23.464
18.592,18.379
22.017,21.221
23.341,23.144
26.568,23.926
19.498,19.429
26.298,26.032
23.973,23.419
26.201,25.238
24.004,23.872
19.091,18.857
26.962,26.761
22.075,21.99
26.755,26.217
23.095,22.708
18.014,17.913
25.592,25.206
24.073,23.659
25.143,24.738
26.759,26.281
25.618,23.725
26.375,25.417
26.991,26.507
26.524,26.362
26.65,26.094
25.525,25.065
25.209,24.118
25.077,23.099
24.681,23.813
26.943,26.533
25.907,25.267
24.86,23.431
24.106,23.712
25.31,24.858
24.602,24.21
26.582,25.579
26.5,26.057
22.925,22.786
24.895,22.976
18.793,18.027
23.636,23.441
24.907,23.996
24.537,23.991
23.527,22.883
26.463,25.929
25.612,25.12
24.891,24.316
25.453,25.235
23.374,23.188
24.691,22.767
25.077,24.591
21.287,20.096
20.853,19.692
24.254,22.873
26.234,25.868
25.749,25.107
26.085,25.719
23.62,23.568
23.873,24.135
24.966,24.728
25.43,24.927
24.621,23.228
24.597,24.16
26.691,26.058
26.242,25.784
25.265,24.743
26.327,25.912
20.192,19.749
24.327,24.099
22.394,21.501
22.66,22.399
26.283,25.915
24.558,24.253
25.259,25.154
21.274,20.013
26.028,25.623
24.459,24.168
24.833,24.375
24.629,23.98
25.428,25.033
23.203,23.132
25.693,25.448
18.104,17.605
18.813,18.702
24.809,24.35
26.772,26.28
22.774,20.293
25.58,25.432
24.52,24.082
23.218,21.91
25.352,25.188
24.317,23.637
26.123,25.641
24.688,24.25
23.889,22.374
24.019,23.735
25.338,24.85
24.955,24.474
25.95,25.775
22.46,22.18
26.344,25.038
26.384,25.752
25.038,23.365
23.231,23.094
24.133,23.796
24.555,23.304
20.854,20.713
26.197,23.815
25.891,23.741
21.295,21.05
25.862,25.424
26.257,25.556
21.166,21.069
25.46,25.017
22.926,22.636
24.7,23.402
25.377,25.028
24.275,23.899
19.845,19.76
25.172,24.742
24.53,24.278
25.246,24.672
25.204,24.772
26.929,26.478
25.89,25.404
26.364,26.193
20.137,19.212
25.886,25.66
20.387,20.224
24.593,24.454
25.886,25.419
23.747,22.886
26.526,25.701
20.875,20.384
24.248,24.052
26.907,26.533
24.154,23.876
22.859,22.483
26.457,26.251
18.371,17.992
25.324,25.136
25.862,25.662
25.472,25.033
21.42,19.944
21.223,20.422
22.49,21.436
25.976,25.607
21.021,19.843
23.987,23.778
19.918,19.097
17.106,16.18
24.131,23.14
26.326,25.723
23.196,22.251
26.947,26.234
24.182,23.756
26.151,25.384
25.955,25.512
22.136,21.156
24.668,23.749
25.649,25.179
22.338,22.16
24.215,24.006
23.518,23.117
24.313,23.938
23.692,23.427
22.883,22.725
23.504,22.665
25.801,25.339
21.958,20.877
20.399,20.146
21.935,21.09
18.353,17.786
25.326,24.903
25.696,25.296
26.932,24.654
26.463,24.97
22.415,21.1
25.882,25.711
23.892,21.557
26.24,26.044
25.186,24.854
19.68,19.597
26.642,26.528
21.763,21.489
23.296,22.9
21.915,21.823
26.008,25.682
26.088,25.134
26.618,24.215
26.943,26.482
21.007,20.281
23.874,23.414
26.955,26.254
24.735,24.656
25.006,24.666
21.229,21.163
24.268,23.696
23.787,22.966
24.303,23.262
21.861,21.373
25.043,24.799
25.988,24.893
25.019,24.812
26.137,25.658
25.068,24.054
24.13,23.989
25.97,25.501
25.228,24.927
25.67,25.283
17.752,17.53
23.736,23.475
23.787,23.361
23.627,21.937
21.818,20.805
25.902,24.752
26.264,25.859
22.197,20.041
26.927,26.484
17.495,17.116
25.21,22.81
25.367,23.949
26.733,26.395
26.594,25.363
20.483,19.82
17.188,17.051
20.946,20.792
26.639,26.402
25.035,24.966
25.196,24.777
24.222,22.924
26.736,26.356
14.826,14.726
26.729,26.021
25.793,24.967
22.605,21.821
26.026,23.605
21.326,20.102
26.76,26.333
26.111,25.82
24.453,24.388
20.348,19.527
23.843,23.512
26.385,25.995
23.771,22.114
16.692,16.386
23.783,22.815
22.028,21.896
23.567,23.158
21.545,20.708
25.07,24.829
20.79,20.494
26.04,25.554
26.066,25.695
26.393,25.819
26.329,24.735
25.672,23.959
22.4,22.047
21.509,20.551
25.988,25.616
24.212,23.614
13.528,13.423
26.189,25.719
25.716,25.342
24.982,24.762
24.282,23.301
26.643,26.006
26.488,25.943
25.227,24.688
26.028,25.604
25.132,24.863
25.35,24.702
26.244,25.876
26.149,25.681
25.784,25.337
25.549,25.001
26.139,24.156
22.685,22.527
24.365,23.816
24.011,23.804
26.855,26.314
26.592,26.234
25.114,24.679
25.49,25.092
22.604,21.271
25.007,23.836
26.132,25.365
24.225,23.963
25.414,23.208
24.34,23.1
26.86,26.278
26.287,25.915
25.902,25.813
25.81,25.426
20.199,19.56
25.733,25.543
21.077,19.761
25.309,24.89
23.588,23.046
24.668,24.538
26.661,26.389
24.264,23.903
25.404,23.137
23.478,23.071
24.051,22.093
22.925,22.822
23.929,23.574
26.803,26.253
26.24,25.641
25.323,24.413
26.175,25.621
19.92,18.739
19.557,19.449
26.624,26.214
26.222,26.034
26.607,26.081
26.616,26.25
25.944,23.654
26.711,26.234
25.883,24.69
25.496,24.979
25.165,25.063
24.308,23.989
26.795,26.344
22.5,22.024
25.31,25.238
24.114,23.681
23.187,22.3
22.882,22.208
24.447,24.125
25.78,25.374
17.442,17.251
26.622,26.381
23.855,23.743
26.294,25.761
26.724,26.352
23.064,22.953
16.15,15.955
22.079,21.802
23.403,22.971
22.181,21.944
25.643,25.507
25.824,24.238
25.955,23.899
24.403,24.261
26.232,26.018
24.239,22.377
26.2,25.862
24.237,24.042
22.409,21.657
25.752,25.561
26.305,25.871
24.671,24.365
25.59,25.348
26.312,25.785
20.726,20.627
25.169,25.097
24.382,24.126
21.416,21.337
26.605,24.715
20.433,20.34
25.599,25.278
24.147,23.887
25.552,24.284
26.595,26.211
21.355,20.382
26.767,26.553
22.838,21.535
25.166,25.054
26.154,25.684
24.921,24.541
26.876,26.402
23.825,23.57
26.514,26.385
20.221,19.605
26.763,26.371
25.254,24.359
25.948,25.487
16.879,16.654
23.32,22.184
24.133,22.5
26.08,25.892
21.676,20.704
25.397,24.845
26.526,26.053
22.704,22.599
17.749,17.672
26.071,25.172
24.912,24.437
25.227,25.027
25.258,24.832
26.676,26.321
22.76,22.575
24.005,23.05
24.422,22.944
22.043,21.924
16.389,16.217
24.198,23.722
26.152,25.65
23.046,22.405
23.786,22.741
23.767,23.352
22.108,22.03
17.545,17.183
22.9,21.897
25.951,25.685
23.86,22.013
26.034,25.729
23.21,22.743
23.201,23.125
21.607,21.34
22.241,21.347
25.967,23.348
22.77,21.225
24.373,24.293
26.164,26.053
22.992,21.989
21.92,20.738
25.314,24.831
26.533,26.414
25.068,24.586
22.59,22.446
21.025,20.544
24.426,22.326
23.358,23.274
25.84,25.7
22.935,22.815
24.205,23.706
24.948,24.793
25.208,24.854
23.901,22.243
18.965,18.745
25.897,25.292
25.712,24.749
24.933,24.485
25.054,24.833
24.532,23.174
25.333,25.161
24.401,23.727
26.533,25.83
26.258,25.749
25.605,23.812
26.02,24.142
25.118,24.91
21.914,21.284
23.461,23.239
23.98,23.825
24.375,24.001
24.811,24.47
25.609,25.41
25.101,24.658
22.231,21.431
15.477,15.358
25.777,25.263
25.726,25.459
23.718,23.387
16.958,16.828
25.523,23.68
25.249,24.811
23.829,23.432
22.556,22.371
26.124,23.795
24.452,24.348
17.423,17.312
21.358,21.29
22.374,21.95
25.142,24.519
22.692,21.731
10.65,10.549
24.345,23.924
25.8,25.262
22.128,21.587
25.163,24.271
25.944,25.729
24.615,24.128
22.844,22.652
21.789,21.542
23.229,23.086
25.422,24.733
23.691,22.512
23.905,23.494
24.438,22.648
18.01,16.891
25.749,25.31
26.721,24.513
24.508,24.408
21.834,21.212
22.384,21.942
25.594,24.971
23.049,21.527
16.387,16.017
26.458,25.961
25.725,25.466
26.439,25.854
26.02,25.413
26.198,23.875
26.84,26.328
25.224,23.815
26.418,25.789
21.135,21.413
24.585,22.64
18.84,17.809
26.104,25.917
24.33,24.237
20.479,18.673
25.7,25.235
21.257,20.997
24.671,23.388
23.714,22.234
26.027,25.658
25.331,24.917
23.887,23.601
20.661,19.834
25.228,24.774
25.486,25.223
25.357,25.153
25.21,24.993
24.6,24.077
26.835,26.525
25.901,25.569
25.984,25.732
26.511,25.932
26.077,25.577
22.309,21.813
25.822,25.436
22.76,22.573
24.033,23.21
26.884,26.705
22.421,22.305
21.63,21.47
17.724,17.347
25.654,24.508
26.266,25.756
24.037,23.959
24.593,24.309
26.694,26.041
26.519,26.228
25.93,25.602
19.294,19.144
20.568,20.474
25.768,25.562
26.567,26.026
23.06,22.894
25.068,24.893
21.403,20.2
20.968,20.524
26.244,24.245
26.116,25.595
21.351,20.818
25.818,25.532
24.967,24.541
26.931,26.453
23.092,22.722
22.649,21.764
26.193,25.889
24.768,24.129
26.809,26.601
25.126,25.07
25.495,25.093
21.599,20.744
26.304,25.915
23.754,22.67
23.908,21.447
20.166,20.052
22.9,22.429
24.734,24.373
25.72,23.413
24.386,23.952
22.723,21.476
22.952,21.717
24.562,23.067
24.327,21.712
26.667,26.159
26.034,25.466
25.604,25.223
26.41,26.194
22.494,21.273
25.59,25.218
18.191,17.957
18.547,17.7
26.495,26.101
22.484,22.155
26.516,25.953
24.572,24.256
26.432,25.938
22.04,20.798
16.969,16.813
22.299,21.127
22.398,21.215
22.181,20.63
23.453,21.663
14.761,14.669
21.275,20.11
24.579,23.25
22.71,22.639
25.937,25.544
24.746,24.963
26.717,26.021
26.968,26.509
26.787,26.301
23.986,23.475
25.637,23.926
23.597,23.465
25.644,25.438
21.885,20.967
25.3,24.901
26.741,26.113
23.588,23.416
24.948,24.606
26.905,26.446
22.753,20.904
26.0,25.724
22.651,22.478
23.376,23.278
25.752,25.19
26.103,25.671
25.656,24.351
21.579,20.788
22.011,21.822
20.666,19.31
24.195,23.721
24.531,24.332
22.184,20.923
24.121,24.032
26.715,26.52
25.065,24.617
26.226,25.7
25.811,25.378
26.194,25.58
25.173,22.775
25.817,25.465
21.106,20.013
25.881,25.748
26.584,26.13
23.292,23.0
25.671,25.251
26.575,26.217
26.716,26.1
24.28,23.09
23.548,23.464
26.118,26.035
23.994,23.757
22.145,21.891
25.473,24.758
21.012,20.858
23.756,23.371
23.816,23.59
26.36,25.879
20.445,19.414
22.763,22.634
26.731,26.225
26.174,25.964
20.712,20.593
25.147,25.063
22.387,21.904
26.808,26.406
24.719,24.487
25.998,25.721
26.276,25.679
16.993,16.628
25.923,25.277
26.733,24.212
25.425,24.325
25.716,23.451
26.877,26.482
26.826,26.358
24.839,22.634
26.534,25.971
20.774,19.923
23.743,23.194
19.512,19.251
24.254,23.829
25.654,25.089
26.441,25.957
24.491,24.329
23.441,23.12
25.93,23.915
23.881,22.991
25.953,25.656
25.211,25.041
24.364,23.913
22.144,21.882
24.48,24.33
25.176,23.617
26.958,26.494
23.806,23.724
25.923,25.769
22.745,21.258
26.888,26.293
20.53,20.321
20.284,19.591
18.697,18.39
26.043,25.706
25.233,24.747
24.556,24.185
25.183,24.68
24.343,24.215
22.764,22.68
19.704,18.899
26.118,25.52
26.99,26.736
22.284,22.014
26.818,26.622
25.342,24.274
17.345,16.87
22.583,22.319
24.241,23.543
25.106,24.994
17.499,16.536
23.165,22.78
21.99,20.735
25.115,24.75
21.119,20.95
26.834,26.008
25.243,24.683
23.562,22.704
25.87,25.258
21.736,19.965
18.823,17.561
26.521,26.062
25.385,25.103
23.139,22.122
25.984,25.329
26.875,26.325
26.713,26.411
22.837,22.736
25.022,24.902
24.827,24.464
16.675,16.386
26.333,25.939
25.797,24.088
26.968,26.366
22.457,22.396
18.664,18.433
24.814,24.483
22.88,22.811
26.373,25.883
24.763,24.633
26.891,26.398
24.635,24.192
21.584,21.399
24.615,23.337
22.59,21.802
24.127,23.687
24.786,24.66
23.533,23.266
25.802,25.14
22.717,21.895
25.224,24.798
19.582,18.546
23.931,22.054
26.419,26.114
26.019,24.157
13.765,13.687
15.997,15.769
25.105,24.67
26.263,26.048
25.522,25.21
21.54,21.431
26.808,26.462
25.826,23.704
24.69,24.289
24.66,24.044
22.431,20.91
22.342,21.237
26.099,25.581
23.932,23.006
24.085,23.679
23.04,21.984
22.988,22.599
23.578,22.804
24.073,23.715
23.548,23.384
22.568,22.462
25.837,25.627
26.695,26.249
26.952,26.574
26.073,25.295
24.457,24.336
23.544,23.321
24.244,24.028
24.641,24.06
20.813,20.454
23.965,23.575
24.005,23.77
25.5,25.431
25.685,25.517
20.966,20.881
22.369,21.464
16.133,15.995
23.202,21.855
26.305,26.135
25.396,24.971
26.051,25.888
23.769,23.385
26.738,25.959
18.1,17.849
23.004,21.876
23.9,23.405
24.663,23.916
25.386,25.135
24.547,24.399
26.005,25.061
26.089,25.941
24.734,24.175
24.539,24.08
23.756,21.213
25.03,24.926
25.777,25.283
21.868,21.78
24.347,24.275
26.215,26.099
21.033,20.957
26.69,26.155
16.108,15.953
24.175,22.071
24.461,24.373
19.79,18.513
23.776,23.317
21.615,21.268
25.607,25.388
26.603,26.396
24.747,23.928
25.752,25.294
26.544,26.019
24.432,24.287
26.711,24.422
23.444,23.32
26.755,24.873
25.637,25.42
26.82,26.611
24.871,23.17
26.978,26.699
24.795,24.243
25.378,24.524
19.545,18.76
26.031,25.39
18.292,18.173
26.602,26.201
22.674,22.089
25.886,25.292
16.905,16.81
26.269,26.1
18.419,17.576
25.16,24.895
24.154,22.393
25.667,25.249
22.726,22.451
26.276,25.981
22.827,21.146
25.077,24.26
25.385,24.9
22.565,21.228
22.645,22.434
22.97,22.893
15.762,15.544
23.389,23.317
22.224,21.95
20.683,19.852
24.502,23.472
22.604,22.373
21.35,21.113
22.469,21.253
26.575,23.945
23.285,23.179
24.613,24.429
24.715,24.193
24.737,24.026
23.337,23.274
22.621,21.177
25.417,23.346
26.494,26.267
20.327,20.16
18.571,17.858
25.552,25.02
24.688,23.583
23.227,22.851
26.054,24.427
26.3,25.814
25.653,25.527
26.821,26.088
24.554,24.142
26.465,25.869
22.706,22.531
23.531,22.944
21.513,21.314
22.639,22.415
22.541,21.435
20.465,19.62
26.28,25.975
25.645,25.476
24.397,24.181
25.84,25.232
24.099,22.4
23.589,23.189
25.722,24.38
26.041,25.947
24.589,23.378
26.642,25.28
25.824,25.421
23.957,23.388
25.139,22.78
23.918,23.738
25.706,25.281
21.214,19.545
25.899,25.684
24.401,23.955
26.487,26.305
24.959,24.529
24.571,24.201
22.945,22.781
25.94,23.375
26.831,26.508
20.792,20.48
26.96,26.433
24.513,24.165
24.711,24.618
24.344,23.609
18.818,17.994
23.363,22.869
23.092,22.892
22.501,20.943
23.91,23.411
26.514,25.812
24.565,24.186
20.338,20.172
22.139,22.054
21.771,20.994
25.895,25.241
26.705,26.267
24.728,23.897
26.617,26.446
21.937,21.814
24.388,23.775
25.011,24.912
26.374,26.071
26.244,25.882
25.479,24.819
25.096,23.482
23.883,23.297
25.771,25.468
20.26,20.152
26.773,26.133
26.999,26.527
24.223,23.868
26.625,26.264
26.031,25.657
26.016,23.714
22.769,22.284
24.975,23.847
25.597,22.954
23.243,22.814
25.93,25.675
25.385,23.428
24.194,23.621
22.897,21.411
25.713,25.584
26.77,25.671
24.706,24.541
25.82,23.371
26.335,25.661
26.062,25.846
24.56,24.448
19.167,18.034
26.479,26.142
26.271,25.755
17.885,17.714
18.174,17.887
25.019,24.537
26.278,24.345
26.642,26.23
23.938,23.591
19.455,18.469
23.961,23.479
26.012,25.54
24.591,23.126
23.877,22.298
24.328,23.869
25.089,24.655
24.147,21.671
22.315,22.49
20.493,19.205
24.771,24.335
25.935,25.746
26.349,25.245
23.783,23.804
24.45,24.387
25.448,23.478
26.919,26.463
23.05,21.712
26.778,26.219
25.017,24.698
22.431,22.265
21.665,21.142
18.93,17.645
25.432,24.984
25.806,25.178
25.474,25.357
25.272,24.814
25.279,24.86
26.626,26.463
25.007,24.807
20.631,19.648
23.276,22.762
21.95,21.737
24.204,24.152
24.997,23.303
26.964,26.547
25.019,24.834
20.629,19.67
20.228,20.033
17.75,17.476
24.838,24.417
21.644,20.798
23.285,23.164
21.02,20.258
24.514,24.315
16.701,16.524
25.802,23.647
15.914,15.78
23.929,23.03
24.792,24.248
17.948,17.088
21.265,21.099
24.19,22.329
24.307,23.685
26.464,25.976
23.906,23.53
24.679,23.428
24.476,22.584
24.817,23.649
19.696,18.442
26.085,25.849
25.513,23.759
21.902,21.684
25.81,25.042
24.767,24.259
26.69,24.16
26.09,25.77
22.808,22.036
26.667,26.162
26.211,25.709
26.026,25.531
26.091,25.682
25.787,25.508
24.648,24.421
26.97,26.356
21.369,21.296
25.898,25.143
22.808,22.746
23.196,22.527
26.402,26.031
22.326,22.209
21.825,20.891
26.979,24.715
20.77,20.592
24.375,23.987
26.021,25.633
21.373,21.266
23.407,22.495
21.614,20.323
26.369,25.951
24.875,24.369
24.369,24.299
24.734,24.389
25.335,24.78
24.713,24.336
25.342,24.699
24.766,24.529
24.231,23.894
22.202,21.855
19.0,18.745
25.023,24.656
20.197,19.316
25.461,25.093
25.503,24.903
22.612,22.15
25.24,23.091
24.348,21.983
16.851,16.763
21.824,21.512
22.932,22.531
19.1,18.993
25.458,25.097
20.449,19.102
21.789,21.414
23.133,21.798
24.907,24.507
24.765,24.375
25.15,24.673
26.081,25.315
22.374,22.282
24.19,22.293
25.595,25.213
26.989,26.749
23.076,22.62
26.375,26.136
25.732,25.231
23.417,23.0
23.535,23.031
25.719,23.833
23.743,22.483
25.358,25.146
19.524,18.791
24.613,23.232
26.065,24.06
24.507,22.106
23.386,22.296
26.623,25.939
24.032,22.857
22.712,22.387
25.909,25.487
22.895,22.589
23.635,22.266
26.498,25.733
25.174,24.56
22.332,21.875
25.739,25.381
22.107,21.959
26.962,24.469
25.881,25.371
20.13,19.466
26.553,26.083
24.011,23.462
24.577,24.133
21.675,21.608
26.245,26.028
25.076,23.49
21.445,20.961
24.13,23.927
26.749,26.274
26.939,26.712
24.109,23.829
24.797,23.046
25.732,25.631
21.713,20.713
26.475,24.138
24.891,22.828
23.967,21.749
23.029,22.946
18.442,18.239
25.363,24.835
26.012,25.659
24.898,23.344
24.072,23.128
21.723,19.93
26.924,26.622
22.426,20.923
23.822,23.56
26.706,26.103
24.251,23.945
25.809,25.511
23.169,22.29
26.622,26.133
23.639,22.028
24.303,24.065
26.488,26.002
26.192,26.082
25.624,25.252
26.572,26.189
24.931,24.507
26.261,25.856
25.757,25.35
23.99,23.577
25.999,25.603
26.266,25.896
21.194,20.363
26.442,26.089
22.091,21.88
22.22,20.474
24.873,24.483
24.538,24.062
21.713,21.444
25.658,25.169
24.807,24.499
21.111,20.752
26.263,25.855
21.452,20.514
25.138,24.98
23.36,21.641
17.314,17.169
24.335,23.878
17.687,17.413
22.02,21.715
25.056,24.661
21.305,20.916
24.051,23.368
26.476,23.93
25.848,24.367
26.751,26.19
26.774,26.623
22.378,22.277
26.259,26.034
23.877,23.629
26.231,25.959
26.001,25.577
26.807,26.542
22.929,21.419
26.316,24.844
26.973,26.588
25.104,24.775
21.993,21.128
26.688,26.271
23.333,23.157
26.626,25.882
22.318,21.448
21.617,19.948
21.568,20.014
26.972,26.588
18.296,16.635
26.171,23.985
24.352,23.393
22.333,21.962
24.742,24.441
24.933,24.566
25.525,24.483
24.076,23.541
26.84,26.602
20.266,20.085
25.406,25.256
24.281,22.474
23.551,21.772
22.434,22.166
23.346,22.943
19.821,20.017
25.868,25.666
16.057,15.822
18.129,18.032
25.927,24.537
15.181,15.028
24.966,23.774
24.344,23.915
25.529,25.433
26.976,26.645
26.794,25.562
24.962,24.721
20.607,19.834
25.257,22.949
24.17,23.735
24.526,24.063
26.707,26.353
25.331,25.183
26.077,25.654
26.25,25.784
22.56,22.07
23.249,22.862
22.365,22.12
25.083,23.854
21.079,20.931
21.748,21.048
26.715,26.407
23.993,22.464
16.978,16.852
23.896,22.825
26.253,26.078
25.442,24.886
23.858,23.429
22.648,22.554
21.934,21.522
23.086,21.544
26.359,25.167
25.739,25.538
25.078,24.925
25.808,24.098
24.953,24.887
22.487,21.415
25.494,22.88
26.193,25.496
24.048,22.515
23.357,22.171
23.798,23.666
22.428,22.122
24.963,22.702
24.904,24.5
26.771,26.338
23.197,22.664
20.616,19.706
23.208,22.195
22.95,22.81
18.168,17.349
23.892,23.541
26.008,23.639
26.007,25.45
23.877,22.95
22.023,20.458
26.768,26.343
24.117,22.999
25.363,24.987
24.844,23.084
26.842,26.416
24.909,23.814
24.902,24.535
25.514,25.004
24.505,23.904
24.604,24.18
22.073,20.553
26.764,25.767
21.283,20.834
23.152,22.84
26.643,26.071
16.306,16.083
24.063,23.62
19.292,18.68
25.255,24.853
26.654,26.307
25.422,24.716
25.843,25.19
26.482,26.073
24.086,23.652
24.947,24.471
20.313,20.122
22.407,22.311
24.99,24.888
24.66,24.606
24.169,23.551
20.66,19.943
22.948,22.493
25.804,25.623
20.355,18.887
22.973,21.985
20.794,19.799
26.816,26.282
26.132,25.157
26.576,26.261
24.876,24.366
25.244,24.866
23.989,23.744
26.333,25.778
25.364,25.002
24.88,24.414
23.6,23.227
23.094,22.962
25.974,25.597
22.063,21.846
23.793,23.63
18.202,17.995
21.81,21.592
26.299,26.023
21.895,21.828
24.24,24.068
20.692,19.965
22.059,21.939
22.134,20.679
25.226,25.046
25.313,24.838
23.957,23.874
25.086,24.727
24.902,24.682
25.83,25.51
24.528,24.402
26.265,25.993
25.611,25.219
26.626,26.386
26.234,24.707
21.196,20.957
26.996,26.439
26.18,24.86
24.743,24.323
25.508,25.005
18.87,17.994
19.028,17.714
23.522,22.529
23.775,22.349
26.323,25.989
22.421,22.122
23.859,23.477
26.662,26.247
25.041,24.594
24.636,24.455
23.545,21.937
25.386,24.913
26.967,24.436
26.173,25.959
24.327,23.961
23.207,23.089
20.767,20.683
24.606,24.039
25.429,25.2
21.862,20.735
25.481,23.861
24.876,24.37
25.553,25.126
24.141,23.935
26.476,26.167
17.725,16.834
26.23,26.114
25.373,24.965
26.324,25.733
25.261,25.024
23.909,23.614
16.641,15.627
12.379,12.306
26.275,26.106
24.887,24.587
23.49,22.676
26.553,26.355
24.69,24.527
22.629,22.434
25.547,25.01
19.137,18.921
25.039,24.968
22.944,22.57
26.076,24.675
21.804,20.837
24.678,23.633
16.332,16.271
21.442,21.268
25.95,24.813
23.925,22.238
26.744,26.548
25.215,23.618
20.922,19.28
26.249,23.939
23.423,23.15
17.897,17.657
25.927,25.422
21.608,21.313
25.084,24.994
24.176,24.043
23.615,23.22
25.354,25.15
24.842,24.504
26.527,26.296
21.797,21.28
23.147,22.836
21.43,20.97
25.236,25.092
21.509,20.597
23.834,22.73
25.455,24.868
22.599,21.134
26.883,26.338
22.619,22.229
21.051,19.398
24.077,23.972
23.953,21.566
22.997,22.91
23.334,22.444
20.742,20.49
23.753,23.251
23.244,21.511
24.48,24.266
25.206,24.819
23.133,22.799
23.645,22.474
23.686,23.35
26.378,26.13
22.393,21.932
26.922,26.511
21.43,21.295
26.331,25.792
23.125,21.656
25.741,25.155
25.28,25.061
24.305,22.336
26.006,23.96
18.448,18.323
23.75,23.585
25.727,24.074
25.22,23.308
18.816,18.725
24.91,24.673
21.324,19.844
25.96,25.856
26.778,26.062
22.897,21.921
24.798,24.017
26.901,26.472
25.011,24.586
24.35,24.264
21.549,20.738
26.673,26.378
21.465,20.376
24.691,24.087
23.755,23.699
25.413,24.895
24.521,23.045
24.393,24.169
25.018,24.915
25.84,24.179
24.089,23.958
24.914,24.739
23.374,23.097
26.049,25.28
25.728,25.545
25.844,25.345
24.961,24.634
24.998,24.861
25.311,24.963
25.771,25.369
20.601,19.504
22.119,21.878
21.053,20.58
24.943,24.481
26.146,25.571
25.987,25.553
26.884,26.625
22.502,22.409
22.03,21.877
23.7,23.524
24.062,23.758
26.26,25.773
23.502,23.329
16.035,15.823
21.406,19.762
18.583,18.753
21.078,20.983
26.635,25.878
22.451,21.448
26.254,26.158
22.71,22.554
26.901,26.395
25.533,24.916
19.151,18.527
23.274,22.824
26.513,26.041
26.713,26.426
24.447,23.948
26.272,25.868
24.243,23.982
26.48,25.983
26.041,25.749
24.178,23.777
24.717,24.286
15.501,15.322
26.919,26.438
26.773,25.926
20.518,19.471
26.888,26.549
25.712,25.4
23.489,22.981
25.795,25.488
19.561,18.947
23.759,23.582
26.528,26.148
19.643,18.964
24.188,24.006
22.673,22.297
24.551,24.284
26.989,26.722
22.194,21.139
13.064,13.0
26.612,24.34
23.075,21.232
13.042,12.967
19.457,18.294
25.955,25.035
26.276,25.996
25.459,25.386
23.875,23.326
21.719,20.321
25.984,25.312
23.221,22.065
24.069,23.597
25.518,24.695
25.569,23.432
23.528,23.088
26.741,26.45
23.954,23.81
23.037,22.755
24.994,24.816
25.205,24.627
26.746,26.285
25.242,24.726
25.272,23.171
25.231,24.665
25.775,25.29
24.484,24.073
24.955,24.54
25.972,25.86
26.899,26.361
26.068,25.864
26.233,25.669
26.683,25.888
26.371,26.201
26.178,24.329
24.949,24.618
23.249,23.013
22.877,22.347
26.67,26.314
25.761,23.248
26.647,26.361
25.94,25.371
23.781,23.237
25.944,24.133
24.472,22.569
23.318,23.016
23.369,22.758
26.096,25.801
26.222,25.819
23.855,23.53
24.731,24.572
26.775,26.227
26.836,26.156
25.86,25.217
25.644,25.56
25.933,25.342
21.954,21.21
26.609,25.8
26.905,26.681
24.215,23.977
19.473,19.237
26.74,26.331
26.918,26.054
17.418,17.238
26.004,25.905
25.153,22.753
25.242,24.8
24.906,24.394
26.33,26.116
26.382,25.986
25.775,23.236
24.803,24.284
26.919,26.549
25.854,25.641
22.655,22.16
26.359,25.979
26.782,26.62
24.929,23.238
20.093,19.838
23.172,23.018
26.757,26.566
26.063,25.568
24.106,23.551
23.061,22.623
24.985,24.608
25.559,25.405
23.251,23.172
25.915,25.278
26.206,25.582
26.516,25.919
26.887,26.336
21.507,21.438
25.85,25.577
26.646,26.109
24.193,23.844
24.394,24.039
26.81,26.305
25.553,24.22
22.531,21.82
26.484,26.281
26.784,26.368
23.176,22.872
26.649,26.217
25.763,25.659
21.104,20.011
24.329,23.941
18.496,18.431
23.151,20.794
25.136,24.684
12.977,12.829
24.751,24.268
24.345,23.691
26.374,25.953
26.052,25.731
23.155,22.886
22.588,22.479
22.117,21.213
26.998,26.588
16.512,16.31
24.42,22.998
25.059,24.429
26.893,26.759
25.19,24.923
26.745,26.295
25.841,25.532
25.107,24.813
25.512,25.096
25.335,25.186
24.911,23.85
25.092,24.245
26.952,26.658
24.078,23.543
20.768,20.705
25.227,24.736
24.228,23.631
24.215,24.011
19.746,19.558
22.416,21.936
24.997,24.571
26.12,25.941
20.65,20.516
25.377,25.104
15.812,15.589
25.268,24.897
26.819,26.503
24.629,24.113
25.265,24.992
25.257,24.737
23.804,22.903
22.638,22.423
21.498,21.372
19.121,19.027
26.763,26.392
26.737,26.116
22.508,22.433
26.892,24.937
26.255,25.859
26.022,25.469
22.241,20.292
24.056,23.631
18.686,18.588
26.928,26.198
26.272,25.756
24.298,24.114
21.92,21.725
21.41,20.731
20.137,19.025
26.553,26.052
24.493,24.388
24.685,23.408
24.798,24.242
25.974,25.566
22.794,21.762
16.149,15.943
18.892,18.69
22.554,22.364
21.414,19.991
25.473,25.251
23.109,22.833
25.144,22.472
23.829,23.693
25.57,23.15
26.422,25.943
23.172,22.272
21.91,21.744
22.338,22.243
23.086,22.357
24.739,24.256
26.164,25.577
23.822,23.244
26.045,25.735
25.813,25.673
24.378,24.019
22.676,22.6
26.508,26.078
20.516,19.345
26.969,26.388
22.973,22.599
26.28,25.87
19.658,19.447
26.786,26.158
25.231,25.466
24.878,22.91
24.274,23.856
26.42,26.081
24.289,22.345
21.056,20.111
26.212,25.898
26.077,25.638
24.522,24.053
22.058,20.933
23.788,22.821
24.0,23.822
26.583,26.254
21.301,21.002
24.394,24.033
25.82,25.403
20.063,19.462
21.895,21.519
26.651,26.432
18.29,16.989
24.878,24.5
24.129,21.598
25.43,25.092
26.841,26.455
26.225,26.014
22.776,22.451
26.971,26.617
24.944,24.821
23.513,22.671
22.591,21.215
16.192,15.707
23.8,23.368
25.705,25.546
23.395,22.472
19.129,18.325
26.452,26.065
14.669,14.601
26.871,26.433
23.835,21.866
24.527,23.066
24.404,23.909
19.31,18.807
18.695,18.585
23.221,23.118
22.549,22.098
24.286,22.578
26.54,24.813
25.494,25.152
24.265,23.977
26.793,26.287
23.794,23.519
23.666,23.492
26.272,26.083
21.801,20.35
23.967,23.779
20.187,19.905
25.46,24.982
23.9,23.643
23.514,23.834
16.015,15.86
26.068,25.939
23.427,22.569
23.444,23.057
22.15,21.4
24.757,23.632
25.734,25.59
22.138,21.579
25.595,25.078
24.247,22.768
23.542,22.522
26.933,26.704
22.048,21.735
25.939,23.418
24.836,23.363
24.123,23.72
25.061,23.894
24.127,22.27
19.286,18.737
24.907,23.724
26.79,26.46
24.397,24.048
26.482,26.012
26.851,26.432
24.001,23.277
24.388,24.036
26.038,25.439
21.351,19.891
24.334,22.543
24.884,23.389
25.902,25.217
23.991,23.542
25.827,25.579
14.686,14.407
18.96,18.566
25.933,25.241
26.68,26.506
26.153,25.425
16.64,16.446
24.956,24.285
24.041,23.689
24.476,23.543
22.846,22.659
24.98,24.571
24.714,24.607
24.497,23.073
26.156,25.923
20.852,20.654
22.494,22.287
25.162,23.934
25.438,25.013
25.634,25.218
18.63,17.628
22.957,22.75
22.956,21.917
22.977,22.859
24.853,22.988
26.363,25.598
23.314,22.941
25.997,25.467
21.818,21.748
26.768,26.117
26.962,26.762
23.526,23.217
25.29,23.026
25.022,24.72
25.173,24.892
26.749,26.278
25.204,24.769
24.174,23.701
26.777,26.256
24.115,22.634
24.003,23.855
22.032,22.124
25.735,24.899
25.736,25.422
22.833,22.469
24.855,24.279
25.976,24.129
23.281,22.162
25.479,25.038
19.377,19.303
22.985,21.172
25.498,25.136
25.714,25.419
26.775,26.207
24.431,23.992
22.092,21.614
23.297,23.07
23.184,22.714
23.091,22.621
26.66,26.384
23.896,22.859
18.965,18.73
26.064,25.515
25.865,25.622
20.979,20.432
23.525,23.132
22.931,22.699
24.466,24.161
22.721,22.328
25.802,25.06
25.217,24.817
24.522,22.788
24.987,24.579
25.057,23.479
25.138,25.022
26.831,26.629
23.81,23.488
26.076,25.727
22.699,22.538
22.502,21.006
21.256,19.259
21.396,21.169
24.046,23.917
26.42,25.954
25.227,25.022
26.744,26.248
25.295,24.794
20.423,20.143
16.46,16.329
23.63,23.344
22.265,21.049
26.236,25.747
26.644,25.912
24.827,23.933
26.238,26.086
26.468,25.752
25.004,24.251
23.208,22.623
24.278,24.114
22.019,21.772
26.652,26.001
23.04,21.048
25.771,25.666
25.589,25.449
24.242,24.146
26.274,23.788
23.821,21.93
20.99,20.468
22.049,21.962
20.629,19.508
25.041,24.906
25.126,24.957
26.031,25.601
25.95,24.939
20.282,20.228
24.695,23.309
22.307,22.155
18.78,17.979
25.541,24.767
18.531,17.689
25.702,23.915
24.991,24.701
26.234,23.881
25.158,24.752
24.555,24.388
26.989,26.442
21.129,19.555
26.877,26.507
25.57,25.157
26.954,26.555
24.841,24.517
26.894,26.469
24.241,22.15
26.638,26.164
24.049,23.522
22.479,21.856
26.393,26.146
26.281,25.87
26.534,25.94
24.687,24.324
13.993,13.941
16.68,16.561
26.029,25.795
26.768,25.974
26.282,25.699
23.301,22.831
17.493,16.482
25.307,25.042
18.408,17.599
26.56,26.019
26.094,25.788
20.711,20.431
18.185,17.922
25.656,25.089
26.481,25.977
16.433,16.148
23.858,23.673
26.828,26.392
25.678,25.577
26.932,26.356
25.492,24.98
21.924,21.754
26.712,26.214
25.982,25.532
24.239,23.927
13.805,13.676
25.1,24.647
25.883,25.236
26.896,26.654
18.613,18.283
24.954,24.832
26.265,25.94
26.73,25.948
23.68,23.364
24.763,24.417
26.578,25.856
21.391,19.28
25.738,25.544
24.578,24.138
26.39,26.047
25.649,24.138
16.281,16.164
25.998,23.466
26.048,25.639
24.262,24.105
23.892,23.496
25.304,25.24
23.4,22.291
26.206,26.086
24.851,24.428
26.631,25.146
23.245,22.056
20.551,19.818
25.096,24.443
23.349,22.918
22.934,22.489
24.472,24.046
22.491,22.386
23.006,22.601
24.19,23.905
26.453,25.965
19.271,19.118
26.058,25.466
22.765,22.207
14.049,13.783
25.302,24.162
25.572,23.716
21.633,21.253
25.887,25.698
26.616,24.875
26.493,26.2
24.927,24.806
21.49,20.764
24.526,24.256
25.07,24.706
26.491,26.205
24.068,23.337
26.93,26.641
20.402,20.205
26.181,25.703
23.437,22.648
25.411,25.06
23.746,23.24
20.311,20.162
26.114,25.763
16.407,15.252
26.859,26.706
25.865,25.567
24.023,23.598
26.361,25.99
25.133,24.782
22.013,21.604
21.352,21.303
25.641,25.243
26.849,26.623
26.414,26.036
22.198,21.633
23.326,23.094
22.904,22.594
21.956,21.497
19.953,19.716
13.055,12.982
26.377,25.835
26.547,26.324
21.952,21.883
23.93,23.331
16.24,16.013
26.209,25.804
23.057,22.966
25.46,25.027
16.009,15.547
24.94,24.428
24.692,24.63
22.413,20.988
26.351,23.712
24.834,24.422
25.907,24.797
26.084,25.662
23.924,23.563
26.732,26.327
24.754,24.112
25.909,25.754
25.341,23.242
26.903,26.445
26.669,26.346
22.032,21.784
26.552,26.061
22.517,22.355
22.115,21.655
26.433,25.584
26.292,25.662
25.838,25.688
26.789,26.228
26.191,25.592
25.466,24.909
26.843,26.346
26.638,26.091
26.883,26.464
25.431,25.146
21.323,20.969
23.221,22.698
24.701,22.246
23.94,21.607
26.179,25.693
22.675,21.988
18.59,18.492
26.754,26.45
25.973,25.557
26.489,25.79
25.325,23.934
24.212,23.909
26.889,26.388
21.432,20.269
26.677,26.463
24.879,24.252
20.91,20.245
25.446,23.239
25.349,24.847
26.6,24.75
26.275,26.09
26.696,26.333
24.276,23.036
25.735,24.9
26.97,26.626
24.514,24.046
26.022,25.619
22.29,22.177
26.047,25.571
26.49,26.056
26.381,25.575
26.587,26.139
26.179,25.685
25.287,23.133
25.323,24.952
25.062,24.438
22.719,22.332
24.374,22.495
25.117,24.688
23.167,22.803
24.011,23.677
22.367,22.065
24.686,24.142
26.975,26.367
26.94,26.275
23.695,23.63
18.737,18.601
25.647,25.029
26.363,26.029
25.403,25.22
25.979,25.871
23.825,23.393
26.215,25.579
15.867,15.663
23.84,23.422
24.544,24.244
26.075,24.747
24.807,24.453
22.23,21.024
25.331,25.095
23.808,23.366
24.666,24.49
26.395,26.236
26.399,25.915
26.313,25.778
26.941,26.681
24.252,23.973
22.201,21.67
25.238,25.173
25.851,25.312
22.659,22.161
25.762,25.267
23.59,23.521
23.247,23.065
16.94,16.838
26.648,26.115
26.812,26.545
24.591,23.078
25.662,25.098
20.27,20.053
20.221,18.721
25.275,24.904
25.242,24.867
21.51,21.295
20.341,18.881
26.118,25.618
25.656,25.181
20.35,20.177
26.913,26.731
26.545,25.724
23.148,23.01
26.004,25.874
24.63,23.983
26.223,25.753
25.388,24.774
21.655,20.482
20.754,19.552
17.114,16.917
26.854,26.254
23.254,22.384
23.109,21.965
21.183,21.052
24.33,23.945
20.025,18.909
23.965,23.797
26.085,25.938
26.086,25.644
23.368,22.21
23.229,23.069
21.832,21.71
26.525,26.065
26.813,25.205
24.064,23.872
26.56,26.434
24.619,23.3
24.959,24.441
25.774,25.172
24.511,23.966
20.867,20.228
22.806,22.68
23.951,23.543
19.854,19.099
26.385,26.048
23.177,22.69
25.897,25.462
26.156,25.736
25.153,24.746
26.733,26.53
25.149,24.922
21.24,20.338
24.119,22.098
25.429,24.878
21.553,21.425
16.907,16.52
22.635,21.022
26.951,26.757
24.86,24.411
25.355,24.74
24.41,23.922
26.694,26.298
26.645,26.508
20.115,18.778
26.126,25.786
23.554,22.114
25.812,25.391
25.773,25.482
23.923,23.298
23.078,22.674
26.431,25.951
25.043,24.514
26.323,25.866
26.663,26.217
24.356,23.304
25.286,25.147
25.644,25.253
26.55,26.059
23.022,20.914
19.362,18.958
26.007,24.202
23.488,21.629
25.732,25.29
26.562,26.421
26.22,26.002
25.996,24.85
25.724,25.177
26.974,26.707
26.729,26.214
23.989,23.797
21.439,20.873
24.277,23.938
26.76,26.146
19.114,18.361
25.453,25.248
26.377,26.029
23.121,21.046
26.263,25.819
21.905,21.68
25.837,23.606
26.023,25.658
18.957,18.86
25.783,25.189
24.158,23.848
25.467,25.075
17.193,16.567
24.613,23.166
20.807,20.003
22.344,22.194
21.302,20.513
26.014,23.91
25.3,25.272
26.336,25.875
26.281,26.118
24.643,24.526
25.783,24.564
26.494,26.208
23.656,23.339
25.454,25.003
20.109,18.825
23.684,21.843
23.344,22.884
19.916,19.663
25.312,25.054
24.048,23.464
26.746,26.308
24.958,24.554
26.767,26.466
26.898,26.694
26.781,25.672
24.536,24.3
25.439,24.876
23.917,23.422
24.228,23.458
18.685,18.97
21.803,20.362
24.105,23.746
26.278,23.808
25.461,25.21
20.13,19.748
23.709,23.376
24.537,24.38
25.266,25.046
19.115,18.537
25.99,25.332
24.478,23.513
25.968,25.361
25.583,25.517
26.642,26.166
19.446,18.646
22.375,21.218
25.029,24.815
23.911,23.225
21.409,19.963
20.738,20.626
25.721,25.494
16.866,16.452
26.734,24.308
26.906,26.393
26.337,25.875
23.646,23.488
24.672,24.567
25.301,25.044
22.923,21.683
26.468,26.486
26.158,25.649
26.518,26.255
23.113,22.914
23.783,23.455
24.159,23.497
21.029,20.887
25.873,25.389
25.134,25.015
24.838,24.302
25.424,24.972
25.778,25.432
24.977,24.513
23.827,23.374
26.996,26.597
23.539,23.364
24.206,23.973
25.127,24.597
19.895,19.717
25.419,24.938
22.576,21.821
23.808,23.64
24.962,24.577
23.409,22.634
25.025,24.886
20.622,19.274
26.935,26.566
26.751,26.396
25.858,24.844
24.142,23.687
22.859,21.741
26.177,25.699
26.765,26.112
26.324,26.132
23.586,23.296
25.058,23.348
18.731,18.637
25.722,25.21
26.699,25.942
25.148,24.959
25.726,24.957
11.63,11.323
23.527,23.077
25.827,25.561
26.321,26.037
25.417,24.53
20.169,19.071
23.196,22.678
22.797,22.577
24.929,22.809
25.589,25.158
21.091,20.913
26.035,25.894
26.237,25.687
22.633,22.517
24.988,24.773
23.621,22.428
22.044,20.871
24.453,24.075
26.556,24.635
26.685,26.269
26.932,26.389
22.565,22.43
25.87,23.945
21.484,21.378
25.882,24.535
17.651,17.462
26.098,25.175
26.005,25.828
26.645,26.52
23.485,23.241
21.805,21.066
25.406,25.061
14.947,14.836
26.032,25.368
26.727,26.508
22.741,22.548
26.126,26.044
25.703,24.97
24.496,23.547
25.349,25.035
21.992,20.741
24.207,23.908
25.951,23.91
25.962,25.401
25.548,23.061
18.751,18.431
24.951,24.602
23.723,22.589
26.373,25.918
26.258,26.064
20.448,19.875
24.135,23.582
26.973,26.077
26.716,26.299
24.758,24.653
26.399,25.953
25.343,24.817
26.26,25.676
26.797,26.489
21.62,21.482
21.041,20.965
15.171,15.035
24.436,23.909
24.572,24.265
24.586,24.078
20.096,19.194
26.383,25.65
26.447,25.77
26.888,26.118
22.553,21.153
25.17,24.819
26.796,26.503
17.165,17.0
24.657,24.191
24.08,23.058
26.513,25.944
26.014,25.922
19.494,19.229
19.178,19.113
21.782,21.508
25.67,25.347
25.427,24.556
24.98,24.455
25.961,25.815
25.795,25.527
25.667,25.249
23.084,22.49
24.52,24.393
24.15,23.221
24.856,24.712
18.754,17.767
24.789,24.408
19.349,18.788
25.049,24.929
24.848,24.442
25.697,23.27
23.75,22.549
21.234,21.181
24.84,23.58
25.796,25.495
17.435,16.951
25.781,25.291
25.624,24.561
26.803,26.377
24.213,23.671
26.225,25.654
24.138,23.965
25.628,25.397
23.585,23.271
26.939,26.387
26.835,26.351
26.467,25.851
24.626,24.251
25.832,24.234
26.454,26.154
18.283,18.068
25.176,24.745
24.099,23.735
23.715,23.179
25.998,23.554
24.242,23.252
25.803,25.654
26.445,25.94
24.79,24.59
22.372,22.264
22.204,21.639
25.374,23.673
26.634,26.029
24.988,24.715
25.632,25.398
24.086,23.659
14.856,14.757
25.216,24.767
24.648,23.796
26.831,26.384
26.769,26.458
23.868,22.013
26.539,26.121
24.745,24.299
25.65,23.853
26.658,26.12
22.527,22.3
22.812,22.707
22.683,22.452
25.591,25.08
25.074,24.967
25.253,22.967
25.457,24.786
26.878,26.389
24.215,23.641
26.464,23.95
20.113,19.701
21.182,19.997
25.91,25.534
26.86,26.52
26.801,26.377
24.07,23.881
18.555,18.377
24.878,24.698
26.801,24.372
20.755,20.566
26.967,26.526
19.317,18.658
26.953,26.408
25.907,25.69
24.397,24.076
15.458,15.335
22.055,20.709
23.761,22.661
24.21,24.124
25.872,25.475
25.208,24.84
26.203,24.114
20.442,20.413
13.948,13.812
26.744,26.253
26.746,26.162
25.398,24.794
26.649,25.358
25.184,24.987
25.118,24.62
18.46,18.2
23.48,23.214
26.343,26.158
25.021,24.783
22.738,22.63
24.153,24.064
25.364,24.717
26.277,25.89
24.281,24.016
24.434,24.289
23.589,23.442
25.574,25.218
24.888,22.479
26.627,25.796
22.985,22.657
19.047,18.662
24.927,23.931
24.218,23.795
26.496,26.227
22.817,21.905
23.599,23.544
25.575,24.456
26.957,26.543
26.855,24.889
26.987,26.643
22.535,20.964
15.12,14.871
24.612,23.579
26.423,26.694
25.008,24.608
25.038,24.851
23.716,22.748
26.719,26.451
23.577,23.191
23.709,23.471
24.699,23.847
25.595,24.651
19.055,17.994
25.208,25.099
24.781,24.351
25.194,24.674
25.014,24.888
24.377,24.056
23.766,23.439
24.458,23.409
23.933,23.475
22.925,22.131
19.165,18.243
26.043,24.434
23.93,22.643
26.877,26.528
24.354,23.158
23.489,23.211
26.473,25.666
23.927,23.562
25.744,25.45
24.387,23.811
25.749,25.577
21.056,20.746
26.148,25.611
23.288,23.119
25.062,24.23
18.205,17.73
20.473,20.351
26.372,25.889
25.357,24.648
17.901,17.47
23.07,22.59
22.699,21.447
22.446,21.754
26.547,26.049
26.325,25.784
26.657,25.94
22.967,22.492
16.956,16.674
25.078,24.298
21.697,20.103
25.852,25.257
24.818,24.349
25.555,25.205
25.111,24.681
23.865,23.751
19.005,18.714
26.47,25.877
26.989,26.29
19.461,19.393
19.913,19.066
20.11,19.62
23.669,23.232
25.881,25.617
25.923,25.659
21.067,20.811
23.871,22.802
26.414,25.774
24.074,23.905
23.29,22.991
26.183,25.129
25.84,25.45
21.809,20.522
22.965,22.481
23.0,22.53
26.282,25.666
25.719,25.398
24.248,24.076
21.434,20.703
26.905,26.524
22.308,22.207
25.021,24.774
24.976,24.83
23.41,22.924
21.631,20.577
26.87,26.417
24.063,22.197
23.214,22.747
24.487,22.39
25.405,24.871
25.904,25.25
26.978,26.781
26.503,26.002
24.137,22.539
26.511,25.88
21.349,19.474
23.434,23.315
26.869,26.45
26.703,26.485
25.205,24.754
25.256,25.03
24.21,23.934
20.05,19.982
26.497,26.192
26.623,26.116
22.795,22.562
24.26,24.092
26.578,26.224
22.299,21.18
23.083,22.854
24.409,24.061
26.745,26.05
26.68,26.238
23.649,22.723
25.912,25.215
24.573,24.348
14.584,14.455
26.659,26.091
24.463,22.845
24.013,22.062
21.36,21.127
26.904,26.479
22.209,21.744
24.585,24.471
20.852,20.477
25.986,25.493
21.002,20.885
18.844,18.445
25.402,25.325
23.838,23.394
25.77,25.254
23.846,23.104
26.918,26.536
20.918,20.622
22.611,22.204
20.771,19.28
24.916,24.808
19.525,17.97
26.388,26.203
26.779,26.287
26.226,25.638
24.158,23.802
21.022,19.63
23.115,23.21
22.346,21.063
26.655,26.04
26.402,25.88
24.532,23.65
22.11,21.967
24.517,24.104
23.267,22.998
16.726,16.442
14.541,14.351
25.92,25.538
25.861,25.428
17.568,17.496
17.367,17.248
24.356,23.614
21.107,20.838
24.34,23.627
23.552,22.838
22.331,21.581
15.412,15.252
26.242,23.826
26.086,25.608
26.707,26.146
25.364,24.452
26.999,26.53
26.867,24.396
20.762,20.538
22.439,21.554
18.28,17.062
23.583,23.166
24.554,24.405
26.939,26.625
26.55,26.07
25.019,24.648
25.085,24.73
23.267,21.975
26.667,26.228
23.177,22.775
24.315,23.877
26.901,25.411
26.026,24.907
24.122,23.258
26.601,26.258
20.07,19.712
25.501,25.045
25.926,25.796
19.257,18.353
18.965,17.603
26.904,26.61
26.234,25.568
25.431,24.82
16.659,16.515
13.032,12.672
25.225,24.86
22.937,22.512
26.481,25.215
25.507,25.015
24.462,23.888
24.338,24.219
26.64,26.256
22.902,21.038
24.828,23.078
26.042,25.526
26.778,26.388
25.836,24.947
26.641,26.16
16.608,16.275
26.826,26.363
26.555,25.993
22.81,21.086
24.037,23.643
21.365,21.299
23.406,21.03
25.017,24.541
25.515,25.333
26.978,26.718
24.644,24.395
24.577,22.872
23.914,22.867
26.891,26.495
25.486,25.299
24.911,24.807
26.973,26.461
23.79,23.706
19.683,19.008
23.836,23.547
24.403,24.334
26.839,26.108
22.629,21.181
23.293,23.154
25.833,25.364
23.446,23.303
21.856,20.559
26.939,26.805
26.034,25.579
26.007,25.321
26.223,25.477
25.838,25.263
26.873,25.438
26.116,25.693
25.425,24.417
20.115,18.724
21.815,20.637
17.275,16.986
15.797,15.55
25.522,23.089
26.001,25.818
26.596,25.835
26.971,25.921
20.937,20.866
23.161,22.061
25.507,25.224
25.519,24.943
24.858,24.267
20.503,20.392
21.876,21.599
21.985,20.679
22.352,22.048
23.275,21.455
22.351,20.834
26.095,25.539
25.961,25.174
26.545,25.424
23.422,23.125
25.334,24.926
26.012,23.419
24.149,23.96
20.514,20.249
25.457,24.713
26.753,26.338
22.283,20.952
26.263,23.765
23.991,21.906
21.467,20.982
26.035,25.504
24.107,23.798
19.742,19.297
25.612,25.016
25.862,25.41
23.038,22.979
25.855,24.908
26.702,25.981
26.14,25.486
23.601,21.528
24.999,24.825
26.814,26.416
20.821,19.518
22.347,22.079
22.62,22.352
23.331,23.196
24.334,23.933
25.97,25.453
22.536,20.857
25.62,23.546
25.571,25.111
25.1,24.88
24.215,24.124
26.685,26.268
23.033,22.613
22.98,22.174
25.571,24.352
22.93,22.543
22.52,22.267
25.087,24.737
22.931,22.798
26.29,25.774
24.879,23.89
24.883,24.656
26.274,25.695
24.601,24.513
26.1,25.545
26.077,25.863
25.714,25.445
26.194,25.538
24.16,24.076
25.776,25.65
26.134,25.665
19.288,18.146
24.694,24.119
20.616,19.595
22.352,21.936
25.232,24.055
23.448,22.993
25.816,23.898
26.309,25.893
26.63,26.099
26.552,24.057
17.249,17.03
22.732,21.591
26.332,26.067
26.826,26.329
26.264,25.674
23.465,21.852
21.416,20.799
22.236,20.852
26.687,26.226
26.2,25.864
21.149,20.68
16.676,16.527
25.694,25.621
26.532,24.332
24.835,24.716
21.781,20.748
24.725,24.552
19.452,18.586
24.273,24.09
24.002,23.896
23.875,23.691
25.306,25.02
26.886,26.476
25.027,24.714
22.609,21.707
25.812,25.347
21.603,21.151
26.945,26.367
24.245,23.887
22.305,22.127
23.63,23.548
26.492,26.239
21.436,19.92
23.316,22.85
26.43,25.077
26.739,26.538
22.994,22.849
25.54,25.057
14.814,14.611
20.581,19.388
20.247,19.63
25.203,24.752
26.442,25.667
17.961,17.398
22.919,22.462
26.462,26.072
22.941,22.616
25.364,23.268
15.119,14.957
23.564,22.382
26.741,26.306
23.39,23.086
26.93,24.937
13.397,13.189
25.391,24.967
23.259,21.739
24.956,24.394
25.831,25.379
18.812,17.995
26.416,25.806
24.562,24.29
26.365,25.474
23.018,21.745
23.555,23.542
16.822,16.519
19.889,19.772
24.97,24.748
23.855,23.376
24.513,23.457
20.939,19.817
26.757,25.016
25.494,25.072
24.954,23.991
25.438,25.233
26.97,26.598
26.306,26.015
20.89,20.661
26.345,25.867
25.404,24.398
22.519,22.32
26.011,25.744
25.78,23.978
24.457,23.249
26.806,26.625
23.58,22.698
25.212,24.734
25.092,24.492
15.686,15.507
24.427,23.651
22.816,22.444
25.833,25.34
24.927,24.656
23.535,23.422
25.957,25.36
19.872,18.963
22.23,22.04
25.111,24.739
26.08,25.57
22.008,21.811
19.692,18.909
25.745,25.061
21.741,20.413
26.888,26.29
22.502,22.149
26.902,26.299
26.625,25.933
24.056,23.613
26.518,26.094
25.078,24.952
26.367,25.738
26.641,26.454
24.13,22.64
26.306,26.151
25.622,25.125
26.385,26.225
25.47,25.304
23.602,23.341
26.502,26.057
24.666,22.818
21.173,21.041
24.262,23.867
26.59,24.428
23.105,23.01
26.128,24.287
22.787,22.376
23.752,23.124
26.885,26.494
25.016,22.601
23.643,23.417
24.369,23.915
26.652,26.429
26.837,24.575
21.722,20.193
24.136,24.024
24.925,24.502
20.706,20.304
26.272,25.703
23.277,21.419
26.633,26.201
22.304,22.161
24.876,24.5
26.72,26.569
26.463,23.862
26.438,26.132
26.315,25.918
26.784,26.579
12.742,12.655
23.019,22.496
24.806,24.395
21.537,20.576
26.847,26.541
26.343,26.063
24.527,23.53
26.87,26.716
24.747,22.811
25.974,25.367
23.956,23.845
26.037,25.626
24.161,23.814
21.229,20.261
26.853,24.898
26.229,25.971
24.07,23.921
24.311,24.003
23.976,23.874
26.134,25.545
24.574,23.586
24.966,24.893
25.9,23.57
24.646,24.023
23.06,22.961
21.206,21.339
25.255,24.829
26.765,26.307
20.006,19.652
22.158,21.937
21.335,20.11
22.625,22.416
24.113,23.405
26.725,26.322
20.929,19.927
25.141,25.066
21.378,19.159
25.976,25.602
23.874,23.64
21.501,20.509
21.129,19.68
24.799,24.204
26.557,25.841
24.713,23.51
19.506,19.106
26.399,25.731
26.333,25.92
22.74,22.499
26.595,26.087
26.792,26.225
26.695,26.082
18.953,18.326
25.818,25.393
26.498,26.352
24.463,24.092
26.315,25.87
25.025,23.725
26.791,24.409
23.512,23.262
25.944,25.426
14.471,14.384
26.491,26.299
26.529,25.889
26.116,25.884
21.997,21.231
24.268,23.903
21.504,21.109
25.77,24.07
24.906,24.759
26.882,26.199
21.514,20.25
26.002,25.67
20.608,19.238
26.499,26.289
26.074,24.45
23.658,23.109
24.42,24.051
25.479,24.939
26.751,26.54
24.587,24.428
25.268,22.679
19.758,19.479
24.659,24.184
25.389,25.126
24.779,23.943
25.705,25.249
25.084,25.017
26.517,26.258
22.196,21.734
20.519,19.127
23.566,23.178
24.626,23.663
26.254,25.505
26.768,26.388
23.241,23.162
17.763,16.848
25.413,25.332
26.825,26.307
23.307,21.635
26.477,26.231
22.659,22.28
23.889,22.014
23.691,23.322
26.085,25.144
25.439,24.895
22.902,22.54
24.286,23.925
26.586,26.133
24.25,22.107
24.74,24.331
20.719,20.612
26.426,25.935
26.05,25.592
26.302,25.803
24.717,24.391
16.96,16.603
18.19,17.755
22.419,21.586
24.055,23.956
22.631,21.93
24.581,24.195
21.63,21.474
19.186,19.011
24.373,24.006
25.641,25.473
20.457,19.482
22.098,20.775
22.987,22.859
24.112,23.991
23.274,23.181
23.019,22.96
26.308,25.851
26.415,26.047
24.143,22.377
23.719,23.636
26.72,26.196
26.015,25.681
24.277,23.578
24.644,24.477
23.284,20.72
22.635,22.542
26.818,26.092
25.902,25.669
17.083,16.871
26.271,26.085
25.625,25.385
26.633,24.335
19.093,18.61
25.941,24.072
23.581,23.449
25.212,24.021
21.8,21.468
26.867,26.011
24.163,24.01
25.365,24.684
24.779,23.251
24.515,23.142
22.182,21.213
25.503,24.98
25.06,24.553
23.838,23.39
22.178,21.712
18.979,18.893
25.702,25.24
24.295,24.182
25.3,23.774
19.64,19.393
24.496,24.317
21.048,20.933
25.353,25.099
23.871,23.571
25.061,24.982
24.682,24.375
24.272,24.137
25.675,25.497
20.888,19.977
26.979,26.46
25.82,25.357
23.953,23.679
25.799,25.56
25.121,24.802
25.985,24.38
22.083,22.008
21.817,20.521
26.213,26.022
26.823,26.191
25.891,23.973
24.796,24.168
19.852,18.125
25.604,25.228
24.471,24.171
24.917,24.384
25.083,24.6
20.252,20.041
20.869,20.626
22.553,22.313
26.324,26.022
26.959,25.051
26.979,26.35
25.425,24.919
22.006,21.301
26.86,26.235
20.836,20.562
23.85,23.511
24.04,22.528
26.87,26.419
25.566,25.177
22.347,21.58
26.413,25.728
25.661,24.63
25.944,24.973
26.447,25.813
26.354,25.835
24.536,24.023
25.178,24.646
24.131,22.541
26.101,25.078
24.783,24.557
24.117,23.833
24.08,23.247
21.9,20.577
26.331,26.164
26.826,26.563
26.811,26.284
25.706,24.144
20.632,20.539
24.552,23.113
24.688,24.172
21.355,20.955
24.146,23.138
24.561,24.402
23.181,22.823
24.021,23.447
24.064,23.905
24.865,24.434
24.25,23.788
22.254,21.77
13.621,13.41
26.866,26.488
25.327,25.24
24.912,24.533
26.512,26.123
26.75,24.165
26.78,26.34
24.437,22.13
23.448,22.307
25.639,23.714
26.717,26.395
24.585,24.495
26.761,26.328
25.595,25.046
23.046,21.625
24.017,23.65
15.387,14.976
20.171,19.145
25.858,25.264
25.11,24.91
22.156,22.085
26.831,26.21
26.052,25.601
22.941,22.765
26.445,24.138
20.993,20.889
25.687,25.259
25.886,25.771
26.221,25.934
23.308,22.371
24.735,24.657
14.427,14.245
23.186,23.048
22.29,21.265
19.915,19.353
24.863,24.437
23.803,23.392
25.869,25.795
25.208,24.786
21.953,21.855
26.1,26.004
23.196,22.971
18.483,18.331
19.059,18.835
24.641,24.43
25.59,23.85
18.867,18.233
24.474,23.316
25.398,24.657
26.672,26.36
23.579,23.213
23.753,23.363
26.694,26.053
23.587,22.158
21.734,21.474
24.801,23.661
26.184,25.113
23.661,23.59
24.539,23.799
23.113,23.03
20.921,19.821
24.356,23.985
24.091,22.797
26.283,25.578
25.753,25.732
25.531,25.185
24.083,22.175
26.726,26.408
23.191,23.13
23.211,21.936
24.183,23.936
25.119,25.045
25.644,25.219
24.79,23.701
22.533,21.801
24.473,24.064
24.033,23.545
24.509,23.957
26.04,25.652
25.4,24.996
26.113,25.741
19.825,18.777
19.222,18.954
24.441,24.378
26.828,26.242
22.037,21.016
26.914,26.321
21.944,21.57
25.225,24.973
26.918,27.005
22.867,21.93
24.874,24.699
26.053,25.605
26.775,25.842
25.991,25.639
25.116,24.559
25.892,25.469
22.507,22.391
26.988,26.319
25.913,25.379
23.424,21.616
24.617,24.17
26.934,26.731
24.312,23.889
25.957,23.731
26.387,25.894
21.848,20.914
18.564,17.877
24.04,23.947
21.668,20.512
25.223,24.86
26.463,25.989
26.005,25.838
24.226,23.805
26.124,25.851
24.149,23.76
26.03,25.621
19.908,18.828
23.891,23.69
22.774,21.726
26.448,26.06
24.468,24.295
23.344,22.945
26.329,25.946
24.604,24.245
26.879,25.415
25.684,25.61
19.683,19.492
18.331,18.2
21.873,21.622
24.993,22.652
25.402,23.692
22.363,21.818
25.348,24.962
26.219,25.759
21.554,20.398
25.99,25.729
17.501,17.266
26.005,25.913
22.793,22.641
21.866,21.725
24.387,22.598
26.584,23.95
26.958,25.084
23.461,23.192
25.451,25.137
25.609,24.245
25.45,24.622
25.879,25.293
24.081,23.769
22.208,20.807
26.888,26.73
25.046,24.779
26.877,26.034
24.478,24.229
26.284,25.949
25.376,25.11
25.429,24.987
23.814,23.115
23.195,23.101
18.717,18.644
25.193,25.118
26.511,25.991
24.982,24.515
24.659,24.27
18.814,18.626
18.229,18.085
25.031,24.895
26.209,25.703
19.444,18.668
25.32,24.913
25.709,25.286
26.429,26.171
22.896,22.042
26.912,26.634
25.498,25.115
22.521,22.177
22.519,21.725
25.561,23.536
26.763,25.89
26.453,26.08
23.725,23.277
25.864,25.79
26.749,26.397
24.929,24.299
25.459,24.987
24.524,24.279
24.993,24.641
26.41,25.888
19.112,18.949
23.441,22.074
22.419,20.565
24.646,24.148
24.316,24.051
20.093,18.619
26.362,25.986
26.525,26.131
25.752,25.236
22.874,22.468
23.645,23.323
25.686,25.225
24.722,24.524
22.277,20.361
15.183,15.039
23.184,21.58
26.123,25.651
24.613,24.188
25.489,24.98
25.458,25.141
20.871,20.675
23.598,22.17
18.5,17.591
26.657,25.897
26.67,26.519
25.044,24.677
25.776,25.506
26.37,25.871
23.329,22.503
25.704,24.701
25.324,25.039
24.893,24.42
21.646,21.305
20.339,19.749
13.5,13.395
23.048,21.635
26.416,25.87
23.214,21.907
21.816,21.576
22.613,21.452
25.231,24.082
25.716,23.499
23.855,23.731
25.855,25.726
25.852,25.45
21.468,21.206
25.536,25.205
23.469,21.595
25.894,25.47
24.793,24.505
20.404,19.316
24.7,23.533
25.495,24.971
26.602,26.001
26.818,26.513
26.954,24.528
20.937,19.882
16.892,16.658
24.578,23.004
25.811,25.236
17.742,17.43
23.403,23.311
26.627,25.828
26.629,26.067
22.484,22.071
25.009,24.791
23.155,22.071
26.327,25.857
20.881,21.04
26.34,25.786
22.739,21.464
26.097,24.528
20.496,19.542
26.894,26.298
26.819,26.033
22.016,21.392
24.962,22.891
21.324,20.661
23.129,22.624
25.372,25.109
25.983,25.531
25.124,25.008
26.833,26.475
21.123,20.369
24.935,24.451
25.387,24.896
21.356,20.032
21.237,20.074
24.551,23.034
23.881,23.652
26.107,25.728
23.648,23.355
24.055,23.908
25.084,24.332
24.52,24.015
22.315,21.843
25.808,25.354
24.309,23.732
13.693,13.554
22.957,22.787
26.663,26.335
26.789,26.453
22.496,22.242
26.472,26.075
25.718,25.567
26.562,26.464
19.169,18.306
23.102,22.85
26.191,25.779
26.824,26.691
24.186,23.842
25.832,25.349
26.782,26.365
22.656,22.181
23.703,23.504
25.083,23.761
24.976,24.657
25.591,23.573
22.443,22.046
25.711,24.975
25.292,25.207
24.117,22.932
21.087,20.228
21.366,19.974
24.692,24.595
22.792,22.574
15.811,15.736
24.72,22.576
26.571,26.044
23.792,21.786
22.913,22.587
25.75,25.672
25.159,25.078
24.415,24.294
22.86,22.405
24.009,23.698
26.003,25.473
26.665,24.799
24.781,24.449
24.329,23.345
21.576,20.452
23.835,23.579
22.44,21.936
11.351,11.337
25.454,24.654
23.679,22.73
26.671,26.311
26.449,26.214
20.181,20.105
24.879,24.458
25.938,25.511
25.355,25.016
25.494,24.203
15.704,15.718
26.951,26.422
24.786,24.403
26.717,26.455
23.771,23.397
25.092,24.665
24.771,24.54
20.568,19.156
24.335,23.585
23.403,21.071
22.84,22.572
25.326,24.966
24.344,24.146
24.448,24.204
26.592,26.145
24.855,24.399
20.284,18.773
26.855,26.314
24.082,23.613
26.723,24.157
23.724,22.361
17.827,17.726
25.845,25.349
25.12,24.585
17.764,17.588
18.259,18.122
25.718,24.025
24.502,24.046
21.838,21.716
23.821,23.578
23.861,23.349
23.793,23.389
25.706,25.424
19.256,18.992
21.264,19.891
24.781,23.746
24.411,21.795
24.387,24.02
21.4,21.029
25.647,25.134
23.519,23.185
26.96,26.414
26.873,26.547
24.219,23.746
26.711,26.282
26.046,25.606
20.393,18.831
24.358,22.881
23.356,23.005
23.562,23.021
26.492,26.176
25.021,23.009
26.459,25.998
24.928,24.447
24.766,23.567
25.849,25.453
24.269,23.156
25.19,24.814
24.58,24.144
22.906,20.905
25.123,23.898
26.143,25.723
26.002,25.794
25.134,24.688
21.024,20.249
26.424,26.042
24.422,23.724
24.759,24.139
24.631,24.392
24.669,24.156
24.525,23.842
21.982,21.462
26.576,26.311
23.534,23.394
24.162,23.897
23.757,23.434
22.082,20.779
24.85,24.506
25.312,25.097
24.851,23.321
26.092,25.642
24.159,22.0
24.864,24.647
22.79,21.843
23.51,23.12
26.915,26.44
24.794,23.655
26.779,26.124
23.24,22.707
25.381,25.206
26.621,26.027
25.145,23.171
26.678,26.044
24.5,24.418
19.772,19.623
25.221,24.944
20.472,19.398
26.838,26.177
24.3,24.225
24.366,24.129
25.752,25.613
26.316,26.166
22.689,21.884
25.986,25.374
25.669,25.21
23.609,22.545
23.032,22.552
13.637,13.501
25.837,25.497
26.546,26.409
26.818,26.239
26.074,25.719
26.806,26.371
26.239,25.751
26.307,25.988
18.686,17.415
25.884,25.451
25.089,25.035
22.518,20.922
21.592,21.525
25.556,25.175
24.289,23.754
24.597,24.199
17.016,16.986
26.028,25.875
21.566,20.29
18.293,18.212
24.967,24.399
24.632,24.228
24.218,23.633
20.791,19.861
22.903,22.566
21.061,20.268
24.011,22.646
26.139,25.708
25.046,23.552
22.42,22.182
24.645,24.302
20.647,20.035
23.717,23.372
20.656,19.602
25.686,25.448
23.675,23.377
25.997,24.21
23.765,23.546
23.612,22.967
11.944,11.833
25.729,25.02
26.415,25.65
22.305,21.949
22.221,22.082
24.574,24.139
26.324,25.94
26.881,26.589
19.305,18.873
25.814,24.372
21.742,21.022
21.592,21.24
16.447,15.787
24.424,24.078
25.701,24.809
25.087,23.791
25.168,24.661
26.817,26.439
24.913,23.044
25.618,25.143
25.532,25.244
21.733,21.363
23.876,23.457
24.466,23.495
26.659,26.438
21.646,21.374
24.437,24.311
23.559,22.565
26.095,25.895
25.531,25.12
24.744,24.475
26.91,26.495
26.453,25.847
24.827,23.67
26.15,25.889
18.969,18.107
22.347,21.897
26.477,26.108
26.746,25.93
26.861,26.501
22.624,22.226
22.106,20.944
24.309,24.004
21.861,21.735
26.138,25.701
26.892,26.71
26.238,25.745
25.73,23.164
26.447,26.011
26.346,25.612
16.445,16.2
24.889,22.758
26.335,25.383
25.14,24.459
26.012,25.693
25.509,23.699
16.724,15.107
16.345,16.271
25.093,24.735
25.403,25.298
22.801,22.204
23.07,22.822
22.48,22.028
23.588,23.215
24.863,24.424
25.86,25.636
23.788,23.563
26.53,25.983
26.958,26.495
24.291,23.183
22.734,20.982
16.958,16.344
25.071,23.333
26.935,26.462
22.683,21.773
21.222,20.875
26.743,26.253
25.861,25.193
26.615,24.813
25.792,25.513
21.817,21.738
26.666,26.353
25.246,24.175
26.78,24.373
26.726,26.24
25.152,24.802
26.137,26.033
25.228,23.153
26.243,25.981
22.775,21.762
24.164,22.305
23.6,22.735
16.836,16.705
26.783,26.439
26.402,26.005
26.063,25.492
26.525,26.036
25.123,24.256
22.348,21.865
22.123,21.769
22.771,22.579
19.003,18.847
19.658,19.607
24.127,23.775
24.782,24.653
26.221,26.054
24.676,24.351
18.379,17.842
25.419,25.139
25.835,23.443
23.725,23.525
23.274,23.208
22.212,22.007
26.117,25.593
26.194,25.505
25.914,25.798
26.845,26.223
25.497,25.416
25.916,25.779
26.619,26.325
25.48,25.274
22.341,21.462
18.451,18.256
25.204,24.595
25.803,25.637
12.938,12.662
24.598,24.042
26.516,26.075
25.207,24.02
26.534,25.813
23.979,23.599
24.898,23.552
25.891,24.537
25.678,25.386
23.303,22.444
24.267,24.162
25.712,25.54
22.838,22.752
26.683,26.254
22.559,22.546
25.08,24.278
22.43,21.333
23.327,22.017
24.56,24.308
25.646,25.411
26.899,26.662
26.998,26.357
23.666,23.2
26.318,26.096
17.927,17.68
19.946,19.821
24.927,24.534
19.781,18.25
25.971,25.6
22.351,22.031
22.563,22.1
23.046,22.194
22.799,22.507
26.909,26.472
26.155,25.812
23.313,22.628
23.065,20.911
26.21,25.348
26.656,26.264
24.972,22.782
23.602,22.412
25.371,25.24
25.211,25.131
26.906,26.415
25.335,24.891
25.28,24.922
26.013,24.742
20.406,19.672
25.858,25.727
23.338,21.891
22.261,21.839
25.259,24.683
24.915,24.782
26.132,25.69
25.612,25.247
21.899,21.4
26.912,26.369
26.809,26.462
24.215,21.722
26.789,26.052
26.351,25.902
22.0,21.802
19.691,18.514
26.892,26.306
25.731,25.295
24.642,23.668
21.64,20.769
14.735,14.583
26.7,26.22
25.623,25.156
16.411,16.305
25.666,25.279
23.465,23.012
23.347,21.926
25.27,23.124
24.924,23.646
20.238,20.133
17.027,16.933
25.408,24.927
23.261,22.454
24.965,22.484
21.423,21.155
24.809,24.407
24.127,22.662
26.264,23.912
23.292,22.839
24.972,24.867
23.687,23.597
26.556,25.946
23.001,21.483
26.772,26.417
26.517,26.104
24.158,23.73
24.095,23.989
20.788,19.659
26.367,26.136
24.016,23.528
22.802,22.408
25.609,25.37
20.057,18.965
23.174,21.779
22.753,22.61
20.995,20.612
25.821,25.546
26.411,25.782
24.771,24.319
22.237,21.997
26.159,25.673
23.203,23.098
24.603,24.27
22.199,22.113
24.11,23.698
24.589,24.451
24.843,24.561
25.592,24.725
26.019,25.392
25.692,25.088
26.692,26.317
24.269,23.778
21.248,20.269
26.143,25.736
26.367,26.098
26.386,25.949
20.449,19.702
19.018,18.234
26.448,26.335
26.878,26.3
21.683,20.893
20.272,18.928
24.345,22.678
25.366,25.089
26.05,25.524
25.842,24.691
22.82,22.457
24.072,23.408
26.953,26.576
25.557,25.433
23.537,23.11
23.067,22.717
25.956,25.303
21.348,21.102
25.567,25.28
20.525,20.352
25.232,23.759
26.339,25.772
23.367,23.095
25.162,24.967
26.321,24.147
24.671,24.184
26.318,25.876
26.173,25.609
25.247,24.879
23.757,23.314
24.032,23.948
25.534,25.133
24.951,24.597
13.443,13.337
25.625,25.419
26.907,26.51
24.128,22.584
26.964,26.073
24.496,24.269
18.014,17.912
23.327,21.452
26.452,24.356
25.118,24.649
25.774,25.086
21.823,20.853
21.774,21.422
25.639,25.063
23.182,22.948
21.184,20.414
25.933,25.483
23.8,22.455
26.394,25.853
23.548,22.26
23.227,22.266
25.204,24.731
18.389,18.035
26.18,24.747
26.843,26.424
25.687,24.875
26.467,25.825
26.541,24.214
23.889,23.814
24.731,24.312
24.253,23.771
20.683,20.488
23.215,22.713
18.877,18.747
23.864,23.676
25.873,23.926
24.415,24.052
26.246,24.073
16.254,16.152
25.232,23.71
21.406,21.212
25.703,25.519
23.044,22.669
26.568,25.988
25.062,24.582
23.99,23.836
26.151,23.968
23.121,22.745
26.016,25.896
24.777,23.266
25.17,24.747
25.737,25.237
16.146,16.041
25.764,25.169
25.991,24.386
26.858,26.313
26.244,26.03
24.935,24.847
26.885,24.712
26.475,25.837
26.332,23.765
21.029,20.869
23.623,21.996
22.872,22.097
21.166,20.035
26.603,26.327
17.515,17.448
22.733,22.474
22.114,21.727
24.392,23.967
26.425,26.201
21.429,20.279
23.531,21.5
22.854,22.535
25.306,24.988
23.272,23.106
24.531,23.004
26.525,26.024
23.839,22.775
21.248,20.825
23.376,23.033
23.939,22.287
25.032,24.486
25.528,25.073
22.991,22.272
25.694,25.359
26.112,25.862
21.651,20.774
23.018,22.779
25.115,24.087
26.378,25.854
26.261,25.446
23.121,22.633
24.87,23.088
25.764,25.24
25.719,25.227
23.915,23.842
26.344,25.601
24.642,24.556
26.795,26.288
26.189,25.779
21.896,20.316
23.171,22.692
24.601,24.279
17.613,17.507
25.152,24.701
25.581,25.499
24.533,23.873
22.421,21.476
26.572,24.278
20.041,18.972
25.998,25.88
21.198,20.313
24.825,24.409
22.463,21.006
25.588,23.608
23.983,22.888
25.813,25.273
26.062,25.911
22.81,22.498
24.676,24.121
13.679,13.611
25.625,25.521
25.552,25.032
23.898,23.649
26.932,26.476
23.724,22.694
25.179,24.685
26.96,26.45
22.887,22.722
24.086,23.737
24.004,22.42
20.882,20.53
25.648,25.282
26.507,25.979
22.614,22.03
26.571,24.525
22.902,21.877
24.379,24.004
22.318,22.188
26.343,26.36
26.431,25.569
19.698,18.638
25.611,25.257
26.641,26.075
25.168,25.012
24.187,23.916
26.713,25.955
16.364,16.244
26.426,26.178
23.851,23.406
24.024,23.429
25.399,24.95
24.792,24.404
24.773,24.683
26.027,24.707
25.702,25.153
26.946,26.472
24.686,24.576
26.286,25.583
26.325,23.69
25.651,25.207
22.947,22.127
26.298,26.096
25.834,25.302
24.608,24.535
26.968,26.517
26.751,26.239
23.426,22.804
21.839,19.747
26.366,26.077
25.893,25.76
19.25,19.009
26.83,26.385
26.36,24.788
26.45,26.307
23.677,22.413
25.532,25.232
15.175,14.935
17.741,17.609
25.948,25.158
25.043,24.8
25.84,25.381
26.883,26.211
21.945,21.604
23.171,23.082
25.115,23.744
19.631,19.462
25.306,24.791
26.883,26.541
25.508,25.361
24.61,24.233
26.879,25.927
26.845,24.612
26.013,25.604
26.843,26.353
24.297,23.957
26.23,23.57
25.087,24.794
23.349,23.171
24.267,23.6
25.457,25.331
25.476,25.338
25.314,24.912
25.804,24.721
23.979,22.545
22.145,21.027
22.815,22.132
22.4,21.151
20.082,18.693
25.9,25.352
22.123,22.017
25.255,23.485
24.434,24.278
25.21,24.734
25.816,25.611
21.419,20.032
26.995,26.666
26.609,26.054
23.49,23.153
24.337,23.156
26.84,26.34
24.603,24.485
25.836,25.317
19.875,19.729
26.679,26.507
19.588,19.073
22.849,21.836
25.602,25.147
23.59,23.515
26.852,26.422
26.874,26.205
24.347,23.94
26.154,25.662
25.899,25.521
26.442,26.011
23.476,23.047
25.808,25.321
18.982,18.668
24.199,23.85
25.634,24.413
19.326,18.97
25.877,25.725
25.705,25.23
26.692,26.306
22.053,20.942
20.381,19.509
20.598,19.601
24.243,23.819
21.532,20.484
25.414,25.311
23.31,23.033
21.744,20.919
25.594,25.276
22.185,21.999
25.931,25.344
25.524,23.57
23.028,22.122
25.948,25.781
25.244,25.13
26.455,25.899
26.3,25.914
25.59,25.191
21.127,20.995
24.041,23.898
22.253,21.066
23.98,23.522
24.492,24.332
26.61,26.161
21.842,21.58
24.56,24.43
26.586,26.165
26.772,26.27
26.905,26.397
23.412,22.505
26.416,25.96
26.024,24.48
24.76,24.36
13.563,13.471
23.2,23.021
26.488,26.15
24.372,24.018
26.487,26.125
25.866,25.767
26.955,26.757
26.042,25.585
21.751,21.639
20.866,20.611
26.512,24.538
24.997,24.621
21.843,21.526
25.629,25.219
23.877,22.749
25.881,25.511
26.147,25.591
26.461,25.655
21.37,21.216
21.967,20.99
24.117,23.808
17.721,17.622
22.366,22.167
25.683,25.225
20.95,20.33
23.5,23.387
25.768,25.408
24.378,23.902
25.199,24.775
20.348,19.258
19.836,19.588
26.114,25.588
21.985,21.389
26.204,25.98
25.625,25.399
23.054,20.974
25.579,23.803
26.76,26.367
26.8,26.32
21.405,21.618
20.783,20.033
21.822,21.72
25.079,24.839
23.684,22.705
26.494,26.162
25.825,25.726
25.895,25.783
18.867,17.22
26.34,25.934
22.93,22.679
21.821,21.325
25.694,23.911
24.759,24.363
26.396,25.926
24.47,22.717
24.361,23.861
24.353,24.052
26.64,26.397
24.511,24.096
23.433,23.319
15.092,14.797
24.856,23.608
24.891,24.49
20.946,20.537
26.859,25.036
26.761,25.878
26.527,26.144
25.89,25.737
20.969,19.182
24.084,23.696
20.546,20.15
26.473,25.464
26.252,26.116
26.599,25.925
25.393,25.142
23.6,22.543
21.643,21.511
23.111,22.936
23.523,23.146
25.113,23.825
23.505,22.398
25.76,25.981
16.118,15.862
26.414,26.006
26.804,24.667
20.181,19.115
26.508,25.861
26.986,25.529
23.758,23.645
24.595,23.562
23.255,22.144
21.37,20.295
25.918,25.539
19.227,18.14
24.576,24.201
24.678,24.588
22.486,22.09
26.281,25.767
22.457,21.323
24.202,22.983
23.992,23.928
19.02,18.109
26.043,25.904
23.316,22.841
25.003,24.824
23.092,22.615
26.172,25.771
26.24,25.703
23.865,22.463
18.557,17.823
24.227,23.905
23.165,21.044
25.722,25.551
26.598,26.127
25.609,25.415
25.237,24.911
16.17,15.674
25.398,24.968
16.337,15.753
16.709,16.15
24.746,24.589
22.042,20.983
25.619,25.169
25.359,24.967
25.356,25.091
19.663,19.527
24.334,23.867
23.077,22.174
20.693,20.522
26.476,25.443
26.146,26.058
26.727,24.552
25.655,25.495
23.682,23.614
23.776,23.233
23.519,21.783
23.393,23.061
21.563,20.294
22.332,22.12
25.373,24.696
24.578,22.542
25.328,25.167
23.075,21.225
26.293,26.088
25.57,24.956
23.406,21.992
26.954,26.363
25.591,25.474
26.599,26.24
25.511,23.247
26.828,26.528
22.735,20.757
25.352,25.065
19.451,19.258
25.285,24.997
21.912,21.804
26.545,25.921
24.38,22.73
26.792,26.278
20.753,19.365
25.339,24.609
26.09,25.718
22.832,22.533
26.994,26.189
24.669,24.545
26.718,26.149
26.56,25.769
23.101,22.147
21.361,21.247
19.093,18.705
25.988,25.559
24.112,23.9
24.013,23.926
21.837,21.764
23.212,22.574
26.608,26.455
25.183,25.102
17.328,17.16
22.433,21.844
26.325,24.788
20.1,20.022
21.997,20.402
21.167,20.266
22.828,22.657
23.733,23.289
23.747,22.679
26.481,26.035
25.388,24.85
25.648,23.444
24.306,22.384
23.403,22.439
25.495,25.13
23.819,21.952
25.721,25.267
24.206,23.618
20.59,20.211
16.072,15.973
23.899,22.979
22.043,20.644
21.178,21.053
21.458,21.338
26.693,26.553
20.543,19.882
23.486,23.013
25.103,24.691
23.77,23.317
24.629,24.129
18.783,18.439
24.93,23.678
23.232,22.999
25.528,24.946
21.014,19.707
24.674,23.43
24.972,24.017
26.529,25.99
17.229,16.889
25.294,24.154
26.843,26.607
26.12,25.457
24.001,22.158
22.592,21.911
25.41,25.221
21.385,21.129
24.499,24.026
21.251,20.993
26.272,25.78
23.477,23.087
26.107,25.759
26.701,26.356
26.129,25.62
16.098,15.382
25.408,24.963
18.929,19.253
26.956,25.159
25.1,23.166
24.357,24.031
20.424,19.564
24.709,23.503
20.686,20.617
22.466,20.631
25.188,24.91
23.329,22.413
22.736,22.635
15.939,15.857
16.645,16.127
26.886,26.517
26.427,25.8
26.744,24.102
26.696,26.357
25.346,25.04
24.534,23.501
25.035,22.969
21.961,20.945
25.96,25.533
26.88,26.487
23.172,21.835
25.416,24.985
24.938,24.805
24.908,24.421
22.607,22.378
21.71,20.033
23.689,22.049
24.838,24.6
17.436,17.237
25.578,25.128
21.242,19.861
25.418,23.936
24.977,24.8
12.072,11.825
25.767,25.456
26.702,26.264
19.039,18.416
26.49,25.97
22.646,21.673
22.382,21.134
22.319,21.427
24.404,24.157
25.762,25.308
23.153,22.783
24.918,24.688
10.903,10.816
23.437,23.226
19.707,18.761
18.751,18.494
25.412,25.173
25.831,25.208
22.298,21.808
22.235,22.069
23.518,23.367
26.515,25.913
26.43,26.321
25.992,23.915
21.669,20.141
26.376,25.883
21.14,20.568
26.208,25.778
25.4,24.929
20.589,20.325
25.066,24.528
25.587,25.468
26.845,26.546
26.891,26.421
23.751,22.595
26.95,26.47
25.427,24.994
25.767,25.377
24.236,23.21
22.547,22.073
26.773,26.132
24.16,23.748
24.108,23.711
24.486,24.191
22.106,20.635
26.73,26.318
23.014,21.642
25.249,25.185
24.798,22.535
20.277,19.625
25.664,25.405
25.372,25.08
19.957,19.844
25.83,25.596
25.554,25.128
26.571,26.118
25.314,24.147
21.903,20.735
18.457,18.355
26.155,24.645
22.231,22.24
24.668,24.588
26.392,25.8
23.278,23.035
26.485,26.034
26.408,26.068
21.235,20.43
25.508,24.946
15.214,15.078
26.167,25.75
25.471,25.209
25.171,24.968
22.291,21.035
23.201,21.561
21.295,20.993
17.92,17.692
25.661,24.672
26.432,26.289
25.321,23.788
25.799,25.151
20.163,19.005
19.493,19.405
18.628,18.439
25.4,25.3
26.711,25.732
25.269,24.964
25.456,23.394
17.592,17.275
24.349,22.564
24.901,24.46
23.392,21.882
22.434,21.786
24.501,23.777
19.729,19.07
25.986,25.611
24.612,22.827
23.811,23.201
22.485,20.549
23.559,22.708
25.106,25.009
24.67,23.312
24.244,23.98
22.542,21.003
26.692,26.195
26.043,23.717
23.869,23.643
15.635,15.493
23.499,23.306
25.107,24.865
25.393,25.247
25.714,25.083
26.726,26.335
26.831,26.542
24.693,24.398
25.043,24.49
24.707,24.267
24.364,23.84
24.956,24.357
26.424,26.034
25.58,22.912
24.131,23.945
22.818,21.864
21.823,21.685
22.225,20.096
22.948,22.183
24.456,24.198
23.919,23.207
21.095,19.673
26.362,26.199
26.372,26.176
24.383,24.056
23.399,23.299
23.832,23.533
23.866,23.703
20.932,20.076
26.778,26.537
26.142,24.892
22.393,21.36
25.349,25.242
25.214,24.644
25.167,24.662
26.278,26.055
21.817,21.669
26.63,26.335
21.508,20.265
21.276,20.37
25.092,23.792
23.607,23.404
23.548,23.081
19.532,18.296
24.654,23.446
23.005,22.864
25.873,25.392
25.429,24.645
21.919,21.799
25.775,25.23
24.803,24.208
22.824,22.424
25.776,23.759
23.602,22.072
22.733,22.215
25.404,24.992
24.69,24.07
18.559,17.604
24.336,23.663
24.937,24.728
24.852,24.719
23.963,23.809
22.608,21.975
26.356,25.989
21.813,21.385
23.83,21.944
26.989,26.634
21.754,20.528
24.662,24.319
25.349,23.397
26.311,25.935
24.114,22.579
24.065,23.586
25.873,25.768
23.573,22.12
26.827,26.286
26.796,24.968
21.198,20.559
23.411,21.95
24.658,22.882
26.534,25.95
25.356,24.851
23.733,23.174
23.975,23.874
19.032,17.793
26.243,25.828
23.896,22.266
26.087,25.552
25.526,25.288
24.841,23.207
20.127,18.956
23.665,23.398
23.253,23.111
23.855,23.337
22.414,22.343
24.201,23.845
26.15,25.931
25.305,24.712
26.904,26.21
24.144,22.122
25.384,25.314
25.917,25.61
20.981,20.919
22.46,22.297
26.001,25.802
26.119,25.356
26.784,26.337
25.858,25.563
24.832,24.712
24.957,24.537
25.592,25.237
24.905,24.532
25.259,25.079
22.927,22.366
23.951,23.85
20.362,20.282
22.449,21.384
24.147,23.748
17.215,17.026
23.477,22.449
24.381,23.774
25.172,24.765
26.801,25.44
17.436,17.252
24.562,24.053
18.52,18.196
25.985,25.472
24.512,24.254
26.472,25.067
25.736,24.437
21.925,21.851
23.423,23.145
22.044,21.105
21.012,19.733
26.585,26.13
23.664,23.547
26.185,25.832
25.901,25.423
19.266,18.454
21.815,21.633
25.025,24.659
25.505,24.819
22.93,22.861
18.117,17.812
20.568,20.503
26.56,25.267
25.367,24.907
26.664,26.266
24.386,22.636
20.253,20.19
19.763,19.323
25.689,23.331
22.637,22.229
21.559,20.494
19.061,18.856
20.199,20.079
25.247,23.073
17.858,17.779
24.29,24.122
24.873,24.617
23.029,22.882
26.695,26.037
26.724,26.355
24.236,23.962
26.21,26.039
25.494,24.96
24.811,24.393
26.789,25.768
22.628,22.236
23.987,23.449
25.242,24.525
25.56,25.137
26.519,26.252
26.097,25.957
20.958,20.045
25.746,25.545
26.614,26.429
24.244,23.886
25.755,25.635
21.547,21.246
20.125,19.052
25.135,24.474
26.982,26.845
26.819,26.269
23.93,22.96
25.937,23.813
26.183,24.204
21.192,19.552
26.23,24.91
21.26,20.988
22.124,22.009
24.791,23.448
25.715,25.091
23.625,23.504
26.225,26.056
25.144,24.658
25.449,24.976
25.106,24.838
26.639,26.192
25.961,25.51
26.998,26.557
24.628,23.736
23.607,21.814
26.147,25.964
26.624,26.167
25.958,25.521
22.254,22.156
16.338,16.066
23.293,23.185
13.822,13.725
22.984,22.411
24.112,23.694
19.983,18.944
22.56,22.435
25.947,25.685
22.645,21.654
16.23,16.002
25.728,25.422
21.524,20.072
21.036,19.29
23.064,22.947
23.181,22.846
21.668,20.62
18.802,17.421
25.053,24.975
21.517,21.413
25.351,24.943
25.435,24.97
26.623,26.081
25.419,25.361
26.949,26.576
26.274,25.766
24.961,24.374
20.865,20.764
20.991,20.854
24.383,22.372
24.848,24.678
26.906,26.545
18.928,18.813
21.344,19.81
20.887,20.595
26.125,25.312
18.194,17.976
24.38,22.112
18.654,18.256
26.253,25.833
19.032,18.932
25.945,25.451
23.046,22.387
22.13,21.389
26.602,26.323
25.084,24.78
23.984,23.844
26.6,26.099
23.524,23.085
18.77,18.617
26.351,25.959
21.703,21.601
25.971,25.621
16.868,16.726
23.02,22.945
21.154,20.943
20.866,20.614
26.94,26.54
26.694,26.498
26.006,25.364
25.582,25.274
25.738,24.62
23.485,23.211
23.128,20.8
24.913,24.008
24.695,22.912
26.628,26.124
24.345,23.968
25.038,24.634
23.405,21.91
22.305,22.101
25.221,24.933
24.528,24.472
25.74,25.328
25.956,25.811
26.331,26.099
24.915,24.327
26.676,26.403
26.204,26.063
26.452,26.162
23.06,22.869
23.907,23.822
23.153,21.521
15.584,15.403
26.521,25.931
19.798,19.505
19.692,19.447
26.69,26.13
25.087,24.611
17.355,17.036
14.201,14.082
24.737,22.998
23.714,22.266
21.641,20.366
26.168,25.775
21.897,21.312
25.062,24.641
25.049,24.578
24.288,23.191
24.325,24.139
26.379,25.998
26.624,26.012
20.654,20.44
26.645,25.976
25.906,25.571
25.06,24.401
24.814,24.687
23.282,21.915
26.724,25.916
26.074,25.739
25.67,24.179
22.462,20.995
18.952,18.849
25.185,25.085
24.76,24.304
22.573,21.286
24.004,23.905
26.089,25.517
18.919,18.444
25.184,24.734
24.858,22.57
25.0,24.927
26.834,24.956
20.779,20.694
22.234,22.145
18.593,18.139
24.933,24.48
25.158,24.997
20.189,19.432
25.809,24.122
25.002,24.886
26.403,25.891
20.339,19.013
24.996,24.532
23.121,22.858
20.832,20.13
23.011,22.671
24.694,24.291
19.421,19.165
25.224,23.324
25.645,24.801
25.204,24.854
25.58,25.108
26.197,25.968
26.635,25.497
25.873,25.276
18.834,17.939
24.962,24.327
25.67,25.525
24.068,23.887
23.611,23.343
22.229,21.47
24.892,24.507
17.669,17.146
21.689,21.044
23.556,23.074
26.977,24.383
26.132,25.538
26.745,26.699
25.567,23.689
22.046,21.975
22.425,21.572
24.003,23.551
22.152,20.065
20.912,20.428
26.165,24.989
26.51,26.013
24.622,24.175
20.453,20.174
26.765,26.473
25.735,24.376
21.289,20.186
22.926,22.758
26.903,26.511
21.139,20.618
26.553,26.014
23.315,22.964
26.758,26.366
23.984,23.921
25.309,25.098
18.441,17.44
24.098,24.015
21.363,20.336
21.212,20.929
22.242,21.839
25.75,25.526
23.197,22.94
24.923,24.797
21.145,19.961
21.821,21.53
24.753,22.847
26.439,25.784
22.658,22.51
25.528,25.006
24.301,23.763
22.845,21.129
22.442,21.955
24.925,24.608
25.552,25.199
22.003,20.958
26.614,26.491
26.673,25.887
23.895,23.421
21.833,21.722
25.648,24.382
16.623,16.292
21.799,21.662
25.529,24.789
23.517,22.462
26.251,26.03
24.62,23.344
23.154,22.725
26.471,26.13
24.91,24.091
24.221,21.874
25.997,25.738
23.599,22.519
24.871,24.288
26.982,26.532
19.801,19.512
26.634,26.253
23.2,22.357
25.925,25.442
25.301,23.132
26.719,26.421
24.451,24.134
26.19,25.642
20.895,20.772
22.09,21.89
26.531,26.291
25.331,24.976
24.697,24.382
24.254,24.461
18.343,17.917
22.723,22.389
26.617,26.054
24.693,24.556
26.755,26.553
22.985,22.814
25.986,25.574
23.104,22.605
22.029,20.927
15.549,15.46
24.078,23.736
19.302,19.215
24.987,23.618
26.446,25.955
24.291,23.942
20.307,19.49
25.596,24.974
20.905,20.807
26.779,26.287
26.97,26.756
20.593,19.284
26.669,26.496
26.946,26.491
25.14,24.762
26.552,26.255
26.489,25.93
25.04,24.874
24.282,24.081
21.864,21.47
26.6,26.135
22.989,21.477
17.068,16.837
26.902,26.709
26.414,24.89
24.255,23.958
22.945,21.838
23.853,23.407
26.258,25.662
26.949,26.562
25.64,25.055
25.868,24.183
21.994,21.811
21.95,21.782
25.273,24.953
26.992,26.585
22.136,21.31
26.292,25.758
25.577,25.463
26.117,25.669
21.634,20.218
23.328,22.954
25.165,24.804
25.051,24.456
26.64,26.451
25.546,25.049
25.814,25.213
26.778,26.299
25.595,25.238
23.044,21.522
23.855,22.089
25.331,24.948
26.853,26.545
26.315,25.802
26.4,26.27
25.965,25.215
20.752,19.367
23.991,23.179
22.225,21.865
20.628,20.562
25.032,24.626
21.101,20.09
24.377,24.274
25.415,24.023
26.708,26.044
24.874,22.61
26.213,24.652
26.494,26.042
26.975,26.537
18.198,17.252
26.341,25.803
21.31,20.031
23.992,23.516
24.035,23.48
23.187,23.102
23.637,23.396
22.386,21.185
18.848,17.879
25.613,25.206
23.021,22.471
24.902,23.611
26.11,25.331
25.681,23.679
25.146,25.399
23.681,23.263
23.886,21.908
22.434,22.006
26.334,25.67
25.267,23.007
22.673,21.247
26.69,24.426
23.868,22.585
26.911,26.021
24.57,24.232
24.284,24.175
24.078,23.322
25.049,24.696
24.422,24.016
26.101,25.747
25.865,25.252
26.735,26.523
26.445,26.059
26.541,25.962
14.737,14.647
24.694,24.612
22.625,21.778
23.767,22.735
19.999,18.755
26.387,25.793
17.363,16.805
20.821,19.494
26.996,26.662
26.075,25.926
25.685,25.464
25.532,25.384
26.925,26.438
25.531,25.351
21.959,20.858
25.434,25.056
26.854,26.531
24.172,23.985
21.577,21.174
25.573,23.878
24.121,24.051
22.879,21.345
15.461,15.274
25.597,25.117
17.431,17.188
25.585,25.461
22.135,22.068
26.684,26.559
20.553,19.4
21.839,21.691
25.573,23.49
26.96,26.512
26.897,26.275
26.165,25.939
24.355,24.046
23.504,22.036
25.493,24.837
22.353,21.113
26.019,23.594
26.265,26.144
24.94,24.331
23.897,23.623
24.464,24.122
25.003,24.713
22.776,22.693
20.893,20.005
26.301,25.731
25.134,24.912
21.946,21.373
26.738,26.315
26.849,26.961
25.788,25.308
24.273,23.964
23.691,23.286
25.121,24.064
22.019,21.776
25.861,25.047
26.908,26.48
20.381,19.628
26.025,25.835
26.977,26.751
25.621,24.782
24.5,24.398
26.851,24.612
14.975,14.852
26.277,24.032
25.165,24.893
26.087,25.891
21.832,21.746
25.458,25.235
24.621,24.119
24.185,23.85
25.974,25.606
19.341,18.605
26.833,26.3
26.417,25.918
26.28,25.824
22.57,22.199
25.982,25.655
26.871,26.211
24.86,24.509
24.232,23.999
25.041,23.649
23.612,23.258
24.027,23.887
25.58,23.84
26.571,26.197
23.807,23.422
26.687,26.255
23.889,22.485
25.847,25.466
24.495,22.639
25.528,24.494
25.988,25.217
20.152,19.947
22.37,21.771
26.957,26.694
24.113,23.815
26.52,26.087
22.053,21.635
23.018,22.902
20.516,20.104
24.693,24.157
25.559,24.002
26.13,26.035
23.992,23.689
25.782,25.318
26.032,25.592
22.704,22.598
22.636,22.424
26.523,26.132
20.422,19.86
23.932,23.842
25.892,25.425
24.458,24.344
26.15,23.772
26.117,25.888
21.693,21.62
26.005,24.339
22.949,22.844
26.311,25.896
26.993,26.469
25.095,24.543
24.435,24.344
26.698,26.215
25.7,25.103
24.091,23.475
21.775,21.772
24.568,24.444
20.375,18.979
22.592,21.569
23.408,23.164
25.514,23.838
25.252,25.119
24.226,23.647
23.372,23.046
24.143,22.955
26.626,24.901
26.015,25.575
23.428,23.032
24.972,24.548
24.99,24.348
25.59,25.236
20.945,20.733
24.434,24.129
26.197,25.927
25.872,25.415
19.874,19.538
21.026,19.59
26.175,24.928
20.368,20.061
20.456,20.169
20.365,19.742
24.826,23.443
26.244,25.921
24.758,24.311
22.18,21.434
13.261,13.122
16.126,16.009
23.806,23.747
15.515,15.434
26.507,26.094
26.612,26.061
25.548,24.699
23.507,23.015
25.191,24.712
26.234,25.787
24.922,24.589
25.591,25.408
24.734,24.386
26.011,25.611
26.007,25.579
26.55,25.889
22.778,21.633
25.248,24.042
26.844,26.418
23.387,21.641
26.959,24.448
25.646,25.346
23.31,23.11
26.647,26.044
20.513,19.586
25.743,25.266
21.277,21.162
24.139,23.797
21.971,21.523
21.362,21.064
26.845,25.36
26.062,25.88
14.576,14.355
21.403,21.272
25.738,25.104
21.542,20.29
24.496,24.305
23.211,21.705
26.667,26.457
23.904,23.676
22.711,22.6
25.236,24.636
24.304,24.082
17.587,17.344
26.935,26.526
17.56,17.018
26.474,25.942
26.401,25.968
25.659,24.965
24.842,24.35
25.985,25.517
24.44,24.028
24.628,24.183
26.171,25.759
25.308,24.59
25.872,25.409
20.779,20.433
25.843,25.422
26.391,25.933
26.901,26.743
26.818,26.433
20.274,20.16
23.405,23.172
21.894,20.675
25.631,25.542
25.655,23.285
23.881,23.474
21.657,21.441
26.768,26.46
26.927,26.754
23.822,23.447
22.721,21.078
26.874,26.502
22.303,20.923
23.731,23.424
24.651,24.494
21.578,21.411
26.376,25.867
26.383,26.114
24.094,23.954
22.949,21.761
24.437,22.341
25.474,24.062
24.489,24.108
24.862,24.793
24.17,23.829
24.879,24.622
23.181,22.764
25.983,25.89
25.373,24.841
26.799,26.517
20.52,20.431
26.963,26.563
23.01,22.579
26.396,23.9
24.359,23.979
24.024,23.812
25.993,25.855
23.158,23.034
26.238,26.08
24.783,24.377
24.395,24.315
22.795,22.397
26.017,25.432
26.038,25.655
25.624,25.197
25.372,25.146
24.917,23.614
25.308,24.913
25.326,25.084
23.949,22.454
26.891,24.7
22.343,21.324
23.865,23.608
20.789,20.091
25.694,25.539
25.388,24.948
24.706,24.37
26.973,26.488
26.28,25.278
24.949,24.879
25.888,25.028
17.475,17.306
20.968,20.059
22.983,22.028
24.29,23.847
26.007,25.335
22.019,21.799
26.786,26.645
18.814,18.087
23.123,21.75
26.135,25.733
20.946,19.734
25.202,22.644
26.694,26.424
20.751,20.659
25.868,25.438
23.796,23.122
25.817,25.396
22.93,21.821
26.339,25.858
26.979,26.465
16.979,16.434
24.796,24.104
18.593,17.722
21.642,20.606
26.108,25.44
23.768,23.423
23.173,23.061
24.398,24.001
25.807,25.574
24.333,22.131
24.262,23.234
24.009,23.603
24.223,23.928
25.064,24.763
18.895,18.719
25.885,25.701
21.342,21.011
24.315,24.022
21.547,20.885
24.805,24.697
26.746,26.565
21.139,20.355
23.508,22.539
21.531,21.193
26.1,25.7
26.796,26.62
22.416,22.159
23.654,23.498
23.384,22.445
26.402,25.796
24.362,23.803
21.947,21.194
23.57,23.174
22.073,21.62
22.214,21.033
22.155,21.759
24.51,24.177
24.927,24.521
24.474,24.16
26.425,26.222
26.554,26.1
22.207,21.505
25.426,23.377
22.435,21.628
26.894,26.355
18.817,18.821
25.683,25.193
26.137,25.274
26.36,26.171
24.896,24.564
23.615,23.293
26.771,26.022
24.141,23.946
26.006,25.531
22.496,20.428
25.124,24.59
23.902,23.55
25.384,25.29
25.909,25.507
24.784,23.939
21.916,20.713
21.85,20.771
25.248,24.734
26.853,26.371
24.03,23.685
26.74,26.354
23.638,21.363
26.675,25.93
26.434,24.84
24.429,23.637
23.175,22.771
23.709,23.38
21.589,21.503
22.079,21.306
26.07,25.491
24.977,24.498
18.369,18.394
24.777,24.258
25.618,25.307
22.067,21.738
24.751,25.04
21.488,21.289
26.811,25.824
24.329,23.992
26.307,25.811
26.706,26.54
24.132,23.823
26.21,25.966
26.133,25.569
25.646,25.539
21.029,20.886
23.155,21.597
22.405,21.618
26.562,26.386
26.274,26.039
22.175,22.085
25.372,24.968
25.067,24.616
21.603,19.667
23.3,22.983
24.478,23.969
22.413,20.816
25.169,24.706
26.922,26.529
24.092,23.736
19.645,19.436
25.136,22.704
24.969,24.4
25.635,24.922
26.828,26.407
24.993,24.673
24.559,24.293
22.283,22.202
19.448,18.975
25.045,23.617
26.877,24.271
25.144,24.607
25.74,25.274
20.802,20.09
21.598,21.101
24.642,24.513
24.652,24.125
26.876,26.49
26.277,25.466
21.969,21.912
24.874,23.631
23.472,23.367
25.138,24.212
24.312,24.211
25.232,25.128
23.343,23.002
25.917,25.537
25.405,24.823
18.042,16.711
24.424,23.929
26.75,26.44
25.797,24.933
20.679,19.445
23.775,22.707
19.898,18.413
22.076,21.333
26.495,25.869
18.323,18.245
25.538,25.291
25.085,24.742
26.557,26.188
26.756,26.464
24.717,24.307
26.398,26.275
19.951,19.068
22.055,21.78
20.321,20.219
26.418,26.018
26.66,26.183
26.696,24.126
22.234,22.134
25.305,24.91
24.469,23.833
21.263,20.794
26.948,26.818
25.263,25.145
25.627,23.014
26.423,26.017
22.696,21.233
21.575,20.707
26.41,25.991
23.459,22.66
22.309,21.994
25.483,25.125
25.637,25.127
23.779,23.508
26.217,25.667
22.692,21.578
26.576,26.037
24.967,24.432
26.899,26.669
24.446,24.2
22.367,22.214
25.516,24.997
26.669,26.095
26.968,26.489
26.167,25.499
26.004,25.325
18.573,18.297
19.719,18.521
25.337,24.916
26.361,26.227
19.357,19.017
26.595,26.385
21.933,21.8
22.393,21.972
24.914,23.933
21.896,20.907
22.92,21.413
21.022,20.716
22.96,22.663
23.193,22.459
25.021,24.875
24.396,24.161
25.31,25.231
25.891,23.34
25.906,25.755
24.174,23.617
23.749,23.47
26.615,24.445
26.37,26.124
24.883,24.574
24.823,24.341
20.854,20.204
23.668,23.232
26.072,25.71
21.061,20.77
24.637,24.55
24.556,24.335
25.902,25.457
26.193,25.755
26.601,26.199
21.419,20.553
20.246,18.89
25.726,25.242
24.667,23.125
25.758,25.166
26.189,25.659
23.209,21.678
26.996,25.62
24.922,24.481
22.053,21.945
25.557,25.082
24.509,23.494
25.503,25.349
25.263,24.742
23.874,22.869
25.999,25.609
23.393,23.349
26.845,26.5
23.757,23.404
26.317,26.166
26.098,25.722
26.429,25.999
26.692,25.512
26.683,26.399
26.52,24.008
20.571,20.229
20.017,19.367
25.535,25.059
26.344,24.999
22.557,21.803
20.297,18.885
26.767,26.376
25.063,24.681
24.641,22.496
22.324,22.07
25.388,25.253
26.182,24.474
25.316,24.768
22.974,22.504
25.903,24.88
20.99,20.872
24.244,24.049
20.793,20.699
26.127,25.566
21.648,20.661
25.244,25.16
24.509,24.117
25.073,22.572
25.994,25.412
22.88,22.502
26.33,25.844
26.109,24.371
26.764,26.295
26.566,24.025
24.401,22.801
26.071,25.586
16.81,16.409
25.943,25.388
21.694,20.765
26.865,26.629
21.125,21.037
17.999,17.727
23.634,23.011
21.361,20.614
26.851,26.454
26.845,26.332
24.189,23.942
26.436,26.312
25.539,25.028
25.799,24.753
26.825,26.365
25.462,23.611
26.786,26.623
25.141,24.721
23.218,22.815
24.592,24.36
26.887,25.563
24.573,24.332
22.134,22.003
26.612,24.544
26.431,25.606
26.219,26.025
26.676,24.682
25.008,24.562
26.917,26.165
25.176,24.627
25.874,25.41
25.588,25.439
24.441,24.364
20.629,20.531
24.975,24.558
25.236,24.477
26.096,24.791
23.269,21.933
21.598,21.525
26.499,25.984
19.066,18.913
26.12,25.579
26.076,25.697
19.659,19.202
22.295,21.919
23.904,23.739
26.978,25.043
20.194,20.079
26.837,26.554
17.86,17.307
24.897,23.013
19.905,19.773
21.729,21.666
24.404,24.126
25.868,24.878
25.783,25.143
25.576,24.741
24.793,22.901
19.425,18.924
26.4,25.803
25.64,23.889
23.045,22.806
17.693,17.441
22.582,20.971
25.811,25.69
24.924,24.492
20.231,19.54
25.35,24.972
24.966,22.624
24.444,22.682
26.791,25.878
25.125,24.729
23.832,22.924
24.225,23.678
25.602,25.099
24.57,23.979
24.749,22.852
26.625,26.203
26.56,26.096
26.731,26.252
23.052,22.974
22.065,20.742
25.149,24.675
24.184,23.782
25.716,25.976
24.356,24.033
25.714,25.568
24.842,24.437
23.1,22.095
24.713,24.269
25.872,25.446
24.243,23.042
24.99,24.871
23.685,23.477
22.385,22.289
26.542,25.096
23.732,23.208
25.69,25.608
26.483,26.176
23.93,23.552
21.003,19.946
21.041,20.928
26.082,23.873
26.619,26.445
23.147,22.766
24.786,24.306
24.274,24.072
24.313,23.019
23.909,22.801
26.159,23.647
21.486,21.377
24.265,24.192
25.199,23.45
24.645,24.264
19.659,18.37
25.347,24.332
23.396,23.29
22.909,22.566
24.748,22.186
19.616,19.068
26.593,26.231
25.935,25.366
23.885,23.133
26.628,26.098
25.933,24.882
26.123,25.803
24.739,24.384
23.323,22.993
24.281,23.322
25.849,23.326
23.813,23.611
26.786,26.581
25.208,24.607
25.226,23.661
25.673,25.234
22.358,21.155
21.595,21.13
22.967,22.443
22.584,22.137
25.175,24.622
24.092,22.446
25.215,22.868
26.291,25.674
23.02,22.722
22.934,22.75
24.598,24.191
23.248,22.292
26.247,25.839
23.076,22.659
23.764,23.338
26.089,25.917
21.807,20.533
24.706,24.235
24.347,24.231
25.839,25.739
25.524,25.037
22.724,22.552
25.5,25.222
25.375,24.714
22.527,22.451
25.209,23.413
24.228,23.777
22.188,21.966
24.677,24.205
25.57,24.968
26.138,25.69
26.355,25.999
23.946,23.049
24.692,24.578
24.186,22.449
23.121,22.652
23.969,23.671
23.772,23.658
24.291,23.971
15.734,15.598
23.944,23.715
26.472,26.117
24.716,24.411
22.108,21.73
24.668,24.372
20.124,20.028
24.984,24.821
22.774,22.411
26.108,25.731
22.614,21.548
19.746,19.612
25.895,25.639
24.642,23.065
25.317,24.811
26.923,26.391
26.984,25.696
26.078,25.845
26.888,26.177
25.791,24.054
26.495,25.92
22.853,22.459
25.955,25.455
26.098,25.622
20.126,19.464
25.155,22.712
22.586,21.058
18.739,18.538
19.881,19.438
25.521,24.938
26.712,26.308
17.471,17.3
19.457,19.002
16.155,15.906
24.38,22.67
21.214,21.112
22.332,22.043
26.944,26.595
24.297,23.235
18.451,17.398
25.53,23.254
23.341,22.804
23.108,22.776
24.798,24.6
17.492,17.196
25.785,25.46
25.617,25.249
26.442,26.18
23.245,21.864
25.066,24.969
26.611,25.704
25.333,24.726
21.487,21.35
23.084,22.974
25.448,24.438
26.434,25.98
14.562,14.45
18.759,18.49
23.232,23.087
26.93,26.544
22.653,22.006
25.044,22.971
18.013,17.493
19.003,17.486
24.363,22.687
20.984,20.265
25.583,25.203
25.512,24.993
26.403,26.273
26.233,26.028
24.219,23.96
23.981,23.595
24.595,24.382
22.585,21.238
15.515,15.09
25.712,24.877
26.728,26.428
25.65,24.129
25.584,25.368
25.768,25.075
22.945,22.813
22.511,21.551
26.966,26.664
23.578,23.406
24.293,22.528
26.938,26.52
22.545,22.115
26.865,26.396
24.38,22.266
26.556,26.125
20.844,20.748
19.783,18.541
23.701,23.437
19.821,19.506
24.646,23.617
25.306,25.228
23.804,23.718
25.563,24.941
22.564,22.108
24.606,24.251
24.932,24.511
26.088,25.64
22.163,21.843
19.146,19.017
26.657,26.328
26.202,26.063
26.835,26.385
24.94,24.61
22.019,21.788
26.027,25.932
25.755,24.847
26.196,24.674
23.813,23.402
26.694,26.092
24.8,24.122
25.834,25.383
24.382,23.909
24.783,24.408
26.339,25.902
26.14,25.682
24.887,24.447
26.372,26.064
25.131,24.642
26.21,24.957
23.413,23.32
23.111,22.846
25.047,24.636
23.919,23.778
20.263,20.035
24.218,23.379
24.95,24.536
26.402,25.855
23.332,22.034
22.577,22.023
24.135,22.755
19.075,18.499
24.072,23.542
24.297,23.901
22.826,22.557
20.405,18.93
24.667,24.334
24.227,23.95
23.194,22.775
25.916,25.655
26.075,25.275
21.02,20.92
22.735,22.477
25.362,24.178
26.988,26.287
21.573,21.453
22.3,22.175
18.985,18.768
22.198,22.029
25.531,24.533
24.456,24.285
25.539,23.596
25.587,25.195
22.726,22.467
24.013,22.618
25.185,24.84
25.876,23.904
26.704,26.516
18.861,18.334
24.378,23.986
20.916,20.68
23.598,23.454
26.725,26.016
24.808,24.327
19.371,18.637
25.763,25.352
24.466,22.73
26.754,26.024
19.837,19.73
26.895,26.246
26.854,26.385
25.363,24.869
26.432,26.084
23.245,23.168
26.471,25.995
25.748,25.302
26.141,25.709
24.805,24.605
25.613,25.194
24.437,23.976
20.012,19.596
22.321,21.842
26.355,25.517
24.407,23.942
26.347,24.769
25.078,24.879
24.787,24.276
24.376,23.453
24.712,22.934
26.61,25.81
26.227,26.032
24.864,24.432
25.347,24.843
23.485,23.042
24.246,22.391
26.781,25.96
26.74,26.562
22.185,21.533
24.473,24.221
19.899,19.76
26.811,26.285
21.778,21.006
24.28,23.859
20.61,19.239
23.901,23.199
25.3,24.905
25.533,25.103
19.97,19.251
23.339,23.006
24.401,24.133
25.898,25.322
20.949,19.78
23.42,23.145
25.352,25.224
24.284,24.031
22.386,22.313
23.167,23.056
20.252,20.149
24.582,24.072
26.353,24.3
26.613,26.44
21.907,20.774
23.997,23.773
25.246,24.862
26.018,25.913
25.497,23.857
26.04,24.633
25.695,24.286
21.084,20.176
25.032,23.223
26.795,26.237
26.468,25.744
22.189,21.436
26.177,25.898
23.279,23.141
24.338,23.962
26.657,26.346
24.328,23.984
24.094,22.266
24.532,24.059
25.014,24.731
22.445,22.089
22.092,21.766
22.068,22.005
25.776,25.581
13.988,13.892
25.095,25.004
26.036,24.966
24.109,23.708
24.299,24.161
26.76,26.572
22.017,20.565
23.968,22.459
26.096,25.585
25.577,25.279
22.964,22.359
19.122,18.272
24.772,23.128
20.638,20.517
22.926,22.018
26.177,26.015
23.2,20.751
22.568,21.314
23.192,22.694
22.711,21.276
19.555,19.307
24.398,24.211
24.258,23.886
21.887,21.75
19.354,18.674
25.036,24.31
26.718,26.313
23.519,23.329
17.777,17.652
26.879,24.354
24.32,23.713
22.551,22.122
26.833,24.637
26.365,25.896
25.328,25.194
25.246,24.864
23.475,21.822
26.424,25.885
24.869,24.315
26.631,26.183
25.487,25.235
26.357,26.018
26.694,26.352
25.192,25.008
20.716,20.534
21.913,20.673
24.717,24.4
23.303,22.673
26.129,25.841
18.495,18.415
26.522,26.082
24.943,23.757
14.873,14.749
23.533,23.05
22.631,21.168
21.717,21.354
24.465,23.839
26.627,26.327
22.732,22.497
24.623,24.238
26.288,25.821
23.965,23.843
22.667,21.96
24.06,23.94
26.079,24.068
22.903,20.931
25.818,25.358
22.807,21.727
24.887,22.522
24.89,24.406
23.194,21.735
19.466,19.384
26.071,25.972
24.833,24.398
23.756,23.3
21.318,21.0
25.814,25.719
26.875,25.088
24.984,24.761
20.934,19.731
23.013,21.145
22.226,21.186
26.662,26.479
26.976,26.394
25.385,24.988
25.406,22.976
18.511,18.354
24.716,24.239
24.245,23.795
24.748,23.511
26.093,25.778
25.623,25.159
26.254,25.647
20.174,19.962
22.496,21.909
23.232,22.709
26.415,25.753
22.213,21.9
24.953,24.854
22.626,22.327
23.244,22.948
21.385,21.163
26.726,26.212
21.67,21.356
25.294,23.991
21.774,21.619
23.972,23.866
25.428,25.198
26.273,25.78
25.657,25.141
25.142,24.644
26.262,25.858
24.739,24.644
18.447,18.235
24.813,24.661
26.523,26.411
23.204,23.104
26.642,24.75
25.638,25.179
26.422,25.891
25.158,23.321
26.076,25.783
25.404,24.684
25.589,24.286
19.117,17.82
24.7,24.236
26.897,26.267
22.08,20.346
24.576,24.492
22.448,21.884
21.903,21.724
22.994,22.873
25.839,25.183
23.048,22.297
26.743,26.337
26.232,24.922
25.438,25.267
26.085,25.571
23.642,23.396
26.494,25.831
25.588,25.117
24.903,24.546
25.337,24.831
26.786,25.899
24.572,24.217
24.167,24.042
25.757,25.158
25.421,23.265
24.99,24.523
22.859,22.577
15.364,15.247
20.32,20.231
24.024,22.28
24.086,23.96
21.06,20.579
23.788,21.767
24.044,22.982
25.324,24.978
25.392,24.907
24.395,22.636
25.064,24.667
22.844,20.96
23.941,23.438
25.183,23.242
25.136,24.995
26.55,26.088
23.922,23.672
14.964,14.868
24.662,24.56
24.715,23.77
26.014,25.856
25.922,24.436
22.767,22.084
23.349,23.204
23.989,23.698
26.832,26.465
26.713,24.946
26.423,26.252
23.338,22.94
26.668,25.702
26.325,25.84
26.997,26.543
16.222,16.09
23.41,21.317
25.98,25.237
24.655,24.198
26.862,26.326
26.693,26.376
22.403,22.209
26.038,25.502
26.667,24.862
24.017,23.759
24.164,23.822
21.034,19.354
25.215,24.744
22.603,22.513
23.197,22.571
23.952,23.642
22.007,20.708
24.646,24.333
24.976,24.342
22.444,21.191
21.186,20.998
21.539,21.111
24.826,23.883
14.147,14.029
25.923,25.338
25.317,24.95
26.891,26.387
26.327,25.993
22.346,22.248
16.549,16.021
22.916,22.836
23.857,22.67
21.045,20.353
21.458,21.205
26.987,25.833
26.491,24.334
22.831,22.546
26.619,26.153
23.519,23.047
22.321,22.254
26.889,24.941
26.784,26.482
26.422,26.085
23.891,23.486
24.895,24.748
23.343,21.594
21.079,19.682
23.4,23.019
21.829,21.456
23.507,22.673
26.656,24.023
25.268,24.733
26.954,26.3
25.182,25.088
26.65,26.342
25.684,25.375
26.886,26.469
19.955,19.666
18.641,18.534
26.414,26.208
26.725,26.295
25.671,25.338
26.321,25.804
16.479,16.336
21.669,21.667
15.185,15.018
25.447,25.111
19.547,18.885
25.845,24.331
25.931,25.4
24.78,24.704
22.941,21.734
26.299,25.835
25.653,25.215
24.313,23.953
26.904,26.63
20.697,20.469
25.319,25.218
24.765,24.563
24.93,24.469
25.921,25.302
14.596,14.459
24.432,23.455
26.555,26.127
26.874,24.384
25.791,25.218
20.066,18.99
21.199,20.895
24.78,24.625
25.755,25.257
21.549,20.581
25.179,24.046
26.9,26.421
26.624,25.895
23.372,23.06
22.008,21.718
23.945,23.768
26.502,25.978
26.894,25.959
25.509,25.015
24.534,24.084
24.067,23.589
26.277,25.837
25.032,24.462
26.826,26.431
26.031,25.63
26.736,26.323
26.122,25.565
25.746,25.354
22.453,22.361
26.862,26.126
24.314,24.058
23.695,23.215
22.141,20.43
25.519,25.405
21.282,20.611
26.863,26.308
24.006,23.627
26.895,25.9
23.917,23.825
25.02,23.52
26.743,26.292
21.489,21.15
22.28,21.974
20.556,19.316
25.897,24.259
23.316,22.252
25.552,25.198
22.115,20.336
25.73,25.457
26.232,26.055
24.54,24.043
22.162,21.16
25.51,25.141
22.534,22.422
20.987,20.344
25.19,24.752
23.963,23.442
25.101,23.862
26.431,24.031
26.499,26.062
25.709,24.718
17.699,17.584
24.837,24.608
15.898,15.802
25.927,25.602
26.854,26.32
25.785,25.527
14.202,14.067
25.238,24.359
26.888,26.266
26.945,24.668
24.652,24.079
18.988,17.794
23.754,23.41
24.105,23.1
21.672,21.102
20.75,19.279
26.462,25.951
20.608,19.584
25.801,24.542
26.113,25.548
18.269,18.08
17.467,17.262
26.306,25.842
23.361,23.029
17.164,16.937
26.191,25.983
24.556,23.089
23.034,22.766
16.787,16.58
26.102,24.093
26.102,23.746
22.88,21.649
24.675,24.36
17.136,16.946
23.33,23.205
23.503,22.356
23.543,23.23
19.318,18.859
24.151,24.058
20.83,20.614
26.701,26.311
25.345,25.159
26.542,26.063
24.405,23.774
22.42,20.787
19.08,18.948
22.001,21.83
22.749,21.806
26.62,24.258
23.643,22.136
22.754,20.71
22.079,20.793
23.26,23.225
25.641,25.155
25.522,25.061
26.491,25.591
25.165,24.776
24.76,24.308
20.929,19.76
26.709,26.298
26.812,26.35
24.939,24.831
26.167,25.715
23.432,22.939
25.772,25.189
26.321,25.958
25.698,25.333
25.635,25.116
22.112,20.677
25.721,25.321
19.093,17.964
25.785,25.255
25.517,25.14
24.409,23.888
18.704,18.172
26.247,25.847
23.971,23.498
23.375,22.84
25.951,25.46
25.344,23.721
26.917,25.988
23.689,23.269
23.401,23.316
21.598,20.228
19.636,18.604
23.42,22.886
24.266,23.991
24.891,24.821
20.265,20.193
16.975,16.753
24.416,23.755
25.181,24.858
22.083,21.754
22.32,22.054
12.977,12.902
25.33,24.954
25.88,25.543
21.451,20.274
23.165,22.965
25.15,23.688
26.569,26.164
26.233,23.779
23.982,23.598
21.293,20.288
25.237,23.6
26.257,25.736
21.649,21.482
26.397,26.162
23.693,23.19
22.764,22.531
18.978,18.587
25.39,24.838
21.791,21.526
26.002,25.226
26.74,26.21
24.549,23.354
22.497,22.431
23.974,23.041
18.121,18.021
26.802,26.114
20.748,20.344
21.211,20.314
20.554,19.909
24.044,23.499
26.622,26.076
21.154,20.973
24.022,23.412
23.494,23.409
23.203,22.886
24.736,24.56
20.895,20.754
25.235,24.774
25.861,23.998
25.196,24.651
25.58,24.448
20.887,20.332
22.043,21.525
25.745,25.134
23.115,21.615
21.654,20.975
24.65,24.325
26.165,24.687
19.329,19.259
25.485,24.935
23.302,22.665
25.305,24.884
18.772,18.68
24.992,24.873
26.927,26.669
23.89,23.814
26.175,23.522
22.384,22.154
26.652,26.195
26.845,26.543
23.652,22.542
26.832,26.224
24.465,22.996
25.498,23.628
22.236,21.405
25.457,25.017
23.802,23.498
25.45,24.729
22.496,22.616
26.207,25.847
25.69,23.492
26.545,26.125
21.847,21.744
26.806,25.992
20.232,19.081
22.39,21.087
25.513,25.255
26.287,26.132
23.95,23.501
26.146,25.561
26.146,25.607
23.859,23.454
25.435,25.066
25.893,25.335
22.392,22.273
25.905,25.739
21.768,20.297
20.667,19.97
25.831,25.411
22.51,22.07
25.516,25.019
19.79,19.484
26.02,25.643
26.704,26.171
23.664,21.934
23.615,23.368
24.532,24.451
25.184,24.908
25.293,24.766
25.18,24.528
24.308,23.807
25.504,25.106
20.386,20.303
22.654,21.139
18.05,17.774
20.95,19.857
26.312,25.944
26.321,25.942
26.649,26.125
26.674,26.368
24.193,21.944
22.332,20.809
26.276,25.74
26.012,23.603
25.049,24.827
20.37,20.129
23.742,22.789
26.47,25.973
24.406,24.087
26.844,26.323
23.864,23.737
19.773,18.584
25.005,24.191
22.433,20.429
22.039,21.282
23.895,23.743
26.382,25.237
25.422,24.564
25.803,25.628
24.878,24.594
25.069,24.706
26.423,25.736
25.603,25.505
25.95,23.9
25.976,25.745
23.846,23.297
24.45,23.558
26.29,25.99
26.145,23.851
21.982,21.735
24.502,24.094
17.082,16.948
25.206,24.932
25.617,25.517
25.965,25.689
23.042,22.882
25.769,25.086
25.998,24.218
24.396,24.107
23.986,22.446
19.683,19.415
23.297,22.328
20.639,20.478
25.554,24.479
22.528,21.736
25.203,23.154
21.607,20.659
26.806,25.687
26.247,24.76
24.727,24.53
23.763,23.68
23.942,23.632
25.734,23.26
25.051,24.737
26.014,23.556
26.779,26.386
22.437,22.363
24.75,24.356
19.29,18.749
26.181,25.702
26.274,25.984
26.015,25.655
24.288,24.189
24.817,24.722
21.827,20.95
19.178,18.97
22.253,22.023
26.429,26.102
22.496,22.11
26.497,26.054
26.28,25.858
25.888,25.434
25.644,25.489
26.331,25.967
22.968,22.778
25.124,25.038
24.305,24.01
24.428,23.388
24.601,24.379
26.264,26.022
26.388,26.032
26.335,26.191
25.051,22.871
23.933,23.779
25.534,25.133
25.731,25.141
21.953,21.603
26.168,25.917
26.488,25.962
26.358,26.055
25.382,24.646
23.386,21.966
23.358,23.105
26.994,26.431
25.802,24.76
22.952,22.602
26.156,25.693
24.866,23.314
16.513,16.353
25.917,25.496
24.615,22.536
26.108,25.689
26.367,25.921
26.422,26.153
25.32,24.264
26.351,25.514
24.728,24.32
24.162,24.028
24.13,23.425
26.178,25.641
24.038,23.642
26.944,26.167
24.587,24.456
24.271,23.836
26.521,25.929
21.174,19.933
20.852,20.97
17.472,16.297
20.524,19.257
25.477,24.919
25.889,25.339
24.698,23.919
21.956,21.117
17.991,17.215
25.575,25.23
24.815,24.558
23.054,21.649
25.071,24.392
25.781,25.28
23.794,22.193
26.448,26.162
23.664,22.998
25.862,25.735
17.576,17.294
26.271,24.529
25.118,24.717
21.577,20.109
22.447,20.842
24.897,24.63
19.284,18.511
17.844,17.476
22.394,22.242
26.085,25.666
26.347,23.813
26.76,26.225
23.728,22.728
26.955,26.38
21.716,21.222
21.972,21.608
26.73,26.231
25.498,25.256
26.726,24.101
24.611,24.254
24.84,24.334
25.262,25.087
24.719,22.801
22.246,22.022
24.891,23.392
24.105,23.613
20.053,19.352
26.233,25.853
24.267,23.836
24.217,24.519
26.666,26.2
26.603,26.465
25.987,25.8
24.767,24.543
25.529,25.028
25.693,25.279
25.425,24.822
26.357,25.77
24.208,24.114
24.694,24.236
26.857,26.48
26.522,24.811
24.718,24.436
23.422,22.863
20.915,20.579
24.062,23.736
24.329,24.252
25.124,24.874
26.518,25.881
26.562,26.068
26.576,25.961
26.727,26.423
26.988,26.79
25.882,25.369
24.407,24.012
24.864,24.535
26.44,25.699
26.387,25.076
26.389,25.891
26.174,24.491
23.514,22.747
24.404,24.057
19.884,19.697
21.988,21.291
25.23,24.998
22.437,21.601
26.633,26.431
26.556,24.521
24.584,24.341
19.412,19.015
26.519,26.273
26.166,25.972
26.52,26.026
23.324,23.005
24.089,23.838
26.858,26.447
23.372,23.275
24.767,24.539
25.474,24.69
24.049,23.497
25.263,23.101
26.928,26.455
24.656,23.963
24.704,24.21
25.377,24.291
26.137,25.859
24.877,24.281
24.836,23.658
25.125,22.849
22.062,21.986
24.64,23.372
23.887,23.684
26.789,26.306
24.629,23.491
19.995,19.936
26.924,26.31
26.236,25.814
26.318,25.718
19.919,19.501
25.617,25.411
24.488,22.461
26.257,25.764
22.726,21.827
22.757,22.41
25.109,24.904
25.983,25.469
14.876,14.739
26.347,24.709
26.012,24.465
25.591,25.173
25.247,24.766
20.141,19.181
23.451,23.211
21.622,20.479
23.04,22.685
19.677,19.231
26.375,26.229
26.455,26.33
26.436,25.836
20.797,20.627
23.249,23.048
26.461,25.853
26.8,26.362
24.539,23.661
26.214,25.55
23.67,22.295
26.145,25.387
24.735,22.466
25.58,25.284
26.339,26.098
24.796,23.634
23.71,23.005
26.58,26.11
20.118,19.748
26.598,25.923
22.952,22.364
25.831,25.478
25.128,24.99
23.491,22.893
25.754,25.649
23.242,23.078
22.324,21.354
25.289,24.68
16.372,16.102
22.84,21.57
26.928,25.893
25.847,25.558
22.937,22.436
21.284,21.171
24.531,24.189
24.457,23.814
26.823,26.41
26.151,25.741
24.477,24.019
24.6,24.151
24.883,23.332
26.381,25.547
23.276,23.08
23.133,22.718
26.312,25.597
26.911,26.251
25.756,25.196
26.535,26.323
26.795,25.211
21.331,21.216
24.176,23.683
23.807,22.515
21.876,20.003
24.377,23.985
26.523,26.385
25.593,25.503
22.172,21.895
25.213,25.069
26.538,26.146
25.72,25.474
24.247,24.062
21.757,19.774
26.452,24.729
17.338,16.527
25.051,23.726
22.799,21.647
22.608,22.45
22.435,21.751
24.667,23.104
23.543,23.3
24.957,24.6
25.363,25.23
25.745,25.302
24.971,24.524
23.135,22.836
23.895,22.076
20.345,20.186
24.178,23.665
25.728,25.619
21.76,21.284
17.858,17.681
23.798,23.368
26.058,25.541
21.327,20.054
18.98,18.069
26.554,26.095
21.815,20.798
26.949,26.553
26.134,25.686
26.198,25.79
25.746,25.295
26.743,26.325
26.73,26.359
24.551,23.04
26.349,25.985
22.909,21.95
26.881,26.638
21.023,20.824
26.351,26.207
25.451,25.081
25.482,25.261
22.718,22.627
25.173,24.377
25.99,25.309
23.894,23.541
26.702,26.228
23.64,23.479
26.592,26.253
23.861,23.766
24.179,23.933
24.373,24.031
25.005,24.712
26.906,26.602
25.605,25.446
21.956,21.469
22.825,22.419
24.801,24.512
21.028,20.689
24.272,21.856
23.837,23.317
23.974,23.051
19.533,19.032
26.405,25.931
25.913,25.732
26.426,26.05
25.326,24.809
26.3,26.021
26.96,26.462
26.892,24.283
25.434,25.235
24.303,23.767
25.661,25.486
22.671,22.46
25.091,24.567
23.552,23.241
25.92,25.498
25.494,25.034
24.425,22.898
25.367,24.949
18.137,17.926
25.716,25.227
24.656,24.496
21.552,19.682
26.738,24.448
26.166,25.711
24.843,24.519
24.776,24.628
24.213,24.063
25.867,23.643
26.84,26.531
25.129,24.341
26.341,25.828
26.335,25.904
25.476,24.951
24.144,22.911
24.311,24.036
25.854,25.441
22.584,21.56
21.534,21.228
26.229,24.385
26.061,25.685
25.745,25.474
24.246,23.969
26.483,26.035
24.857,24.549
26.255,26.078
20.062,20.004
23.474,23.258
19.517,18.061
25.952,25.52
25.808,25.358
26.393,26.02
19.674,18.776
19.983,18.515
22.911,22.65
25.677,23.584
25.894,25.572
26.905,26.527
25.379,25.018
24.53,24.035
23.751,23.202
22.354,21.064
23.208,23.135
25.558,25.106
23.681,23.469
26.683,26.239
24.677,24.523
25.551,25.312
24.191,23.727
24.818,24.603
25.548,25.12
23.647,23.282
25.901,23.83
26.066,25.829
16.467,16.242
26.522,26.17
24.126,22.747
25.748,25.328
22.249,21.916
25.84,25.477
21.293,21.114
26.156,25.968
23.826,23.51
26.66,26.283
25.127,24.548
24.695,24.41
25.546,25.008
23.335,22.344
23.764,23.355
26.101,26.008
26.644,24.963
24.408,24.288
26.905,26.752
23.597,23.369
15.749,15.633
24.083,23.88
24.926,24.472
25.877,25.673
22.271,20.928
25.888,25.415
26.39,26.161
26.296,24.896
24.834,24.158
22.839,22.526
25.221,23.038
21.829,21.39
25.818,23.461
24.38,23.947
26.31,26.079
26.918,26.741
25.778,25.372
26.514,24.28
16.475,16.353
25.063,24.903
25.882,25.73
26.613,26.172
17.667,16.532
21.482,20.636
25.095,24.873
24.327,24.059
26.642,26.214
26.794,26.301
22.936,21.884
25.891,23.899
26.697,25.576
26.135,25.751
21.697,20.11
26.592,25.512
26.145,25.68
19.421,19.566
25.028,24.767
25.787,25.34
22.989,22.233
26.06,25.667
25.673,24.239
24.306,23.132
26.994,26.621
19.497,18.506
25.418,25.082
25.265,24.65
26.69,26.023
26.33,24.638
24.387,22.262
23.183,22.584
24.611,23.954
20.431,19.303
25.008,23.226
25.027,23.801
19.82,19.639
24.801,24.25
25.603,24.29
26.161,25.462
25.746,25.3
22.843,21.38
22.609,20.916
21.168,20.905
26.905,26.204
26.392,25.886
25.957,25.613
24.754,23.105
23.223,23.104
20.24,20.036
20.089,19.801
26.955,26.622
16.954,16.794
21.192,20.269
26.351,26.243
25.579,25.009
24.926,24.77
24.948,24.393
21.168,20.295
25.488,25.268
24.794,24.033
21.164,20.753
26.755,26.276
26.181,25.986
22.531,22.055
17.713,17.602
25.761,24.905
24.735,24.245
25.724,25.209
26.757,26.086
23.081,22.972
24.785,22.384
23.671,22.981
25.286,25.008
25.474,24.823
26.425,26.11
26.659,24.116
24.869,24.148
21.791,21.701
24.119,23.797
18.442,18.222
24.849,22.405
21.749,21.307
26.524,25.076
23.713,23.448
22.929,22.116
24.477,23.998
24.691,24.624
25.673,25.31
26.228,25.143
23.569,22.119
25.16,24.672
19.093,18.887
26.812,26.323
26.795,26.467
18.488,18.324
23.414,23.354
23.782,23.357
23.587,23.483
26.103,25.521
24.998,23.371
21.828,21.679
25.926,25.564
23.791,23.716
24.128,22.783
20.51,20.363
25.251,24.733
26.84,26.491
22.285,21.979
21.188,20.979
25.125,24.674
25.784,25.282
23.928,23.586
25.089,24.635
23.817,23.576
20.945,20.84
23.91,23.479
26.656,26.151
26.922,26.306
17.693,17.621
26.674,26.232
26.532,23.961
26.298,23.848
24.885,24.597
25.449,24.981
26.957,26.728
25.363,24.741
20.972,19.831
23.675,23.071
21.172,20.832
26.955,26.589
24.623,24.398
26.402,25.759
20.835,20.19
17.816,17.506
20.795,20.359
22.914,22.499
24.424,23.446
23.839,22.95
24.607,24.544
26.683,25.532
22.504,21.565
24.728,24.638
22.332,22.03
23.074,22.826
26.756,26.241
25.455,25.138
25.831,25.198
25.454,25.005
25.976,25.661
23.72,23.34
26.867,26.441
25.464,23.944
26.594,26.137
23.749,23.173
26.642,25.703
26.567,26.073
21.929,20.411
22.516,22.38
20.541,19.208
24.72,24.631
22.509,20.901
21.551,21.333
21.978,21.867
23.138,21.692
25.632,25.3
19.03,18.924
26.042,25.408
21.511,20.233
25.135,24.963
18.232,18.007
22.16,20.638
24.953,23.718
22.922,21.769
25.271,24.995
22.219,21.974
20.617,20.068
13.791,13.277
20.69,20.005
26.76,26.483
26.655,26.324
21.381,20.528
25.334,24.846
19.806,19.101
26.948,26.455
23.924,23.805
24.068,22.71
17.68,17.549
20.871,20.637
21.499,21.229
21.438,20.238
25.93,25.632
26.171,23.736
21.947,20.205
26.074,24.101
24.936,22.941
19.843,19.785
24.007,23.489
21.568,20.264
24.59,23.364
20.445,20.357
26.96,26.311
24.832,24.645
25.316,23.879
23.115,22.859
22.949,22.427
26.914,26.082
26.262,26.07
25.11,24.479
23.187,23.114
24.009,23.519
25.949,25.237
18.573,18.479
23.684,22.939
26.143,25.725
23.284,21.404
26.137,25.523
24.922,23.9
25.565,25.435
20.236,19.919
24.47,24.01
25.804,25.339
25.326,24.788
22.499,22.04
26.241,26.107
24.906,24.654
24.285,24.056
25.107,24.647
25.975,25.576
16.811,16.644
25.556,25.173
19.679,19.097
22.222,21.469
24.929,24.431
25.841,25.515
25.514,25.036
26.26,24.715
25.917,25.804
24.077,23.905
25.277,24.788
24.452,24.12
26.446,26.016
23.17,23.044
24.46,24.227
24.818,24.335
23.861,23.421
26.244,25.666
25.097,23.546
24.778,24.71
25.271,25.062
24.714,22.969
26.514,26.061
25.666,23.457
25.174,25.07
25.75,24.057
26.027,25.926
26.781,25.612
24.355,24.072
24.749,24.354
21.804,21.663
24.301,24.183
26.673,26.181
19.031,18.682
23.995,23.651
23.077,22.989
23.212,23.092
22.009,21.458
22.898,21.945
23.458,22.978
25.812,25.423
21.957,21.868
22.803,22.628
25.648,25.407
24.85,24.743
26.962,26.385
24.975,23.48
23.032,22.935
21.927,21.807
22.792,20.809
26.425,25.47
25.446,25.314
21.061,20.954
23.167,22.795
25.411,25.25
25.258,22.911
25.472,25.095
26.367,25.87
23.649,22.472
19.627,19.427
23.96,23.791
20.502,19.236
23.812,23.716
26.716,26.127
22.258,20.972
23.486,22.414
24.296,23.107
20.727,19.094
25.719,25.319
25.277,23.839
24.172,24.063
25.088,24.094
22.756,22.258
25.452,25.163
25.793,25.396
25.066,24.969
26.119,25.753
22.547,22.399
24.635,24.167
26.678,26.29
25.364,25.053
24.969,24.409
24.916,24.664
25.01,24.502
25.125,24.701
24.353,24.236
26.767,26.277
24.388,24.196
26.532,26.349
25.757,25.247
26.745,26.355
25.081,24.679
24.487,23.599
25.229,24.07
24.672,24.563
20.093,19.982
25.206,25.098
23.007,22.102
26.265,25.867
20.777,19.617
25.483,24.791
26.484,26.28
22.25,22.05
24.671,24.274
26.1,25.734
22.766,21.151
25.766,25.397
23.216,21.239
25.063,24.639
22.776,21.548
21.427,21.317
26.82,26.423
19.729,19.637
12.395,12.231
22.462,22.08
24.954,24.581
25.56,25.257
26.945,26.466
26.8,26.396
25.229,24.542
26.691,26.249
16.068,15.871
21.995,21.423
25.804,23.95
25.27,24.749
23.425,23.315
21.52,21.339
24.032,23.639
24.398,22.64
24.933,24.48
26.171,26.05
25.427,24.757
26.152,25.366
26.329,26.133
23.19,22.353
25.471,25.047
21.562,20.557
25.974,25.866
24.782,24.569
26.287,26.172
22.803,22.37
20.812,19.744
24.5,24.06
23.198,22.25
22.509,22.269
19.568,18.1
26.702,26.282
26.432,24.759
16.749,16.532
26.578,26.137
26.962,26.518
19.199,17.932
26.788,26.516
20.128,19.417
25.926,25.624
19.292,18.922
25.009,24.676
26.036,25.524
26.41,24.317
22.768,22.186
22.634,20.941
21.929,21.229
24.591,23.382
23.256,23.113
24.841,22.905
26.712,24.821
24.096,23.68
15.659,15.466
25.966,25.535
25.288,24.52
20.013,19.822
21.352,20.631
25.622,25.197
26.879,26.381
26.934,26.3
16.717,16.639
24.701,24.608
24.98,24.507
17.777,17.54
14.215,14.081
25.493,25.296
25.23,23.985
26.954,25.127
25.287,25.053
25.924,25.39
13.685,13.476
24.727,24.46
26.931,26.369
22.217,21.904
26.359,23.849
24.133,23.734
17.84,17.684
25.046,24.945
22.472,21.178
25.315,25.222
21.847,20.974
26.389,25.835
25.342,22.892
22.039,21.776
26.05,25.665
26.366,25.869
25.918,25.599
26.018,25.644
23.627,22.263
26.924,26.629
25.052,24.61
25.919,25.396
17.0,16.398
24.793,24.712
13.734,13.629
24.726,24.32
24.447,22.004
22.142,22.062
22.477,22.106
24.563,22.034
19.803,19.583
24.205,23.832
21.889,20.996
25.13,24.751
24.493,24.204
26.436,26.034
26.816,26.353
24.094,23.695
25.347,25.199
24.464,23.894
25.537,25.236
23.593,22.238
26.65,26.238
24.28,24.038
26.531,25.625
23.643,23.404
25.811,25.378
25.124,24.878
20.07,19.044
25.863,25.757
21.771,21.661
26.261,25.687
25.669,24.35
26.259,25.254
25.859,23.596
20.888,20.793
26.013,24.266
22.026,21.674
16.668,16.358
26.93,26.56
26.997,24.504
21.377,21.095
26.349,25.943
26.919,26.348
26.887,26.211
24.838,22.804
24.191,24.027
23.925,24.174
22.214,22.102
24.725,24.116
25.347,23.111
25.432,23.491
23.397,22.06
26.812,26.221
25.909,25.647
26.399,25.783
25.208,24.849
26.844,24.735
22.037,20.955
23.015,22.024
26.741,26.139
25.847,25.258
26.731,25.861
23.382,22.698
25.662,24.252
26.972,26.467
21.965,20.852
25.649,24.306
25.112,24.963
25.929,25.387
25.239,24.822
25.118,24.781
22.112,21.908
21.221,19.756
23.81,23.723
25.826,23.972
26.674,26.391
25.886,25.488
22.657,22.218
23.822,23.726
24.761,24.557
20.516,20.323
24.482,22.931
25.307,24.965
26.952,26.336
25.21,25.113
26.842,26.603
26.742,26.327
25.352,24.722
22.169,20.967
26.54,25.626
26.75,26.214
20.944,20.023
24.487,24.017
26.045,25.893
25.774,25.208
24.393,22.622
20.142,19.438
21.872,21.539
26.039,25.736
24.319,23.92
25.265,24.885
24.274,24.073
21.198,20.575
20.883,20.588
25.317,24.718
26.849,26.49
25.598,25.09
23.453,21.982
25.482,24.969
25.725,25.392
26.273,25.553
21.187,21.023
26.361,26.257
26.881,26.252
25.484,25.363
21.283,19.844
24.727,24.246
26.729,26.285
24.466,22.513
24.774,24.362
23.141,22.415
23.918,23.489
25.435,25.069
26.528,26.11
26.789,26.344
21.529,20.849
25.479,24.019
26.287,26.166
26.359,25.811
24.823,24.229
25.605,24.113
22.586,22.516
23.219,21.759
26.075,25.885
25.601,24.118
23.098,22.777
25.017,24.837
16.769,16.541
25.939,25.596
19.878,18.748
24.574,24.475
23.632,22.606
21.735,21.13
26.02,25.277
26.892,26.492
26.946,26.3
23.882,23.363
25.95,25.095
26.068,25.662
17.775,17.517
26.455,25.882
25.637,25.356
25.617,24.847
24.235,22.534
14.907,14.786
14.575,14.429
21.547,20.507
25.469,22.94
19.493,19.247
24.475,24.383
19.92,19.62
21.908,21.669
26.049,25.588
26.781,26.144
24.268,24.143
26.699,26.535
25.285,25.193
26.311,25.846
23.741,23.259
23.847,23.665
23.485,22.974
26.366,25.99
21.354,20.205
20.722,19.421
25.849,25.763
18.642,18.13
26.792,26.258
23.917,22.542
23.664,23.407
23.489,23.162
25.806,25.355
26.768,26.27
24.473,24.181
26.8,26.05
26.832,25.931
25.667,23.698
25.595,24.6
23.032,21.755
26.049,25.815
20.985,19.852
25.138,24.736
25.218,24.709
25.32,25.131
26.121,24.909
26.548,23.969
24.725,24.04
26.473,26.218
21.142,21.057
26.071,25.572
23.747,23.35
24.087,24.005
22.104,20.255
25.615,25.154
25.406,25.192
18.009,17.86
24.014,23.529
22.894,21.562
22.365,22.168
23.849,23.595
20.15,19.519
21.38,21.311
24.64,24.102
26.261,25.516
26.727,26.509
23.36,22.284
25.724,25.207
20.503,20.435
25.337,24.931
21.268,19.824
26.07,25.657
23.654,23.516
22.647,22.24
25.154,24.685
26.185,23.785
26.796,26.545
23.646,23.266
22.317,22.18
25.478,24.99
26.863,26.256
24.942,23.138
25.329,24.868
21.454,19.889
25.705,25.26
20.908,20.521
26.521,26.41
24.908,24.458
25.177,24.6
26.62,26.111
26.279,25.385
20.937,19.568
26.527,25.296
26.445,26.242
22.767,21.881
22.935,22.59
26.317,26.167
16.765,16.443
20.965,20.589
25.181,24.752
26.926,26.379
24.206,23.627
21.374,21.25
16.733,16.537
26.972,26.73
23.313,23.168
26.384,25.611
26.178,24.822
24.623,24.432
26.797,26.313
26.396,25.857
20.363,19.786
23.741,23.345
25.883,25.514
24.691,24.621
25.673,25.424
24.832,24.637
23.202,21.85
20.927,20.775
22.686,22.352
24.246,23.206
22.973,21.743
21.717,21.677
24.736,24.485
26.74,26.186
25.759,23.301
26.189,25.718
25.098,24.889
24.583,23.992
25.616,24.547
17.901,17.765
19.191,19.133
26.488,26.102
23.217,23.014
20.619,20.436
22.661,21.734
25.489,23.327
25.726,25.3
26.812,25.159
25.397,24.734
23.886,21.891
22.777,22.338
25.915,25.237
24.164,24.029
26.454,26.074
24.813,24.436
24.994,23.946
21.894,20.878
26.562,26.305
20.928,20.702
18.342,18.262
21.407,20.402
26.982,26.394
24.12,23.114
24.244,24.122
18.148,18.005
24.022,23.629
22.22,21.274
24.462,23.125
26.742,26.387
25.431,24.916
22.756,22.554
26.446,25.866
26.835,26.627
20.86,20.11
20.804,19.701
25.035,24.784
26.389,26.104
24.587,24.217
16.45,16.134
25.454,25.026
25.402,25.027
26.108,25.5
26.954,26.753
23.868,23.447
26.595,26.092
25.537,25.135
26.526,26.401
24.18,22.217
23.082,22.965
18.324,17.967
16.778,16.652
20.47,20.114
26.42,25.975
21.156,19.678
25.953,25.567
24.034,23.144
26.054,25.643
20.419,20.351
25.903,25.737
26.349,25.968
22.51,22.419
26.064,25.749
22.546,22.249
24.833,24.414
26.562,26.393
24.504,24.431
26.459,26.252
25.279,24.979
25.656,25.039
26.409,25.978
23.416,23.009
26.111,25.748
23.87,21.738
23.818,23.392
25.796,25.458
26.697,25.828
23.543,23.186
21.307,21.101
24.47,23.851
22.492,22.119
26.868,26.389
25.697,25.316
21.886,20.954
26.389,26.048
23.705,23.329
22.169,21.242
20.237,20.007
24.753,23.165
21.853,21.647
22.719,21.49
24.556,24.185
23.998,22.852
24.961,24.523
24.03,23.693
24.447,24.143
26.585,26.203
24.047,23.624
23.132,22.637
25.982,25.757
25.965,25.623
22.955,22.461
26.872,26.493
25.38,24.245
26.808,26.434
25.553,24.936
23.702,23.204
22.93,22.721
25.314,24.715
25.038,24.548
25.47,24.987
25.011,24.821
23.006,22.882
24.762,24.374
19.258,19.096
20.39,19.536
26.311,25.741
23.659,22.089
24.2,23.626
24.112,23.881
26.236,25.97
24.671,24.545
25.598,25.302
21.607,21.233
25.692,25.173
23.695,23.344
17.603,16.422
21.689,21.132
23.163,22.954
18.542,17.529
24.49,23.98
26.96,26.612
26.398,25.947
24.439,24.176
26.112,25.606
20.281,20.168
26.22,26.037
20.834,19.794
25.265,24.902
24.433,24.22
25.012,24.655
25.854,23.663
25.081,24.585
24.866,24.656
26.832,26.419
24.717,23.203
15.483,15.389
26.8,26.461
24.792,22.606
18.042,17.829
26.868,26.511
26.561,25.639
25.169,25.025
26.467,24.228
26.932,26.533
22.601,22.341
22.459,20.912
26.31,26.089
25.286,24.671
24.105,23.847
26.158,26.017
25.567,25.007
17.155,17.017
25.774,25.383
21.625,20.935
19.423,19.151
20.978,20.564
22.607,21.348
26.168,25.608
23.517,23.0
25.93,25.792
24.665,23.544
26.666,26.194
24.575,24.119
19.28,19.175
23.47,22.797
26.918,26.744
26.783,26.405
25.11,24.559
22.427,21.231
25.096,24.75
23.743,23.629
24.602,24.497
21.575,20.838
25.029,24.652
26.279,26.135
23.994,23.084
25.514,25.439
21.201,20.408
25.265,24.977
26.326,23.77
24.089,23.383
25.803,25.273
26.525,24.671
26.424,25.961
26.354,25.961
24.217,23.736
21.659,20.031
18.401,17.194
23.791,21.372
22.481,21.021
26.586,26.349
26.733,26.654
26.95,25.454
25.295,24.669
17.846,17.731
22.584,22.34
24.534,23.419
24.631,24.167
23.283,23.19
24.597,24.221
25.603,25.055
25.928,25.645
24.719,24.534
26.604,26.3
17.773,16.363
24.448,23.971
20.137,19.581
23.897,23.508
24.038,23.616
23.332,22.607
24.062,22.907
26.324,24.15
26.501,26.204
24.944,24.147
25.964,25.548
21.872,21.785
26.089,25.626
26.037,25.537
22.422,21.879
19.679,19.538
25.465,24.958
24.545,23.914
18.872,18.055
15.774,15.436
18.701,18.03
23.752,23.632
21.904,21.526
24.815,22.686
24.983,24.812
24.406,23.867
26.465,25.934
23.875,23.602
21.131,20.272
22.759,20.894
19.182,19.451
26.214,25.743
25.272,24.782
26.36,25.919
26.541,26.417
25.19,24.617
26.723,26.335
26.571,25.967
26.993,26.335
22.867,21.026
26.482,26.057
23.715,22.421
23.095,22.217
24.44,22.765
25.756,25.41
19.608,18.548
25.181,24.364
25.713,25.434
21.402,21.163
21.907,21.531
26.621,24.284
26.354,25.8
25.031,23.64
26.054,25.552
26.201,25.934
24.945,23.019
26.132,25.74
17.662,17.225
26.103,25.913
25.367,24.992
26.232,25.797
22.057,19.956
25.784,25.374
24.597,24.363
24.495,23.841
22.275,22.132
25.233,22.816
26.288,23.923
24.393,22.73
26.869,26.554
22.466,21.757
20.212,19.35
24.377,22.562
23.903,23.703
17.659,17.113
24.123,22.98
26.508,25.793
21.79,21.363
24.609,24.452
25.744,25.65
18.088,17.943
21.489,21.413
24.26,23.988
22.561,21.642
25.866,25.557
26.65,25.963
26.877,26.734
25.97,25.635
26.714,25.225
26.677,26.439
26.069,25.135
26.319,25.919
26.97,26.681
23.865,23.625
24.776,24.553
25.813,25.48
21.272,20.8
19.125,18.0
23.001,21.452
20.572,19.874
16.06,15.952
26.209,25.758
25.805,25.328
24.992,24.625
21.04,20.305
24.988,24.455
24.491,24.09
26.766,26.165
22.63,22.198
18.008,17.583
25.798,25.597
23.706,21.638
19.951,19.836
19.745,18.721
25.564,24.961
23.923,23.824
24.003,23.842
25.778,25.016
23.035,22.905
25.007,24.682
16.298,15.06
25.118,23.458
26.765,26.441
23.104,22.258
20.573,19.672
25.843,25.519
26.746,26.108
24.704,24.48
25.179,24.739
21.41,21.129
24.655,23.523
25.212,23.657
23.469,23.116
23.434,22.171
19.713,19.591
26.381,25.804
20.148,19.351
25.116,24.659
26.127,24.942
26.431,25.978
26.566,26.104
24.015,23.551
23.459,23.017
21.017,20.912
22.851,21.862
25.833,25.723
25.681,25.225
25.393,22.989
25.624,25.289
24.03,23.907
25.745,25.484
24.038,23.907
23.369,23.308
26.84,26.385
26.776,24.603
26.542,25.907
23.81,23.722
25.482,24.975
21.527,20.265
20.863,19.179
22.061,21.193
25.212,23.789
19.142,18.826
26.805,26.466
26.108,25.541
23.278,22.883
26.096,25.985
26.687,26.28
15.526,15.241
26.675,25.72
23.986,22.97
24.719,23.008
23.369,23.239
25.941,25.366
21.503,21.32
26.394,26.142
25.611,22.95
25.188,24.771
25.843,25.304
25.948,25.4
21.231,20.451
26.574,26.025
22.267,22.131
24.927,24.68
24.587,23.915
26.686,26.089
23.083,22.605
26.142,25.719
26.799,26.306
18.104,16.908
23.03,22.941
24.735,24.239
25.886,25.525
18.734,17.494
20.582,20.231
21.156,19.562
26.052,25.639
26.815,26.392
22.991,22.667
25.94,25.575
24.155,23.363
18.382,17.67
26.144,23.995
26.167,26.022
22.665,21.7
25.546,25.281
25.423,25.176
24.362,24.137
21.392,21.248
25.492,25.266
24.898,24.714
23.75,23.079
25.366,24.629
16.407,16.232
24.763,24.275
19.838,19.626
25.533,24.933
17.795,17.475
26.84,26.474
26.849,26.585
24.059,23.681
26.139,25.585
26.798,26.402
24.218,23.094
25.816,24.235
20.179,20.05
26.09,25.7
24.504,23.938
26.034,25.582
23.361,22.888
26.103,25.651
22.423,21.856
25.523,25.303
26.799,26.629
26.944,26.801
26.047,25.387
25.616,24.352
25.178,25.067
24.881,24.807
25.123,24.844
26.706,26.048
23.019,22.415
24.119,23.899
19.912,19.465
26.845,26.539
25.487,23.91
19.671,19.5
25.405,25.326
24.618,24.226
21.416,20.088
25.841,25.203
22.944,21.234
25.354,24.842
26.637,24.242
23.479,23.213
23.178,21.029
26.791,26.583
16.099,16.055
24.575,23.956
23.886,23.256
24.222,24.112
26.821,25.768
20.871,19.707
26.641,26.277
26.768,25.619
24.063,22.776
24.474,23.051
26.503,26.003
25.809,25.594
22.104,20.843
26.676,25.993
26.974,26.657
21.328,20.316
24.744,24.374
25.752,25.467
26.48,25.661
26.536,24.516
24.131,24.027
26.485,26.513
25.271,25.101
26.432,26.087
22.677,22.592
24.95,24.852
20.748,19.2
25.255,23.743
24.725,24.29
23.173,23.052
22.764,22.44
26.722,26.202
25.533,23.55
22.813,21.896
23.307,22.628
22.739,22.543
26.024,25.662
22.739,22.496
18.73,18.558
25.387,25.108
26.183,25.877
22.513,21.263
23.22,23.014
26.226,25.961
25.478,25.377
25.308,23.327
26.532,26.316
23.982,23.801
26.443,24.648
25.464,25.026
24.56,24.487
24.694,24.336
24.06,23.621
25.878,25.741
26.911,26.351
26.279,23.716
24.303,24.189
25.792,25.414
25.354,25.097
23.993,23.516
23.139,22.053
26.685,26.441
21.523,21.018
26.311,25.935
23.957,22.22
16.242,16.018
26.664,26.167
22.293,21.077
20.998,20.117
17.289,16.605
26.895,26.521
25.308,23.468
26.259,24.677
25.575,25.174
26.384,24.961
25.356,24.914
21.024,21.209
22.546,22.415
23.136,22.829
22.627,22.195
22.218,21.458
25.078,24.617
26.861,24.984
24.873,23.86
19.936,19.842
23.362,21.76
23.982,23.719
26.914,26.467
26.166,25.776
26.768,26.465
26.897,25.914
22.693,22.39
18.018,17.554
26.01,25.502
22.64,22.04
26.176,25.78
22.799,20.358
22.259,21.836
25.957,25.8
26.646,26.061
24.957,24.889
26.728,26.164
25.789,25.466
23.094,23.022
24.064,23.551
23.803,23.614
26.187,25.642
17.701,17.31
26.937,27.134
18.82,18.614
26.481,24.137
19.619,19.331
26.029,25.54
26.098,24.873
25.777,24.06
23.551,23.228
26.236,25.883
25.538,25.085
26.792,26.33
24.195,23.811
25.03,24.499
25.965,25.587
26.777,26.197
23.11,22.664
24.451,24.163
20.051,19.627
23.817,23.413
20.93,19.01
26.326,26.021
24.632,24.472
25.689,25.464
25.047,24.971
25.267,24.739
24.054,23.663
26.744,26.451
25.586,25.357
26.087,25.682
21.461,20.687
21.579,19.839
26.164,25.484
22.917,21.821
19.017,18.791
25.998,24.223
23.898,23.769
21.175,20.844
26.663,26.127
19.015,18.735
22.656,22.574
23.22,22.846
23.153,21.639
24.507,23.012
24.596,24.163
26.063,25.542
22.747,21.639
26.33,25.743
26.639,26.042
26.543,24.019
26.949,26.536
17.807,17.607
24.223,23.934
25.382,25.182
26.62,26.46
26.502,26.096
26.658,25.753
26.937,26.494
25.875,25.526
26.056,25.618
24.044,23.59
26.737,27.02
23.084,22.995
24.604,24.155
21.886,21.689
25.912,23.99
26.726,26.294
24.186,23.533
25.956,25.751
26.803,26.447
24.602,24.104
26.223,25.962
22.456,21.861
19.869,19.377
25.472,24.94
26.138,24.562
25.497,25.42
26.202,24.646
24.95,24.831
26.984,26.058
23.46,22.989
22.728,22.57
23.672,23.266
25.873,25.206
26.978,26.482
20.737,19.352
25.715,25.316
22.774,22.61
26.879,26.035
26.716,26.323
21.899,21.806
25.835,25.554
22.348,21.24
25.13,24.552
21.968,21.13
26.064,25.463
22.837,22.173
24.357,24.017
20.865,20.221
26.192,25.762
21.632,21.52
26.586,25.223
23.717,23.394
26.605,26.249
24.71,23.722
23.876,23.0
26.668,26.132
21.324,19.617
26.092,25.765
22.709,21.158
24.917,24.588
21.637,21.44
25.233,24.941
20.302,19.44
24.38,24.276
22.203,21.48
26.766,26.094
24.117,23.697
21.302,20.881
23.069,22.836
23.931,23.395
26.796,26.675
26.332,25.915
26.879,24.46
20.575,19.029
23.624,23.523
22.894,21.372
24.611,24.204
24.301,22.868
24.991,24.54
25.074,24.614
26.386,26.26
25.264,24.848
24.093,23.687
23.65,23.414
26.475,26.355
24.505,24.094
24.461,24.218
25.796,25.142
24.797,24.47
26.325,25.632
26.202,26.071
25.572,24.963
25.566,25.324
24.878,24.43
25.218,24.893
19.967,18.989
25.489,25.18
25.606,25.084
26.751,26.297
26.121,25.618
25.947,25.772
24.614,24.231
25.079,24.883
26.524,25.984
26.089,25.703
26.343,25.928
23.904,23.288
17.516,17.286
26.928,26.579
26.47,25.233
26.055,24.071
25.925,25.476
26.87,26.457
22.866,22.745
21.275,19.871
26.906,26.638
26.214,24.037
26.837,26.326
25.577,25.365
25.404,25.006
23.296,22.899
26.681,24.822
18.836,18.306
23.071,21.93
26.39,24.465
25.733,25.316
22.966,22.873
25.379,24.78
21.575,20.777
25.398,25.252
24.152,23.938
26.313,26.049
24.852,24.681
25.709,24.181
25.041,24.648
22.774,22.057
26.638,26.076
20.974,20.828
22.542,22.391
18.816,17.824
23.031,21.403
22.832,22.355
23.457,23.049
25.958,25.246
25.856,25.337
24.313,23.153
26.169,25.918
23.39,21.735
21.683,21.586
21.805,20.962
24.962,24.906
25.374,23.425
18.041,17.872
23.976,23.909
23.44,21.953
25.156,23.96
24.616,23.189
21.379,19.534
25.059,24.963
25.259,24.422
25.06,24.729
18.339,17.626
26.664,26.0
23.068,22.233
25.706,25.528
19.912,18.986
20.948,20.408
25.206,24.599
23.592,23.435
23.074,21.657
24.739,23.471
22.257,21.921
24.964,23.623
22.726,22.325
23.553,22.555
24.111,22.831
21.29,20.013
19.643,19.466
20.464,20.317
26.658,26.172
24.168,23.676
22.357,22.076
25.016,24.751
23.318,22.563
25.917,25.652
23.566,21.142
24.404,23.287
23.161,22.262
26.899,26.441
20.541,19.903
15.697,15.595
26.186,26.017
26.289,25.854
24.261,23.924
26.858,26.059
25.049,24.952
19.998,19.714
24.341,24.274
26.207,25.796
21.79,20.531
24.795,24.292
26.17,25.352
24.863,24.796
24.79,24.355
23.625,23.446
25.506,25.058
22.534,20.783
26.298,26.365
23.223,23.094
23.694,21.37
24.582,24.24
19.272,19.2
26.124,25.552
26.925,26.496
22.446,21.65
18.897,18.76
26.708,26.565
26.778,26.219
25.324,25.206
26.719,26.305
21.889,20.932
23.998,23.914
25.803,25.567
26.58,26.274
23.568,23.299
23.733,22.584
25.165,24.718
23.894,22.479
21.345,20.267
26.763,26.09
26.647,26.387
26.954,26.576
22.893,20.816
23.979,23.775
23.907,23.62
21.106,20.831
26.391,24.346
24.792,24.382
23.793,23.697
19.99,19.347
26.718,26.114
24.945,24.819
25.871,25.475
26.465,25.993
22.904,21.881
24.923,24.42
23.604,23.079
25.527,22.993
24.278,24.138
25.775,25.25
21.634,21.466
24.03,23.658
26.342,25.663
25.399,24.69
25.481,25.129
26.147,25.851
24.636,23.71
24.693,24.146
24.534,22.857
26.32,26.059
26.254,25.791
23.703,23.554
25.652,25.159
25.118,24.844
25.393,23.205
22.088,21.703
25.667,24.65
20.275,19.212
25.92,25.483
24.214,22.618
21.88,21.779
26.482,26.011
22.747,22.583
18.798,17.962
22.403,22.228
23.16,22.654
25.308,25.128
26.008,25.545
22.066,20.546
26.482,24.595
23.821,21.288
18.019,18.311
22.563,22.358
19.946,19.414
24.048,23.666
21.833,21.675
26.932,26.574
24.517,22.549
26.746,26.437
26.773,26.212
26.875,26.255
23.381,23.267
26.722,26.369
22.517,21.333
24.036,23.886
25.809,25.696
24.603,24.38
18.543,18.439
23.71,21.837
24.39,23.773
24.867,24.731
25.192,24.885
26.539,24.462
23.61,22.087
26.272,25.659
23.299,22.828
26.32,25.837
24.818,24.706
24.182,24.049
24.374,24.23
23.314,22.744
23.406,23.174
25.803,25.286
25.756,25.205
24.698,24.522
19.083,19.019
25.371,24.896
24.094,23.964
25.931,25.568
21.173,20.318
26.399,25.745
16.599,16.444
20.501,19.17
24.755,23.946
23.829,21.676
23.266,23.042
26.586,26.13
26.151,25.908
26.712,24.584
25.277,24.818
25.037,24.592
20.814,19.964
20.869,20.741
17.162,16.878
18.882,17.921
25.01,24.818
26.022,25.809
26.317,25.862
20.302,19.883
26.381,25.267
21.345,21.229
24.409,23.349
25.99,25.755
26.283,25.868
24.94,24.415
24.329,23.998
22.402,20.573
24.271,24.092
23.798,23.331
24.291,22.381
26.107,25.574
24.893,24.273
22.22,21.17
24.052,23.98
24.607,24.145
23.735,23.591
21.01,20.149
25.686,25.213
24.321,23.896
23.898,22.611
24.097,23.867
26.516,26.116
26.753,26.066
13.745,13.658
26.802,26.307
11.037,11.15
22.041,21.759
24.444,24.309
25.579,25.242
25.309,24.757
24.853,24.204
26.262,26.151
22.249,21.462
24.678,24.322
24.624,24.063
22.983,22.245
22.695,22.592
23.841,23.731
25.305,25.172
23.042,20.921
21.513,21.415
26.533,26.306
26.308,25.653
17.297,17.071
18.639,17.923
24.452,24.382
24.587,24.545
22.505,20.948
17.573,17.498
24.742,24.472
26.425,25.768
20.634,19.861
24.501,24.412
26.017,25.619
25.838,24.704
25.834,25.339
22.952,22.463
24.418,23.031
25.416,24.249
26.28,26.158
23.89,23.567
26.149,25.974
21.645,20.205
25.168,23.993
21.115,20.355
26.47,26.077
24.997,24.865
26.954,26.668
24.692,24.189
20.737,20.584
26.197,25.704
24.631,24.217
19.746,19.342
26.642,26.3
26.51,25.895
20.184,19.33
19.543,19.389
23.713,23.578
22.712,22.341
22.077,21.619
26.724,26.374
23.223,22.844
23.737,22.809
22.291,20.766
26.202,26.005
21.71,21.567
26.201,23.743
26.38,25.814
26.553,26.055
25.595,24.975
25.185,25.104
24.416,24.195
21.799,20.641
25.844,24.758
20.774,20.663
26.247,25.772
23.901,23.618
22.523,21.616
26.408,25.679
22.33,22.152
11.425,11.23
25.825,23.35
25.599,23.114
25.177,24.778
17.584,17.463
23.793,23.409
20.153,19.414
21.48,21.303
23.225,21.603
26.337,26.103
23.996,23.746
25.137,24.753
26.901,26.679
24.244,22.744
24.743,24.582
23.177,22.533
26.835,26.099
21.522,21.401
24.299,23.742
14.504,14.311
24.268,23.877
25.239,23.717
24.319,23.88
26.102,25.802
26.616,26.392
26.901,26.368
22.99,22.926
13.542,13.407
24.859,24.273
26.781,25.874
25.847,25.638
18.539,18.415
22.335,22.05
21.673,21.348
25.881,25.529
22.968,21.405
25.093,24.561
16.061,15.928
16.863,15.974
26.249,25.6
26.643,26.05
26.319,25.859
26.21,25.534
22.545,22.455
24.623,24.304
24.963,22.534
25.331,22.982
25.921,25.307
22.684,21.925
23.106,22.659
22.726,22.082
22.233,20.125
26.271,25.776
26.544,26.332
23.687,22.307
23.35,22.615
26.417,25.948
24.696,23.78
26.345,24.929
21.693,19.956
25.017,24.836
26.123,25.931
25.851,25.469
24.117,23.881
22.796,22.418
26.485,26.091
26.614,26.483
26.527,24.233
22.029,21.376
22.037,21.842
26.191,25.674
26.674,25.677
26.441,23.826
26.369,26.255
19.703,19.605
23.666,23.214
22.98,21.699
25.56,25.353
24.797,24.3
26.101,25.487
26.658,26.1
25.275,25.156
15.651,15.552
25.156,24.582
26.971,26.688
21.781,20.68
26.148,25.509
22.692,21.443
26.471,25.932
24.457,24.282
24.072,23.707
23.841,23.53
26.776,26.378
25.857,25.729
21.17,21.09
26.753,26.203
22.461,22.361
24.508,24.18
26.962,26.814
24.098,23.57
21.861,21.377
22.838,22.118
25.059,24.591
19.716,18.825
19.199,19.008
25.705,25.197
26.512,24.57
24.187,23.644
18.352,18.261
24.742,24.612
22.033,21.071
21.8,20.935
21.875,21.568
22.249,21.366
22.482,22.353
18.53,18.068
24.299,23.897
26.794,25.652
24.027,23.6
25.685,23.396
24.89,24.47
24.454,24.001
26.774,26.228
20.918,20.825
23.603,23.344
22.157,21.986
25.192,24.686
26.689,24.497
18.938,18.67
26.218,25.935
25.999,24.814
12.293,12.201
24.756,24.197
22.57,21.587
26.309,26.117
21.53,21.427
26.513,25.924
14.762,14.598
25.984,23.401
25.835,25.451
24.629,24.812
17.203,16.795
21.225,21.067
21.637,20.202
22.334,22.227
25.868,23.978
22.354,22.12
17.771,17.539
26.646,26.133
15.0,14.477
18.935,18.25
24.089,23.742
26.019,25.569
26.177,25.869
26.326,25.848
20.763,19.695
24.62,22.572
16.767,16.012
24.51,24.241
24.977,24.678
24.661,24.6
26.489,26.028
25.419,25.162
25.326,23.903
16.803,16.485
25.235,25.019
22.941,21.63
23.309,23.142
25.436,24.262
25.383,25.175
24.444,23.012
26.594,24.651
24.471,23.532
26.5,26.316
26.582,26.15
26.789,25.873
25.188,24.574
25.304,25.183
25.088,22.755
26.446,25.945
25.813,25.11
26.505,26.084
26.38,25.997
24.752,24.586
22.457,21.161
22.214,22.121
24.956,24.518
22.789,22.333
24.036,23.731
19.054,18.855
26.864,26.732
21.615,20.536
26.185,25.7
21.895,21.716
23.865,22.773
25.642,25.0
25.984,25.48
19.045,18.823
26.325,25.899
26.651,25.702
24.387,22.889
23.898,23.434
21.32,21.462
26.17,25.81
25.397,24.941
25.239,24.566
26.263,25.868
26.498,25.926
21.612,21.048
24.771,24.552
24.501,23.091
26.534,24.57
24.182,23.931
26.13,24.53
21.852,20.77
24.242,23.97
22.779,21.726
24.246,24.118
24.878,24.368
26.187,25.704
26.043,25.615
26.503,26.003
26.436,26.19
24.439,23.128
19.026,18.476
23.34,23.022
20.278,19.994
19.59,19.012
19.482,19.132
25.951,25.599
21.095,20.03
17.991,17.364
26.56,26.154
21.906,20.895
21.078,20.055
22.369,21.584
24.332,23.87
20.801,20.605
21.676,21.275
26.261,25.884
18.321,17.325
26.645,26.165
26.864,26.428
22.375,22.1
23.591,22.683
25.326,23.564
26.228,25.893
25.83,25.317
21.7,21.584
25.527,25.022
21.327,20.767
25.201,24.697
24.879,23.473
24.72,24.27
25.704,25.181
22.859,21.946
24.894,22.888
23.896,22.496
26.888,26.308
25.249,25.181
22.114,21.678
24.02,23.744
26.747,24.39
18.506,18.237
26.825,26.458
26.592,25.709
22.815,22.282
24.946,24.611
25.006,24.553
26.953,26.663
23.272,22.629
26.794,26.645
22.615,21.596
25.131,24.739
22.699,22.274
23.799,23.687
22.253,22.021
22.918,23.156
23.334,21.772
26.761,26.311
24.991,24.578
24.52,24.282
26.542,26.187
24.67,24.453
25.953,25.636
25.631,24.844
25.656,25.024
16.435,15.867
25.338,24.925
25.921,25.537
22.541,20.893
26.382,26.142
23.932,23.846
26.649,26.082
26.954,26.574
24.246,24.132
25.947,25.569
26.655,26.376
23.409,22.424
18.315,18.22
26.666,26.101
26.086,25.73
23.092,22.479
26.129,25.929
24.446,24.125
26.815,26.482
26.44,25.937
24.847,24.683
25.921,25.718
20.902,19.625
26.239,25.788
23.473,21.274
25.92,24.227
25.541,24.935
24.088,22.747
23.717,23.317
20.724,19.774
16.939,16.377
22.869,22.407
25.671,24.96
21.288,20.703
24.144,23.937
26.309,26.119
26.375,24.684
22.401,22.092
18.967,17.708
23.648,23.448
23.309,22.994
21.968,21.855
18.298,17.095
26.616,26.342
25.128,24.596
22.407,22.332
20.073,19.797
23.204,20.849
22.824,22.585
25.968,25.503
25.237,24.846
25.641,25.299
24.176,22.09
26.523,25.651
24.612,23.936
24.881,24.816
26.977,26.533
26.313,25.969
23.333,22.973
23.849,23.394
25.457,24.81
26.9,26.402
26.968,26.462
22.888,21.704
26.828,26.603
25.109,24.735
18.479,17.949
23.805,22.816
25.511,24.976
25.186,24.186
24.835,24.325
23.491,23.394
26.362,26.119
26.556,26.091
19.957,19.878
25.313,24.411
22.905,21.977
23.596,23.275
25.434,25.029
24.957,22.835
26.775,26.338
25.608,25.258
26.646,26.375
24.94,24.867
26.829,24.207
22.328,22.153
22.857,22.47
23.845,22.832
22.755,21.764
26.148,25.909
25.47,25.239
23.747,23.412
24.901,24.269
22.148,21.324
25.705,25.214
23.743,23.256
26.486,25.867
26.979,26.621
25.903,25.385
26.311,25.652
25.365,24.669
26.987,26.473
24.607,23.8
26.714,26.018
25.163,23.602
26.536,26.131
20.179,18.693
22.516,21.824
22.215,20.692
24.373,24.294
22.895,22.777
21.347,21.254
14.438,14.289
24.776,24.127
25.719,24.907
26.833,26.53
20.099,19.58
25.058,23.849
18.667,17.792
23.987,23.887
26.971,26.347
23.537,23.048
20.976,20.608
24.143,23.768
24.036,23.777
24.407,23.635
22.529,22.306
18.471,18.106
26.871,25.447
23.405,22.775
20.406,20.013
24.455,24.178
21.913,21.265
25.755,25.549
22.534,22.458
25.675,23.194
24.957,24.454
22.299,21.34
19.968,18.865
23.665,23.551
25.34,24.859
22.862,22.202
26.459,26.09
25.45,24.925
26.243,25.8
19.627,19.055
22.148,21.766
24.679,24.217
21.79,21.679
21.602,20.364
26.079,25.482
24.463,24.21
24.597,24.168
25.778,25.589
24.474,24.174
18.69,17.93
25.481,25.334
25.523,25.132
25.16,24.941
21.618,20.64
26.023,25.434
26.509,25.968
26.214,25.118
21.878,21.781
26.675,25.855
22.172,20.408
19.25,18.893
26.856,26.646
24.55,24.082
25.79,25.366
24.547,24.437
23.677,22.09
22.746,22.634
26.198,24.538
23.394,21.204
26.231,25.627
19.476,19.376
23.154,21.96
24.624,24.451
20.717,19.828
24.475,24.394
26.34,26.044
22.781,22.339
24.873,24.336
24.889,24.343
23.471,22.683
18.967,17.845
26.982,25.797
25.773,24.566
22.156,21.342
26.366,25.915
23.166,22.143
22.308,22.034
26.005,25.592
26.658,24.462
24.492,24.36
23.571,23.033
26.656,26.111
20.347,19.427
22.869,22.756
23.461,21.771
24.04,23.597
23.933,23.837
20.394,20.206
26.945,25.644
24.27,23.859
22.005,21.149
24.709,24.187
25.353,25.203
26.228,25.814
17.689,16.97
20.304,19.605
24.668,24.537
14.777,14.619
20.6,20.39
25.341,25.143
23.594,21.323
25.963,25.604
20.676,19.448
16.96,16.671
26.952,26.749
26.729,26.545
19.064,17.808
25.378,23.958
18.88,18.679
24.122,23.584
23.474,23.107
24.067,22.338
22.887,22.649
22.212,21.785
26.513,26.025
25.396,24.885
15.029,14.925
24.246,23.032
26.0,25.504
23.534,22.51
26.607,26.103
22.206,21.697
26.891,26.344
26.288,25.505
25.836,25.351
26.54,26.255
25.696,25.226
14.328,14.202
18.497,17.526
26.07,25.673
26.002,25.545
26.691,26.17
26.375,24.579
26.897,26.503
17.731,17.513
23.117,21.811
24.397,23.9
25.208,24.715
22.238,20.505
25.202,24.58
22.805,22.411
26.06,25.844
22.521,20.944
25.933,25.76
19.061,18.803
24.844,24.449
26.255,25.811
26.615,26.445
13.599,13.373
22.233,22.133
22.92,21.096
23.47,22.721
26.805,26.412
25.329,24.765
25.768,25.398
25.167,24.893
25.047,24.778
25.8,24.466
23.148,21.589
23.974,23.884
26.457,25.967
22.12,21.439
26.802,26.08
25.841,25.283
21.094,20.421
19.966,19.751
26.148,25.728
23.214,22.723
23.942,23.774
17.748,17.512
23.812,23.396
17.95,17.545
26.619,26.401
16.581,16.332
26.789,24.604
24.179,23.867
24.622,24.222
24.454,22.677
21.3,20.174
24.48,24.37
25.181,25.034
24.21,23.41
21.871,20.058
25.466,25.003
26.915,26.47
23.763,23.337
26.747,26.149
25.505,25.295
26.723,26.591
17.475,17.198
26.934,26.097
26.918,25.09
22.605,22.47
20.284,19.138
20.332,18.805
19.225,18.476
25.225,24.816
24.6,23.773
26.745,26.361
26.319,25.663
26.943,26.647
22.757,22.671
25.921,25.558
25.916,25.476
24.681,23.37
20.809,20.715
18.238,18.094
19.991,18.648
25.953,25.383
22.589,22.437
24.787,24.54
24.159,23.661
26.346,25.618
21.885,20.422
23.781,22.856
12.802,12.516
21.637,20.455
23.78,22.815
26.548,24.165
25.8,24.267
24.532,24.111
25.508,25.197
25.258,24.86
21.289,19.341
26.689,25.804
23.807,23.607
16.696,16.493
24.156,24.045
25.598,25.531
21.753,20.488
24.491,23.995
24.502,24.302
26.19,26.117
24.482,24.435
18.207,18.14
25.112,24.518
23.996,23.538
24.313,24.056
26.373,26.241
26.9,26.473
26.356,25.666
23.881,23.806
22.927,22.835
25.667,25.132
26.954,26.41
24.894,24.769
26.246,25.853
25.116,24.586
24.577,24.095
25.526,25.02
20.968,20.258
18.559,18.265
26.517,25.957
26.292,26.018
26.421,26.208
24.192,23.673
18.904,18.623
19.453,18.365
21.74,21.652
20.475,20.377
24.515,24.119
25.936,25.224
24.784,24.538
26.519,26.236
24.477,24.193
21.196,20.233
24.787,24.395
25.275,24.774
18.047,17.123
24.563,24.199
25.876,25.336
25.872,25.651
25.546,24.185
23.821,23.428
24.504,22.155
25.045,24.593
26.631,25.952
21.29,20.188
23.944,23.633
24.6,24.227
26.263,25.954
23.165,23.022
23.393,22.503
22.126,20.938
17.515,17.312
21.705,21.531
25.482,24.756
22.626,22.538
26.212,25.71
21.236,21.029
22.983,23.228
26.65,26.386
24.961,24.865
24.175,23.792
21.447,21.132
26.415,25.839
26.239,25.904
21.545,20.607
24.394,24.105
25.314,24.895
23.967,23.511
23.886,22.416
26.714,25.999
23.476,22.794
24.911,24.672
26.53,25.693
26.324,26.17
26.487,26.016
25.515,22.955
24.533,24.283
21.124,20.743
26.731,26.199
26.609,26.043
26.83,26.4
26.624,26.395
26.361,26.004
26.899,26.563
19.831,19.749
24.191,23.699
19.712,19.376
26.477,25.6
18.976,18.902
19.853,19.338
25.492,25.053
23.691,21.999
24.881,23.622
24.908,24.788
23.111,21.71
25.046,25.403
26.436,25.912
25.027,24.797
26.085,23.624
25.515,25.248
22.329,21.179
25.726,25.623
19.839,19.737
24.653,24.404
26.791,26.445
19.782,18.839
24.085,23.052
23.965,23.682
24.126,23.813
20.468,20.358
23.324,23.004
23.649,23.494
24.412,24.14
21.414,21.226
25.271,24.527
25.779,25.361
14.191,14.114
26.372,25.871
24.741,24.265
25.267,24.702
24.404,23.942
24.642,24.532
26.811,26.11
25.74,25.387
24.735,24.218
24.592,24.523
23.154,21.097
25.975,25.753
25.73,25.569
26.324,25.559
24.747,24.573
24.165,22.208
24.858,22.936
25.263,25.013
22.968,23.136
26.956,26.391
22.676,22.594
25.19,24.346
24.526,24.244
22.865,22.689
25.22,24.285
24.125,23.082
22.66,20.986
24.712,24.596
25.706,25.462
22.324,21.088
19.408,17.903
23.787,23.715
26.989,26.63
26.904,26.596
22.95,22.593
19.731,19.598
25.984,24.049
24.811,24.569
22.442,21.15
18.789,18.662
19.952,19.876
25.862,25.394
24.628,24.232
26.071,25.556
24.473,23.156
25.696,25.299
25.893,25.512
20.131,20.031
24.221,23.921
25.731,23.718
19.21,19.091
21.149,19.761
24.772,24.403
23.504,22.903
15.467,15.372
24.185,23.83
24.161,21.792
23.028,22.622
19.999,18.923
20.024,19.696
25.957,25.785
23.746,23.536
19.67,18.752
25.851,23.282
21.049,20.972
25.443,25.124
24.4,23.805
20.467,20.402
22.192,20.784
24.195,23.834
25.28,24.968
24.733,24.592
26.881,26.567
24.558,24.101
24.604,22.886
25.689,25.314
22.72,21.455
23.344,21.118
23.942,23.654
26.139,24.613
22.175,21.247
14.883,14.661
25.904,24.727
22.55,22.396
22.143,21.981
26.991,26.54
26.768,26.063
22.866,22.336
21.304,20.707
26.635,26.463
26.19,25.823
25.343,25.141
25.84,25.518
26.407,26.007
23.561,23.09
21.037,20.847
24.553,23.837
24.487,23.494
19.859,19.481
21.191,20.053
23.969,22.306
26.458,25.86
23.659,23.052
25.753,25.348
23.42,23.345
25.972,25.457
26.838,26.518
26.273,25.634
19.002,18.127
26.23,25.914
25.182,24.583
25.25,25.14
20.587,19.486
18.903,18.705
25.715,25.201
26.218,25.719
24.353,24.252
26.292,25.895
24.04,23.594
26.624,26.05
26.39,25.91
26.169,25.657
26.013,25.071
26.551,25.956
22.399,21.87
26.666,26.33
25.572,25.46
23.937,23.699
24.989,24.674
24.741,24.391
22.074,19.843
22.584,22.416
25.156,24.717
22.63,21.503
26.881,26.354
22.83,22.276
25.857,25.288
26.763,26.587
22.182,22.087
25.3,24.861
26.206,25.44
26.315,26.017
23.198,21.754
26.001,24.195
24.83,24.387
21.096,20.369
24.723,23.659
25.846,23.322
22.157,22.003
19.223,18.909
25.298,24.73
25.72,25.508
22.83,21.349
24.253,23.833
25.09,24.694
21.824,20.264
26.883,26.413
24.461,24.068
23.362,23.242
20.824,19.747
22.988,22.741
26.629,26.109
25.801,25.336
26.764,26.18
24.382,24.266
26.363,25.902
26.206,25.777
26.625,25.979
25.206,24.554
23.644,23.55
26.84,26.203
22.833,21.552
25.814,25.597
26.323,25.665
24.318,24.04
24.861,24.441
26.326,25.895
25.117,24.416
26.395,25.988
24.053,22.007
19.478,19.145
26.831,26.566
25.721,25.032
22.102,20.717
19.614,18.594
26.212,26.023
26.656,26.291
18.57,18.183
26.311,25.901
24.145,23.578
23.074,21.607
26.35,25.585
18.738,17.209
25.479,24.704
26.668,26.151
24.592,24.121
21.107,20.665
26.584,26.127
26.574,26.213
24.717,24.221
21.968,20.108
24.003,21.605
26.503,26.017
25.032,24.779
26.977,24.612
26.594,26.172
26.463,25.831
25.81,25.235
23.692,22.17
25.394,25.216
21.879,21.236
24.98,23.014
23.076,21.899
25.517,23.331
26.808,25.934
26.1,25.722
21.217,20.18
26.861,26.46
25.736,25.618
16.903,16.714
26.766,26.487
25.591,25.026
21.79,21.688
25.273,24.849
21.303,21.127
24.557,23.252
25.182,25.062
22.618,22.14
23.475,21.587
24.207,23.633
26.28,25.702
20.862,20.763
25.939,25.403
24.827,24.607
21.204,20.479
26.891,26.339
26.878,26.468
21.066,20.976
22.983,20.984
26.867,26.435
23.976,23.532
26.341,25.747
24.485,23.199
25.977,25.657
26.293,26.059
26.519,24.615
21.338,21.22
25.303,23.341
23.958,23.035
19.677,18.632
24.561,24.232
21.709,21.408
25.418,25.263
23.926,23.236
26.418,25.915
25.199,24.774
26.19,25.152
20.258,19.908
23.379,23.186
26.789,26.182
22.84,22.693
25.546,25.04
22.715,22.618
22.537,21.451
25.662,23.227
24.539,24.225
25.431,24.819
25.222,24.753
25.245,25.101
25.522,25.347
24.525,24.143
22.777,22.463
17.512,16.898
21.185,21.104
24.655,24.244
23.348,23.158
22.324,21.603
20.589,20.53
23.911,23.657
25.157,24.699
20.921,19.574
25.477,24.886
19.567,19.424
26.546,26.188
25.188,24.865
22.888,21.469
21.572,20.332
25.42,23.756
23.276,21.799
20.977,20.094
26.391,25.901
25.756,24.496
21.388,21.314
21.401,20.802
25.137,24.963
24.309,23.968
24.58,24.113
26.443,24.677
25.197,24.821
17.302,16.859
25.536,25.016
24.784,23.405
21.36,21.215
23.147,23.014
20.147,19.441
26.704,26.153
26.11,25.94
17.758,17.278
25.823,23.276
22.156,20.859
20.504,20.398
26.997,26.58
18.381,17.513
25.846,24.268
25.054,24.629
20.094,19.712
17.194,16.885
25.704,25.379
26.035,25.779
26.714,26.42
23.513,23.094
26.665,25.922
26.784,24.701
10.639,10.326
22.102,21.476
22.991,22.566
19.378,18.956
26.021,25.476
23.897,23.461
23.142,22.424
26.887,26.128
24.51,24.072
22.51,22.154
22.77,22.039
26.708,26.057
22.414,22.099
26.318,26.104
25.415,25.321
21.245,19.822
25.324,24.778
26.974,26.714
14.837,14.687
23.184,21.287
25.739,25.153
23.037,22.212
24.433,23.091
26.742,25.729
24.365,24.173
24.32,24.044
23.16,22.662
25.42,24.868
26.973,26.471
26.394,25.73
23.867,23.512
23.447,22.418
25.723,25.558
23.41,21.643
21.987,21.717
21.012,20.712
25.315,24.727
18.483,17.959
25.713,24.014
26.409,25.768
26.775,26.541
22.758,22.395
23.569,22.77
24.946,24.808
24.572,24.465
26.641,26.138
21.773,21.677
24.83,24.434
22.682,22.586
22.843,20.978
25.903,24.672
24.622,24.259
24.201,24.057
24.818,24.18
26.832,26.683
25.285,23.543
24.776,24.372
25.49,25.073
24.069,23.941
19.841,19.019
20.831,20.716
21.813,21.09
18.878,18.802
22.311,21.975
25.619,24.854
23.292,22.401
25.843,25.102
25.514,23.105
23.055,21.8
25.632,25.182
25.695,25.28
26.2,26.088
24.787,23.849
25.924,25.324
23.648,21.78
26.797,26.268
24.628,24.094
22.206,21.995
23.927,23.505
24.086,23.92
25.749,25.186
25.295,24.82
23.734,23.643
24.684,23.041
25.324,24.585
21.257,20.223
22.4,21.184
21.857,21.705
23.73,21.472
26.823,26.379
24.132,23.7
25.442,24.948
26.95,26.388
25.723,24.335
26.157,25.803
22.776,22.525
25.743,25.372
20.342,19.456
20.855,19.677
21.334,21.092
23.439,23.201
26.324,24.812
25.542,24.901
23.65,23.335
23.374,23.259
21.286,20.726
25.754,23.172
25.36,24.879
26.018,25.415
26.571,26.428
24.545,24.263
24.548,24.455
24.79,24.25
25.409,25.084
26.198,25.881
26.161,26.106
26.54,25.911
19.93,19.53
25.24,23.704
23.556,22.488
26.926,26.71
26.753,25.921
20.991,20.843
26.233,24.2
24.629,24.46
20.481,19.263
26.411,25.854
22.964,22.696
26.94,26.232
26.748,26.464
25.485,24.879
22.505,22.337
26.525,26.296
24.263,23.791
22.654,22.151
23.47,23.26
24.452,23.938
26.832,26.691
21.458,19.766
21.716,21.475
26.084,25.594
25.355,25.189
24.141,22.471
26.239,25.892
19.717,19.022
24.152,23.933
21.06,20.863
24.804,24.409
23.186,22.791
25.398,25.152
21.54,20.432
22.585,22.127
22.612,22.321
18.822,18.617
24.788,24.393
20.77,20.511
26.52,26.288
24.228,24.127
26.549,25.49
21.238,21.149
24.305,23.08
25.305,24.695
26.623,26.196
18.707,18.626
20.106,19.857
22.349,21.09
24.805,23.234
26.937,25.152
26.948,26.458
24.715,24.466
25.988,25.38
24.249,23.838
25.521,24.965
24.74,24.444
22.94,21.918
24.41,24.224
26.405,25.811
25.879,25.407
26.273,25.876
20.615,20.545
14.398,14.307
22.43,22.201
26.232,26.024
25.544,25.07
24.041,22.65
23.04,21.801
25.104,24.736
21.173,20.936
26.023,25.838
26.881,26.267
24.728,24.329
15.792,15.542
21.611,20.373
22.272,20.641
25.7,25.259
26.515,26.336
25.646,25.054
26.763,25.28
25.009,24.936
26.386,25.824
26.473,25.836
25.917,25.478
19.712,19.228
26.622,24.883
23.126,21.281
23.945,23.785
21.292,20.877
24.171,24.108
24.394,23.821
25.027,24.85
25.687,23.344
24.134,23.807
26.435,26.072
25.321,24.673
26.995,26.536
26.531,26.118
24.805,24.328
26.57,26.201
17.233,17.101
26.965,26.539
19.755,19.236
25.4,25.13
21.436,20.396
26.729,26.467
24.454,22.598
16.917,16.082
26.011,24.774
24.491,21.962
21.082,20.975
24.175,24.024
14.271,14.115
25.275,24.602
23.625,23.169
21.91,20.76
20.84,20.734
26.049,25.451
23.853,23.463
26.049,25.559
23.23,21.513
25.11,23.791
25.062,24.612
22.996,22.559
25.593,25.145
26.096,25.561
26.593,26.183
25.181,23.708
22.17,20.239
25.23,24.231
24.741,24.241
19.167,18.283
25.882,25.526
23.288,22.317
25.211,24.72
25.159,24.895
26.888,26.495
20.855,20.586
21.474,21.356
24.335,23.869
26.901,26.439
25.798,25.374
16.173,16.073
23.592,23.14
25.413,22.834
26.726,26.234
26.618,26.284
19.61,18.686
25.956,25.503
24.952,24.981
26.586,26.106
23.334,22.54
26.472,26.311
25.372,25.179
24.565,24.256
26.722,26.31
21.805,21.707
26.408,26.218
26.921,26.527
25.79,25.383
16.933,16.748
25.633,23.473
23.928,23.585
22.056,21.328
23.986,23.581
26.893,26.499
22.805,20.896
26.848,26.212
24.595,24.18
24.095,23.756
25.067,24.667
24.445,22.384
24.215,24.239
26.635,26.329
26.447,26.16
26.793,26.291
18.969,18.488
22.536,21.406
22.828,21.812
21.696,20.065
26.231,24.47
26.493,26.088
26.666,26.531
25.98,25.676
26.721,26.128
22.784,20.788
26.263,26.134
23.091,22.718
26.837,26.244
21.375,21.296
22.703,20.701
25.789,25.235
22.739,22.548
25.821,24.183
21.453,21.344
23.848,22.758
25.304,23.862
24.364,23.925
26.641,26.139
24.274,22.866
26.813,26.2
20.153,19.712
26.475,26.163
25.551,25.202
25.578,25.248
26.722,26.424
26.259,25.826
25.171,23.324
19.531,18.802
26.425,23.82
25.949,23.971
25.873,25.279
25.313,24.542
22.282,21.86
26.391,25.878
23.904,23.821
16.941,15.559
26.463,26.033
26.229,25.394
22.016,21.889
23.653,23.014
22.096,20.924
24.807,24.662
25.999,25.47
25.379,24.841
25.651,25.273
26.068,24.33
22.545,21.249
16.513,16.365
26.501,25.964
26.955,26.658
25.312,25.111
21.8,21.183
26.339,24.409
19.745,18.556
21.095,20.93
24.981,23.101
24.99,24.4
24.361,23.856
25.74,25.37
25.217,24.653
12.211,12.138
21.936,21.718
18.585,18.422
25.253,24.293
26.653,25.971
26.34,25.774
25.922,25.54
23.99,23.895
26.512,24.727
24.386,24.125
24.309,24.003
26.478,26.151
26.147,25.809
26.658,26.455
25.717,23.841
26.247,26.074
20.976,20.73
26.785,26.572
25.602,24.517
21.036,20.246
21.049,20.726
17.303,16.913
24.738,24.662
26.211,26.007
25.461,24.756
25.217,24.701
22.652,22.225
23.242,23.144
26.898,26.679
24.29,24.126
26.868,26.464
25.748,24.926
23.852,23.539
20.18,20.037
26.856,25.068
26.404,25.625
14.886,14.75
25.478,25.043
22.417,20.584
22.505,21.939
24.373,24.046
26.779,26.317
21.248,21.001
18.542,17.905
25.224,24.802
25.733,25.24
24.644,24.269
22.118,21.921
25.931,25.583
25.751,25.351
21.855,21.102
22.735,22.277
26.555,26.182
24.374,23.924
24.726,24.318
20.498,19.492
26.799,25.221
26.784,26.266
25.787,25.36
25.014,24.621
26.906,26.496
26.073,25.555
23.249,23.088
22.068,21.147
26.216,25.652
24.586,23.021
25.252,24.803
24.273,23.635
25.49,25.418
25.917,25.42
23.581,23.469
22.761,21.433
17.046,15.895
26.317,24.329
24.491,24.352
22.379,21.838
20.507,19.909
24.741,24.38
25.379,24.957
26.998,26.659
22.215,20.757
25.239,24.732
26.079,25.421
25.936,25.848
26.965,26.755
20.706,19.124
25.919,25.712
26.981,26.454
24.312,22.452
26.695,25.828
20.813,20.605
23.516,22.261
23.111,21.599
26.984,26.475
26.105,24.988
26.419,25.218
24.503,24.404
26.45,26.344
22.294,20.89
19.689,19.594
24.989,24.763
25.729,25.226
26.285,24.274
22.658,22.5
25.347,24.586
22.324,22.214
25.176,24.713
20.715,20.473
24.386,23.82
22.153,21.727
25.204,23.669
23.347,23.013
26.769,26.173
24.64,24.131
24.127,23.808
23.506,22.384
20.706,19.273
25.056,24.974
26.483,26.061
26.658,26.268
21.161,19.937
23.749,22.391
25.421,25.233
26.896,26.426
23.313,22.899
25.221,24.934
24.866,24.266
17.127,16.577
24.47,24.164
17.74,17.603
26.997,26.588
26.811,26.406
26.806,26.534
26.137,25.815
22.11,21.231
25.326,24.084
24.55,23.784
23.151,22.981
26.748,26.502
25.503,24.99
25.55,23.151
25.213,24.712
25.676,24.379
22.678,22.503
21.684,21.412
22.457,22.168
19.527,19.39
25.227,24.969
26.649,26.267
21.971,21.884
24.727,24.227
26.707,26.344
25.856,25.755
24.796,24.203
20.576,19.264
26.762,26.22
25.372,22.869
15.905,15.678
23.899,23.419
24.21,22.039
26.84,26.053
22.996,22.913
25.509,25.241
23.026,22.428
25.312,24.853
22.389,20.741
21.456,19.596
26.011,25.311
24.582,24.204
26.316,25.286
24.7,23.478
26.31,26.1
19.603,19.458
24.93,24.536
22.671,21.732
21.802,20.278
26.39,26.181
26.889,26.565
22.635,22.495
24.297,23.948
23.069,22.974
26.298,23.824
22.492,20.73
22.596,21.717
18.073,17.88
22.323,22.043
25.643,23.558
22.122,21.98
24.173,22.288
26.067,25.473
25.965,25.268
26.104,23.645
18.126,18.002
26.082,25.477
26.841,26.359
24.356,23.031
25.406,25.074
26.867,26.437
24.755,24.697
26.442,25.903
25.937,25.444
25.001,22.846
26.52,24.657
18.331,18.069
16.289,15.938
23.018,22.751
26.335,25.857
21.144,20.18
24.509,24.222
21.824,21.624
25.438,24.818
23.277,22.825
20.815,19.624
22.267,21.91
23.914,23.503
25.368,24.701
23.72,23.083
25.714,25.587
24.374,23.15
24.026,23.517
26.448,25.826
23.683,23.222
17.236,16.584
22.35,21.783
24.833,23.89
26.19,26.076
26.471,25.902
24.683,23.849
26.236,23.787
26.769,26.151
25.122,25.045
26.584,26.421
22.381,22.2
23.547,22.235
22.18,20.54
25.581,25.19
23.367,22.882
21.292,21.031
26.393,26.075
26.326,25.626
25.929,25.475
23.267,23.006
20.55,19.596
24.794,24.41
26.85,26.237
23.834,22.908
24.382,23.91
22.941,22.542
19.86,19.001
22.598,22.117
26.836,26.319
26.735,26.43
26.394,25.614
24.105,23.83
21.268,20.883
23.228,21.812
24.925,24.53
26.805,26.449
25.874,25.453
25.668,23.347
26.647,26.114
26.582,26.111
24.811,24.619
24.709,24.352
23.984,23.591
21.502,21.116
26.664,26.14
21.936,20.321
26.704,26.543
21.829,21.146
22.212,21.222
24.728,24.563
26.822,26.529
21.618,21.527
26.728,26.351
24.593,24.439
22.893,20.766
22.465,21.989
25.504,25.259
25.399,25.074
24.376,24.22
24.896,24.678
23.086,23.136
19.24,18.521
25.285,24.913
20.139,18.938
17.208,16.965
23.635,22.815
17.332,17.03
23.094,22.719
24.737,24.367
25.862,25.446
24.753,23.721
25.62,25.109
25.61,23.083
24.595,24.434
21.631,21.25
25.207,23.329
21.366,19.782
21.124,19.963
26.076,25.925
25.729,23.537
24.629,24.174
26.666,26.3
18.624,17.952
24.663,22.883
25.907,25.529
17.879,17.61
26.769,26.516
22.18,21.407
24.254,23.126
26.968,26.735
24.176,23.774
25.729,25.111
23.009,22.786
23.964,23.503
26.642,26.094
20.55,20.49
26.418,26.017
22.001,20.861
24.851,24.414
21.626,20.138
18.944,18.67
22.917,22.623
26.388,25.782
25.668,25.283
22.587,21.268
21.261,19.596
24.864,24.383
25.127,24.744
25.695,25.561
24.664,24.444
25.277,24.811
20.034,19.153
23.974,22.702
26.251,26.092
24.606,22.762
21.351,20.712
20.625,20.402
26.05,25.665
24.687,24.204
26.176,25.592
26.239,24.622
22.444,21.498
20.348,20.013
25.445,25.254
26.691,26.565
26.745,26.355
25.264,23.686
24.573,22.68
20.436,19.464
21.396,21.035
23.118,21.384
21.631,21.199
24.309,24.097
22.494,22.391
25.009,24.629
25.858,25.461
24.263,24.176
26.303,25.596
25.799,25.219
18.261,17.929
25.701,25.301
16.456,16.347
24.678,22.738
25.777,25.224
26.621,25.956
26.343,25.843
24.68,24.149
26.153,25.821
24.792,24.414
24.613,24.034
22.285,21.85
24.472,22.916
21.08,20.921
21.319,21.0
26.984,26.76
25.606,24.867
24.655,24.477
25.037,24.56
26.274,24.116
23.216,22.984
25.092,24.611
26.066,25.619
25.917,25.344
23.696,23.328
22.917,22.619
24.12,23.152
25.118,23.874
23.471,21.779
22.04,21.126
20.184,20.034
25.574,25.096
20.04,19.966
19.293,19.147
24.124,24.056
22.762,20.722
25.663,25.262
26.165,25.529
25.232,24.795
24.716,24.108
26.585,26.098
26.161,25.95
26.009,25.7
26.382,25.891
23.333,22.965
25.516,24.776
20.165,20.094
21.195,20.839
23.274,21.279
21.2,21.122
22.785,22.687
23.316,22.934
26.833,26.171
23.884,23.377
26.132,26.032
26.789,26.191
26.805,24.329
21.659,21.446
25.93,25.632
26.832,26.448
23.551,23.355
22.889,21.116
25.89,25.231
26.607,26.231
23.743,23.665
19.326,19.249
23.135,22.698
21.265,20.191
17.087,16.774
23.841,22.693
25.783,25.322
24.255,23.977
24.283,23.992
21.099,21.04
25.215,25.132
26.49,26.375
24.311,23.788
25.357,23.923
26.376,25.935
26.282,25.667
26.928,25.927
26.41,24.435
20.05,19.961
24.867,24.311
18.663,18.328
25.713,25.258
25.379,24.947
23.086,21.941
25.633,25.284
26.305,26.008
25.67,25.462
26.978,26.773
20.209,18.891
25.059,23.639
24.865,24.453
23.191,22.852
24.087,23.646
25.44,24.302
22.591,21.248
26.293,25.85
25.942,25.067
25.369,24.058
24.063,23.895
26.725,26.197
22.202,22.063
23.699,22.413
23.898,23.484
19.929,19.704
26.197,25.842
23.267,22.198
24.655,23.253
18.355,18.115
24.282,23.941
24.813,24.606
26.537,26.17
24.059,23.918
26.473,25.931
26.258,25.8
24.966,22.483
26.947,24.41
25.219,24.856
20.76,20.455
23.854,22.915
25.053,24.671
21.414,21.342
23.706,23.235
17.665,17.559
22.95,22.796
24.009,23.301
22.054,20.64
24.388,24.141
23.005,22.889
25.949,25.227
25.935,25.527
25.81,25.282
26.79,26.501
24.867,24.488
25.878,25.404
25.575,25.125
22.35,21.408
21.142,19.455
26.147,25.64
17.592,17.368
25.711,25.44
25.739,25.169
26.821,25.923
25.691,25.222
26.273,25.974
24.83,24.762
26.241,23.773
26.748,26.236
22.555,22.297
19.086,18.46
23.836,22.819
25.557,25.48
20.972,20.635
25.054,23.856
21.837,20.694
26.948,26.655
23.262,23.102
21.019,20.369
23.085,21.962
26.775,26.195
23.453,22.928
26.338,25.903
26.185,25.363
26.287,26.017
24.263,24.079
22.97,21.069
22.612,22.317
23.175,22.714
23.987,23.915
26.022,25.478
25.132,24.828
25.172,24.647
17.114,17.023
23.401,21.729
22.859,22.622
26.149,25.71
15.056,14.827
24.689,24.564
26.738,24.384
20.416,18.393
17.478,17.303
23.045,22.939
23.159,22.132
24.31,23.837
20.927,19.26
25.562,24.993
18.871,18.123
25.731,23.152
23.997,23.597
22.872,22.727
26.161,25.476
24.689,24.481
17.594,17.135
22.336,20.981
23.274,23.024
16.918,16.574
19.781,18.737
25.691,25.496
26.114,25.884
22.863,22.757
22.828,22.387
26.781,26.497
25.276,24.802
25.168,24.834
25.086,23.015
26.48,26.242
26.392,24.718
26.429,24.685
26.213,25.146
24.481,24.067
22.833,22.722
23.861,23.479
26.913,26.659
20.731,20.164
23.222,21.667
23.21,22.099
26.247,25.696
22.374,21.962
25.902,25.51
24.215,23.047
23.093,22.996
26.141,25.822
22.26,21.814
25.201,24.558
24.241,22.678
25.688,25.582
23.999,23.642
23.482,22.603
23.244,22.814
25.603,24.839
25.73,25.338
26.354,25.866
25.133,24.27
23.412,21.6
26.159,26.01
24.964,24.545
25.874,25.465
23.5,23.357
23.721,23.162
26.31,25.874
16.721,16.558
26.503,25.832
21.566,21.247
21.759,20.705
25.668,25.486
23.868,23.1
24.388,23.93
23.935,23.553
26.737,24.286
20.541,19.32
26.372,25.877
17.683,17.587
21.833,21.734
26.546,26.148
26.155,25.709
24.628,24.306
22.03,20.47
26.211,24.924
25.643,23.29
21.262,20.342
25.9,25.259
26.116,25.702
24.665,24.307
21.452,21.32
14.034,13.863
25.244,24.855
23.973,23.152
26.387,25.988
25.588,25.231
20.301,19.51
26.314,25.563
26.683,26.518
22.787,22.686
20.933,19.702
25.894,25.604
21.794,21.543
23.178,23.064
26.023,25.533
26.215,25.597
25.241,25.15
24.697,22.771
26.999,26.441
23.533,23.329
26.759,26.366
21.943,21.691
25.021,24.927
25.755,25.151
24.761,24.556
24.768,24.424
26.207,25.781
24.821,23.99
23.688,22.128
26.684,26.272
25.077,24.57
25.823,25.565
26.568,25.834
25.841,25.097
25.375,25.21
24.607,24.292
23.425,22.421
19.921,19.699
26.583,26.055
24.916,24.428
26.548,26.106
20.154,18.668
25.925,25.478
26.761,24.852
21.35,21.22
21.344,19.935
26.849,26.071
21.222,20.81
24.926,24.811
25.721,25.093
25.377,24.834
19.898,19.753
24.783,24.378
24.654,23.427
25.628,25.222
25.484,25.048
24.38,23.976
26.011,25.731
23.321,23.223
21.299,21.092
26.493,26.096
21.868,21.167
26.663,26.226
26.88,26.353
21.392,20.974
24.165,22.167
24.954,24.591
25.644,24.587
24.282,22.619
26.147,24.944
24.639,24.543
25.681,25.246
22.269,21.188
25.856,23.711
26.169,25.714
23.475,22.793
23.738,23.299
24.549,24.003
24.891,24.327
19.992,19.747
26.685,26.304
21.903,21.601
17.464,17.28
22.88,22.43
26.226,25.752
20.466,19.631
26.211,25.77
23.185,21.768
20.424,19.296
15.299,15.189
26.884,26.356
25.421,24.697
20.435,20.112
16.504,16.256
23.27,21.83
25.501,25.15
26.915,26.298
25.922,25.349
19.777,19.609
26.099,25.625
24.243,23.82
24.928,24.304
24.191,23.771
26.172,25.252
26.528,26.307
22.535,21.797
26.865,26.177
25.846,25.379
24.212,24.102
26.841,26.412
26.465,26.098
19.968,19.851
24.983,24.824
24.212,22.428
24.635,23.867
25.611,25.516
21.712,21.532
23.349,21.476
21.714,20.541
23.911,23.819
23.525,23.27
23.531,22.523
25.801,25.701
26.105,25.52
24.338,24.079
24.968,24.851
26.413,26.176
25.686,25.395
20.946,20.705
26.942,26.358
25.439,25.322
24.497,22.92
24.115,23.853
18.953,18.573
26.732,26.413
22.404,22.286
25.158,25.067
24.52,24.336
26.649,26.276
18.729,18.475
20.739,20.391
25.244,24.646
16.723,16.594
25.667,25.563
23.271,22.862
22.233,21.217
25.169,24.963
22.706,22.343
26.526,25.95
24.316,23.819
20.516,19.754
26.716,26.189
26.57,26.171
23.537,21.817
25.972,25.621
23.14,22.021
16.101,15.966
23.699,21.923
23.119,21.269
24.399,24.22
25.44,23.752
26.593,25.52
26.525,26.078
25.151,24.194
23.35,22.137
25.464,24.823
26.21,26.033
19.123,18.224
26.237,26.019
21.893,21.823
25.512,24.956
25.17,23.626
22.605,22.147
25.926,25.553
26.968,26.452
26.566,26.097
24.858,22.913
23.302,22.775
24.566,22.748
22.226,21.484
26.506,26.117
23.193,22.715
22.543,22.233
24.462,24.103
25.499,25.012
26.589,26.042
23.553,23.466
19.036,18.452
24.548,24.469
26.608,24.075
25.649,25.092
22.69,22.217
20.659,18.534
22.921,22.688
25.786,25.211
23.174,22.723
26.693,26.082
20.024,19.031
22.594,21.808
23.378,23.261
22.85,21.144
26.443,25.936
26.985,26.158
21.958,20.837
26.878,26.662
25.69,23.971
26.106,25.732
23.913,22.807
23.287,23.013
25.92,25.744
24.624,24.334
26.131,25.866
26.2,25.606
22.929,22.765
22.647,21.193
18.616,18.396
25.639,25.236
21.594,21.014
12.023,11.874
24.317,22.804
25.363,24.909
23.138,21.782
25.986,23.493
26.721,26.212
23.852,23.456
24.825,22.853
26.525,25.886
24.709,24.31
26.961,26.44
19.952,18.753
25.604,25.158
24.963,24.673
24.332,22.764
26.555,26.399
14.23,13.677
23.47,23.163
24.252,23.81
21.879,21.038
24.87,24.476
25.068,24.97
26.42,23.915
26.858,26.335
20.692,20.599
13.536,13.318
25.673,24.209
26.36,25.892
25.347,25.113
23.408,23.17
24.108,21.997
21.069,20.207
26.635,26.111
26.328,25.786
23.832,23.552
26.551,24.436
25.082,24.799
17.468,16.711
19.581,19.38
23.628,21.358
23.432,23.247
25.682,25.315
26.677,26.305
23.992,22.242
21.468,20.138
25.039,23.801
18.933,18.751
21.908,20.84
21.829,21.319
26.003,25.614
25.188,24.818
25.642,25.199
26.22,25.929
23.006,22.783
26.604,26.468
26.191,25.772
24.242,23.408
25.629,25.113
24.8,24.136
25.896,25.708
25.416,24.911
26.203,25.702
22.989,22.429
26.269,25.866
25.739,25.107
25.158,23.125
18.816,18.567
26.552,26.419
26.194,25.835
26.769,26.137
19.351,18.123
26.135,25.679
22.78,22.241
25.779,25.339
23.445,22.975
21.993,20.928
19.919,19.111
22.673,21.752
24.28,24.004
26.02,24.972
26.146,25.915
22.418,21.272
25.172,24.706
22.819,21.67
18.383,18.294
23.18,22.378
25.225,24.572
26.497,25.541
26.812,25.797
25.899,25.26
23.797,23.524
25.141,24.622
25.533,25.05
23.533,22.622
25.342,24.713
26.987,26.541
24.923,24.601
21.592,21.325
26.354,25.668
24.952,24.607
16.991,16.351
24.656,23.441
26.066,25.613
23.333,23.067
26.953,26.243
26.172,24.131
26.42,26.08
14.469,14.319
25.312,24.775
24.19,22.082
25.473,24.777
25.866,25.309
24.826,24.713
14.379,14.219
25.628,24.597
26.893,26.432
13.248,13.148
26.67,26.286
23.212,22.793
23.254,23.063
25.364,24.841
21.399,18.993
23.345,23.194
25.845,25.376
25.743,25.333
24.048,23.846
26.968,24.48
25.533,24.846
25.182,23.658
25.328,24.976
25.15,24.65
25.801,25.388
25.087,24.49
23.481,22.472
24.433,22.633
20.928,19.936
24.346,24.085
25.624,24.996
16.468,16.324
25.814,25.557
18.568,17.583
25.383,25.303
25.091,24.93
25.359,23.287
25.646,23.293
24.015,23.795
18.143,17.866
21.378,20.205
25.718,24.89
15.397,15.292
26.681,26.463
23.308,22.861
20.352,19.322
22.669,22.427
25.049,24.586
14.208,14.119
22.297,22.222
25.13,23.874
25.032,24.935
22.754,22.626
26.16,25.618
26.924,26.196
26.786,24.321
22.209,22.086
24.752,24.441
22.768,22.445
14.523,14.41
19.062,17.878
24.449,24.082
23.806,23.341
24.902,24.378
24.356,24.225
24.882,24.481
25.81,25.722
25.558,25.158
25.852,25.439
25.936,25.419
22.24,21.194
14.935,14.826
22.948,22.243
18.503,17.576
23.623,22.791
19.812,18.595
25.212,22.921
23.72,23.335
15.936,15.684
26.626,26.216
13.495,13.406
26.692,26.274
21.691,20.439
26.956,26.495
20.206,19.995
22.826,22.558
24.008,23.705
25.495,23.731
24.686,24.414
26.779,26.099
24.265,23.12
25.431,24.939
24.839,24.595
22.141,21.357
26.838,24.389
16.811,16.429
26.432,25.913
23.455,23.311
23.109,22.768
24.525,24.394
22.589,20.374
26.408,25.961
20.13,19.884
24.497,24.168
17.225,17.022
24.126,23.499
26.715,25.819
26.477,24.21
24.976,24.907
24.613,24.071
25.377,23.225
26.3,25.806
24.549,24.181
24.828,24.526
22.029,20.79
26.568,26.366
24.776,24.277
21.65,21.423
26.15,25.233
26.142,26.044
23.235,22.859
24.865,23.397
21.558,20.733
23.844,23.715
17.939,17.731
24.648,23.686
26.352,25.733
25.306,24.556
20.262,19.018
26.295,25.84
24.941,24.445
24.202,23.821
24.039,22.888
23.593,23.422
24.045,23.674
26.738,26.346
25.4,23.357
26.85,26.289
16.437,15.434
25.964,25.66
26.484,26.028
21.961,20.74
23.551,22.58
19.53,19.086
25.199,25.43
19.21,18.268
25.938,25.586
23.893,22.247
24.161,23.875
26.866,26.15
22.258,21.112
25.691,25.236
25.186,22.633
26.765,26.015
15.437,15.077
20.519,19.863
22.933,22.191
22.044,21.085
24.122,23.705
24.904,23.726
26.604,26.205
23.949,23.805
26.604,25.693
24.11,24.405
26.728,26.595
17.74,17.569
26.582,25.989
26.843,24.953
23.846,23.075
26.995,26.477
21.06,19.902
24.205,24.103
24.044,23.839
24.444,23.97
24.197,23.706
24.265,23.755
22.142,21.99
26.175,25.959
15.353,15.163
25.081,24.935
22.425,21.06
23.755,23.624
21.296,20.239
23.675,23.297
26.055,24.014
24.293,24.199
26.558,25.97
24.93,24.393
26.362,26.013
20.835,19.45
22.185,20.5
22.011,20.7
24.406,23.904
26.033,25.819
26.666,25.534
26.092,25.824
18.728,18.471
22.543,22.142
21.603,21.42
26.569,26.124
21.729,20.106
22.608,21.723
22.489,22.129
26.556,25.783
22.368,22.257
23.055,22.023
26.448,25.605
25.42,24.769
24.704,24.136
26.031,25.753
23.427,23.35
24.742,24.332
24.952,24.525
24.796,24.399
21.801,20.726
26.107,25.014
25.847,25.689
25.745,25.168
25.313,24.94
26.905,26.367
26.261,26.057
26.718,26.251
18.925,18.852
26.47,25.682
15.542,15.316
22.096,20.709
25.031,24.456
25.21,24.735
26.152,23.566
23.712,23.524
23.76,23.535
23.31,21.674
26.308,25.71
26.352,25.452
22.508,21.448
22.815,22.012
24.794,23.848
26.845,25.879
26.754,26.2
22.289,22.053
21.688,21.44
26.398,25.09
23.813,23.532
25.297,25.198
24.978,23.971
25.208,24.806
26.774,26.353
25.566,25.093
26.989,26.548
25.941,25.811
26.89,26.296
25.577,25.383
26.447,25.978
19.429,19.354
26.756,26.206
25.579,25.331
20.592,20.206
24.212,23.795
25.735,25.367
25.2,24.562
26.87,26.726
22.861,21.185
25.836,25.385
26.967,25.01
13.026,12.846
25.116,24.069
25.207,24.763
25.737,25.389
24.574,24.486
21.443,21.135
26.522,26.336
25.058,24.623
24.61,22.774
24.127,23.664
25.504,25.193
22.387,22.138
20.802,19.456
23.579,23.304
22.49,22.354
25.871,25.604
22.893,22.014
24.282,24.068
26.712,26.284
26.784,26.557
22.157,20.865
25.533,25.02
26.553,26.312
25.039,24.839
22.5,22.385
21.399,21.579
23.829,23.144
25.728,25.328
20.513,20.397
25.984,25.526
25.467,25.1
24.638,23.024
20.328,20.076
26.834,26.149
23.404,23.04
22.841,20.942
22.665,21.104
26.248,25.999
25.039,23.733
26.823,26.386
26.507,25.374
26.841,25.476
25.817,23.891
23.027,22.804
26.318,25.03
24.909,24.476
25.307,24.876
25.695,25.498
24.336,23.771
25.836,25.592
20.972,20.861
26.5,26.067
26.549,26.094
23.721,23.404
26.57,25.243
20.0,19.6
24.133,22.91
26.162,25.693
26.819,26.608
25.327,24.762
24.161,23.605
26.911,25.968
26.583,26.398
24.031,22.543
21.091,19.266
23.727,23.431
22.098,21.627
25.564,25.136
24.734,23.587
23.934,23.802
19.234,18.99
26.763,26.349
24.392,23.849
24.332,23.499
22.747,21.972
26.924,26.491
16.488,16.223
24.947,24.54
25.997,25.574
25.428,23.727
19.732,18.396
24.594,24.46
25.9,25.314
26.303,25.814
25.135,24.634
21.227,20.652
20.154,20.018
24.281,23.091
24.646,24.336
22.479,21.582
20.936,20.85
19.91,20.012
26.339,26.221
25.5,25.212
22.634,22.534
26.443,25.93
23.328,22.852
17.305,17.196
26.443,26.276
24.859,24.458
25.119,24.814
26.651,26.211
18.119,17.943
23.129,22.244
25.078,23.629
26.131,24.453
24.021,23.487
21.336,20.901
26.32,25.139
23.997,23.927
26.239,26.08
26.435,24.836
21.559,21.349
25.746,25.312
24.467,22.81
24.59,24.437
21.182,20.479
25.542,23.906
23.446,23.167
23.142,23.049
26.198,25.525
25.298,23.589
25.767,25.437
24.249,22.49
23.827,23.664
25.918,25.362
26.774,26.283
25.553,25.059
24.186,23.638
17.661,17.37
22.642,22.52
24.646,24.562
25.101,24.561
26.757,24.168
26.36,25.836
24.934,24.722
26.036,25.403
25.111,24.544
24.079,23.584
24.414,24.272
25.674,25.145
21.46,21.146
21.325,20.128
26.121,25.657
22.671,22.6
25.128,25.001
24.864,24.549
25.939,25.527
22.765,21.912
24.962,24.652
23.478,22.48
25.997,25.869
26.455,26.116
21.524,20.573
24.238,23.269
22.691,21.973
26.376,26.118
26.166,24.054
24.768,24.263
26.051,25.583
20.825,20.743
20.897,20.529
24.594,23.93
25.7,25.52
23.354,22.873
25.385,24.27
25.604,25.467
26.256,25.947
22.323,22.097
25.61,24.804
24.866,24.228
21.309,20.165
26.518,26.291
24.781,23.158
26.867,26.371
25.163,24.664
23.905,23.695
23.453,23.094
25.707,24.831
25.532,25.248
26.998,26.201
20.749,19.803
25.06,24.486
20.597,20.524
24.599,24.103
26.443,25.969
23.606,22.586
23.07,22.872
16.966,16.812
25.611,24.273
25.489,22.897
26.11,23.639
26.902,26.425
22.727,22.291
17.422,17.22
26.957,24.492
24.975,24.715
26.055,25.59
26.231,25.46
23.954,23.738
25.365,24.961
20.685,19.683
26.167,25.817
26.167,26.068
24.198,23.534
26.336,25.852
25.131,24.546
24.231,23.928
23.669,23.303
24.569,23.948
26.409,25.959
24.121,23.809
23.489,22.695
23.12,22.699
26.809,26.373
24.409,23.861
22.476,21.974
26.556,25.468
23.0,22.434
25.428,25.139
21.873,21.649
25.411,24.903
26.987,26.098
24.607,24.54
25.821,25.579
26.774,26.304
25.679,24.772
26.8,26.616
26.141,25.722
25.08,24.479
24.688,24.263
23.437,22.945
25.644,25.068
26.641,26.417
17.967,17.91
24.68,24.17
23.055,22.91
23.561,21.799
24.013,23.727
25.874,24.719
24.872,24.653
21.745,20.86
16.128,15.616
26.745,25.894
25.096,24.538
26.39,25.817
26.015,25.636
23.665,23.569
26.907,26.636
25.141,24.857
19.916,19.811
24.815,24.133
21.721,20.641
26.082,24.161
26.751,26.351
24.721,24.395
21.037,20.279
25.637,23.99
24.26,21.829
26.071,25.825
24.806,23.548
25.826,25.149
22.485,22.338
25.769,25.32
25.464,25.231
24.681,24.597
22.41,22.007
24.579,24.191
23.466,22.94
25.281,25.001
26.981,24.705
23.988,23.392
26.809,25.984
17.518,17.094
26.641,26.174
25.623,23.25
21.545,20.609
25.822,25.307
25.633,25.539
24.103,23.818
15.327,15.144
20.994,20.831
25.215,24.678
22.783,22.654
25.814,25.626
23.602,22.598
24.027,23.746
26.468,23.845
25.702,25.466
25.413,24.043
24.206,23.079
26.392,25.82
25.743,25.552
24.624,24.529
26.71,26.212
25.839,25.252
23.359,21.93
25.675,25.056
25.278,24.669
23.281,23.21
23.15,21.027
26.653,24.939
25.174,24.586
24.326,23.976
24.535,24.094
24.907,24.43
17.806,16.744
24.49,24.383
25.106,24.592
19.086,18.893
23.313,23.146
25.153,24.938
21.692,21.216
22.745,22.658
24.65,24.572
24.97,24.585
21.888,20.991
24.311,24.212
17.047,16.943
24.122,22.515
25.453,25.336
23.231,22.608
25.045,24.541
24.809,24.401
25.52,25.414
24.576,23.265
22.953,22.097
25.908,25.803
24.694,24.598
22.325,20.692
24.281,23.945
26.257,24.031
26.072,25.522
26.556,26.085
23.118,22.549
24.203,23.887
24.281,22.488
10.92,10.634
19.764,18.467
25.767,25.315
24.56,24.21
25.734,24.883
16.204,16.02
26.869,26.509
25.084,24.58
18.811,18.666
25.76,25.305
25.515,24.375
20.517,19.887
19.146,18.302
23.679,23.381
25.009,24.509
19.571,19.489
25.404,25.311
26.792,25.012
24.976,24.426
23.452,22.998
24.78,24.436
26.721,26.433
22.132,20.661
24.434,23.459
25.251,24.122
24.115,22.608
24.098,23.619
23.923,23.672
24.58,24.361
22.341,21.18
22.907,22.449
25.595,23.446
25.186,24.725
20.462,19.774
23.522,22.998
26.632,26.124
23.987,22.065
23.805,23.551
22.094,22.004
21.477,20.936
24.765,24.243
23.555,23.15
26.962,26.672
17.562,17.448
26.957,26.593
26.825,24.462
24.207,23.853
23.888,22.064
24.073,22.9
26.126,25.629
25.441,24.777
25.691,24.373
22.285,22.126
25.369,25.083
11.026,10.928
24.105,22.81
25.384,24.909
23.665,23.608
26.111,25.594
26.679,26.116
26.786,25.876
17.296,17.191
26.655,26.253
23.042,22.888
25.875,25.751
25.24,23.906
26.681,26.282
26.228,25.999
25.124,24.818
26.69,25.709
25.565,23.451
23.19,22.995
23.771,22.702
23.435,22.912
18.252,17.341
23.774,23.501
25.477,25.285
20.512,19.188
25.379,25.024
22.171,21.447
23.643,22.245
25.419,24.835
23.425,23.005
26.807,26.271
21.994,21.851
26.423,25.751
22.335,21.733
23.564,22.004
23.002,22.81
25.181,24.766
25.658,25.263
26.941,26.22
21.278,21.188
24.233,23.959
26.665,26.207
26.347,25.876
25.686,25.147
26.928,26.421
23.902,23.634
24.037,23.657
23.527,23.096
25.549,25.368
25.172,24.884
25.241,24.833
23.551,23.372
26.749,26.481
25.829,25.386
23.191,22.761
23.426,23.348
21.804,21.678
26.693,26.09
24.969,24.499
17.693,17.603
21.336,20.171
25.458,25.123
26.228,25.581
24.988,24.171
26.177,25.862
22.525,21.665
25.988,25.4
26.542,25.742
26.795,26.343
25.776,25.172
25.716,24.301
23.912,23.665
25.01,24.599
23.078,21.662
24.45,21.868
23.399,23.138
26.58,25.895
23.588,22.607
23.908,22.447
20.872,20.217
25.504,24.944
26.098,25.8
21.553,20.713
25.353,24.828
18.618,17.662
25.295,24.837
24.766,24.684
25.885,25.275
17.428,16.532
24.712,24.473
25.766,25.393
21.85,20.307
25.849,24.164
26.556,26.209
22.89,21.296
20.743,19.811
24.056,23.884
18.232,17.963
24.053,23.975
22.85,22.66
20.048,19.436
25.94,25.512
24.835,24.474
25.697,25.388
25.735,25.339
26.676,25.956
24.733,24.556
15.775,15.372
24.244,23.894
24.651,24.514
26.425,25.972
24.616,24.396
23.802,23.679
26.042,25.841
16.647,16.52
26.018,25.748
25.792,25.479
26.243,25.72
22.481,22.265
26.367,26.143
24.998,24.816
22.789,22.602
22.434,22.308
25.23,24.703
25.55,25.395
24.963,24.659
23.753,22.42
23.895,23.81
23.419,23.33
25.088,24.439
26.102,25.571
24.27,23.803
24.408,24.323
25.934,24.674
24.98,24.633
24.18,23.795
23.661,22.368
25.118,24.768
26.262,26.056
25.558,24.711
21.284,20.136
26.489,26.156
26.559,24.159
26.22,25.647
26.665,26.096
22.816,21.367
26.917,26.345
26.207,25.711
25.623,25.167
26.181,25.649
22.604,22.311
26.133,25.868
23.8,21.458
25.032,24.81
20.179,20.029
25.303,25.227
22.674,22.402
23.164,22.084
23.491,22.941
14.654,14.547
15.228,14.97
13.724,13.62
24.348,23.954
24.984,24.361
24.394,24.259
26.813,25.278
25.772,23.544
15.899,15.792
17.128,16.841
26.145,26.022
25.275,24.807
25.492,23.861
25.689,25.21
24.506,24.008
24.203,24.077
24.584,24.093
23.765,23.319
26.706,26.512
21.365,19.895
26.569,24.358
25.417,25.089
26.438,25.95
26.73,26.201
26.588,26.248
22.126,21.139
26.456,25.744
26.824,26.471
22.251,20.962
26.532,25.947
25.406,25.167
21.729,21.629
24.645,24.434
26.874,26.558
25.565,25.377
24.127,21.916
23.353,21.642
23.75,23.596
22.921,21.045
22.63,20.89
25.035,24.567
16.464,16.323
20.648,20.402
20.62,20.519
25.34,25.132
23.566,23.034
23.348,23.148
26.654,26.062
24.338,24.147
21.065,20.108
25.186,23.189
25.048,24.434
24.471,24.055
15.885,15.745
26.055,24.134
25.175,24.892
26.686,24.071
23.512,23.414
20.593,19.928
22.734,22.669
23.803,23.655
26.312,25.913
24.45,24.257
26.185,25.808
24.534,24.114
26.958,26.52
23.789,22.778
26.048,25.434
22.24,21.01
19.453,18.215
24.985,24.583
21.528,21.611
25.209,25.03
25.139,24.534
20.046,19.677
18.675,18.58
21.717,21.518
24.349,24.172
25.581,25.406
25.711,25.275
26.205,25.685
23.112,22.697
17.54,17.296
25.587,25.216
23.602,22.502
25.864,25.375
26.551,26.196
22.536,22.409
26.967,26.574
25.928,24.271
24.818,24.287
20.807,20.745
26.612,26.243
26.334,26.231
24.57,24.475
24.999,24.554
25.255,24.897
26.114,25.671
26.759,26.116
25.258,24.738
24.204,23.228
21.896,21.631
26.397,25.179
19.975,19.594
24.218,22.82
26.577,26.13
24.658,23.382
22.258,21.981
26.684,26.448
26.177,25.96
25.658,25.223
12.201,12.135
26.381,24.743
14.635,14.498
23.284,22.265
14.711,14.575
25.585,25.293
24.917,23.778
25.7,23.838
26.443,26.021
17.268,17.022
23.881,23.474
26.297,25.504
25.55,23.693
26.117,26.023
26.601,24.101
21.976,21.902
21.065,20.172
26.443,25.788
20.381,19.887
15.528,15.405
25.572,24.965
23.91,23.314
17.027,16.72
26.816,26.431
15.714,15.316
25.125,24.681
24.565,24.393
26.201,25.868
23.924,23.614
25.554,24.117
22.675,22.263
24.393,24.21
22.832,22.393
25.91,25.248
25.575,24.022
25.242,25.153
25.444,24.88
26.344,23.763
19.866,19.617
25.059,24.643
21.889,21.779
24.571,24.154
26.226,25.949
26.355,26.088
26.817,24.441
23.831,23.356
26.346,25.694
15.982,15.85
26.899,24.526
20.789,19.829
25.516,24.531
21.88,20.208
23.655,22.256
25.608,25.446
23.309,22.933
26.154,25.374
26.191,25.853
16.565,16.403
26.426,26.019
25.42,25.069
15.162,14.968
23.927,23.571
23.133,22.126
13.974,13.704
26.139,25.645
24.241,24.163
24.468,24.391
23.141,22.887
26.057,25.591
25.678,25.332
26.665,26.173
21.475,19.977
23.714,23.526
19.302,18.996
17.819,16.978
26.909,26.522
24.021,23.744
26.291,25.915
21.906,19.647
23.893,23.588
24.178,23.823
22.636,21.615
26.75,26.364
17.555,17.059
26.103,25.644
22.388,20.579
23.313,23.177
23.541,22.959
24.302,23.984
25.922,23.389
26.771,26.642
23.996,23.642
25.48,25.1
26.889,24.695
26.132,25.865
16.772,16.599
24.306,23.843
26.598,25.086
24.915,24.689
26.301,26.176
26.744,26.281
26.426,25.922
24.985,24.109
18.019,17.848
16.43,16.323
24.159,22.037
26.863,24.917
25.621,25.19
26.475,24.94
26.912,26.542
19.596,18.919
25.499,24.199
15.041,14.567
25.029,24.193
24.372,23.915
25.649,25.11
23.177,22.906
26.597,26.399
26.99,26.188
24.41,24.063
26.061,24.961
26.858,26.33
26.932,26.179
26.526,26.052
25.34,25.196
26.115,26.012
23.569,23.339
26.271,26.118
22.48,21.194
25.581,25.5
26.913,26.568
26.614,26.188
24.579,24.102
21.279,20.872
16.584,16.345
24.875,24.413
24.015,23.923
23.581,22.356
26.863,26.396
21.905,21.79
23.887,23.664
22.875,21.669
24.172,23.791
23.486,22.01
18.901,17.586
26.054,24.976
25.33,25.115
26.789,25.762
20.031,18.357
26.147,25.942
21.242,20.015
26.526,26.391
25.411,24.797
24.109,24.035
15.625,15.341
26.392,25.926
22.794,21.528
25.73,25.566
14.454,14.202
24.444,23.592
23.205,21.201
24.498,24.052
18.763,18.026
22.787,22.172
20.993,19.209
25.339,24.861
25.102,24.909
24.751,24.362
26.036,25.559
26.994,26.565
16.691,16.599
26.768,26.596
19.488,17.813
24.332,23.599
19.972,19.228
24.728,23.315
22.993,22.614
26.924,26.562
25.055,24.811
21.397,21.01
26.241,25.688
25.988,25.343
24.256,23.813
21.11,20.384
25.786,24.771
16.719,16.616
24.301,24.161
20.126,19.98
26.391,25.997
24.287,22.876
24.756,24.286
26.554,26.158
24.051,23.896
23.327,22.846
23.062,21.458
24.484,23.972
23.06,22.95
26.328,25.71
26.94,26.453
19.503,19.388
24.307,23.962
22.834,21.528
21.106,20.544
26.6,24.423
24.517,23.171
25.231,24.834
24.513,24.281
25.14,25.009
26.393,25.31
20.807,20.658
23.311,23.011
26.56,25.656
25.424,23.619
19.5,18.588
26.062,25.682
26.527,25.868
25.204,24.313
13.208,13.045
23.4,23.248
19.39,19.316
18.727,18.218
23.51,23.103
26.833,26.355
26.215,25.776
21.148,20.743
25.953,25.736
26.326,25.737
22.375,21.418
26.65,26.125
26.884,26.523
26.164,24.739
25.738,24.501
20.517,20.217
25.199,24.383
26.146,24.16
24.319,23.901
24.455,24.236
23.782,22.696
26.813,26.464
26.601,26.431
25.396,24.88
25.75,25.494
23.497,21.366
22.346,22.22
22.848,22.656
19.916,19.14
24.68,24.235
25.813,23.537
26.169,25.078
26.904,26.309
25.061,22.449
26.162,23.807
23.726,23.349
26.558,25.981
25.813,25.668
17.292,17.052
26.971,26.636
21.991,21.872
24.867,24.431
25.98,25.728
21.453,20.567
26.583,25.964
26.102,25.593
18.984,18.871
22.922,22.751
26.665,26.492
24.742,24.194
24.455,23.891
24.483,23.261
25.534,25.439
26.96,26.508
17.175,16.897
26.447,25.967
26.786,26.405
21.658,21.076
24.462,23.935
25.096,24.683
23.182,22.137
25.153,24.769
24.001,23.734
20.896,20.765
24.85,23.401
25.22,24.753
19.604,19.379
20.764,20.704
22.805,22.698
22.579,21.721
23.36,23.23
24.38,24.011
23.961,23.778
23.313,23.09
26.311,25.834
21.695,21.409
23.509,23.043
26.755,25.976
24.366,24.261
26.83,26.362
26.772,25.995
26.115,25.746
21.242,20.379
21.082,20.959
24.985,24.47
25.869,25.376
26.412,25.368
23.171,23.025
21.955,21.376
25.806,25.144
22.087,21.953
23.996,23.981
25.953,25.601
24.217,22.802
25.532,24.905
24.53,24.447
24.009,23.372
26.632,26.154
26.279,26.0
18.491,18.323
23.007,21.654
19.727,19.668
19.045,18.703
26.919,26.386
19.676,18.632
20.705,19.328
22.364,20.383
26.601,25.623
25.477,25.053
24.601,24.246
24.886,24.338
23.057,21.228
25.694,24.282
26.653,26.403
21.714,21.445
25.305,24.663
22.799,22.238
25.018,24.909
25.629,25.161
20.441,19.956
26.625,25.975
25.376,24.296
24.214,23.855
25.138,24.644
25.286,24.995
20.741,20.616
26.813,26.042
22.595,21.41
25.748,25.265
22.188,22.098
26.287,26.176
22.659,22.443
25.776,24.225
25.022,24.387
24.165,23.438
17.259,17.184
26.98,26.499
26.008,23.762
23.659,23.288
17.407,16.875
26.233,26.122
26.934,25.937
26.684,24.257
26.791,24.936
26.271,25.667
24.621,24.182
24.875,24.466
24.888,24.788
26.926,26.398
24.774,24.455
26.928,26.48
21.048,19.592
23.492,23.316
22.028,20.545
25.208,24.685
26.318,26.06
21.563,21.445
25.329,24.781
25.162,24.446
26.223,25.768
26.191,25.968
26.386,25.969
24.834,24.781
26.799,26.31
24.946,24.561
24.02,23.573
22.594,22.496
22.106,21.056
25.264,25.038
24.186,22.061
22.531,22.247
24.522,22.805
21.774,21.102
23.075,22.857
23.975,23.463
26.715,24.825
12.443,11.198
20.033,19.94
26.455,26.239
23.48,22.429
26.128,25.733
25.391,23.535
23.98,23.588
22.231,22.051
25.696,24.962
20.163,20.059
23.256,21.447
20.451,20.179
24.559,24.384
26.782,26.542
19.379,19.304
15.746,15.123
26.378,25.776
26.525,23.999
24.709,24.598
25.159,24.193
24.527,24.419
26.522,25.997
26.876,26.572
25.093,24.522
21.882,20.759
22.391,22.304
24.837,24.327
24.447,23.817
21.455,20.734
24.311,23.921
20.725,20.559
26.085,25.434
26.694,26.47
24.445,23.851
18.148,18.028
17.569,16.801
25.24,24.696
25.158,24.766
23.864,23.485
26.603,26.176
26.251,25.399
25.52,24.978
26.481,26.095
22.683,20.98
26.263,25.757
26.26,25.98
20.152,20.079
24.501,23.781
26.476,26.05
26.2,25.907
22.911,22.272
18.326,17.821
23.092,22.685
25.159,24.782
26.248,25.997
24.196,23.896
20.188,20.031
24.829,24.372
26.509,25.914
25.395,25.135
19.452,18.924
22.606,21.349
22.407,22.322
22.259,21.334
24.266,23.94
22.148,21.816
22.923,21.964
26.268,25.851
23.333,23.244
23.765,23.286
24.394,24.221
23.012,22.279
23.503,23.348
26.331,25.963
22.229,21.748
25.868,25.488
21.604,20.564
24.237,23.736
26.915,26.314
23.616,23.388
24.279,24.178
25.706,25.223
26.244,25.821
25.469,25.054
19.181,18.514
26.28,25.763
22.07,21.876
25.91,25.443
22.407,21.753
23.67,22.769
23.997,23.618
19.932,19.828
22.208,21.712
26.238,25.218
25.233,25.133
26.458,26.064
21.783,21.383
17.229,16.404
16.136,15.911
22.414,22.233
25.284,24.6
24.937,24.511
26.657,26.398
26.773,26.331
25.305,24.839
23.955,23.607
23.809,23.497
26.977,26.702
17.332,17.144
22.131,21.733
25.296,25.215
26.254,26.105
26.491,25.294
22.756,22.567
25.947,25.361
24.956,23.243
26.755,26.396
22.457,22.186
25.621,25.398
24.277,23.828
24.653,24.191
20.811,20.699
25.181,25.115
24.907,24.44
23.656,23.392
20.071,19.65
24.347,23.859
19.92,18.451
25.284,24.769
25.53,25.431
25.432,25.263
23.009,21.9
22.528,22.114
26.845,26.503
23.544,23.415
26.728,26.45
25.898,25.502
26.514,25.99
24.826,24.621
24.866,24.679
26.223,25.72
25.258,25.159
25.942,25.422
26.675,26.051
24.405,24.032
25.444,25.366
26.371,25.858
19.369,18.934
25.728,25.251
26.021,25.421
22.943,21.722
23.105,22.889
24.976,24.843
23.494,21.825
25.674,24.821
19.508,19.411
26.67,26.088
25.525,25.025
26.661,26.21
24.559,24.308
25.509,23.353
16.232,15.822
23.675,23.292
26.667,26.18
25.273,24.857
25.914,25.985
25.879,25.717
22.591,20.681
26.791,26.224
26.608,26.184
25.416,25.109
22.08,21.741
22.523,22.103
26.173,25.376
23.592,23.245
26.347,25.789
25.205,25.003
19.726,18.65
26.002,25.573
19.749,19.689
26.559,26.144
23.118,22.583
24.438,24.176
26.948,26.071
21.947,21.1
21.452,21.083
24.429,23.809
24.868,24.394
21.642,20.894
24.747,24.428
25.941,25.504
25.319,25.125
24.486,24.267
25.684,25.118
24.952,24.514
21.986,20.78
25.7,25.205
26.006,25.507
26.215,26.086
25.231,24.475
24.86,23.717
26.214,26.049
26.544,24.194
24.329,24.136
25.303,24.925
25.862,25.654
25.195,24.872
21.872,20.305
25.987,25.785
17.184,17.08
25.942,25.856
26.129,26.034
24.398,22.222
20.914,20.674
19.536,18.421
26.624,25.851
26.536,26.233
24.844,24.488
26.176,24.069
25.982,25.807
26.062,25.893
25.455,24.999
22.294,22.068
23.967,22.833
21.208,20.341
25.005,24.545
26.751,26.194
16.584,16.467
25.179,22.735
24.667,22.758
25.36,25.177
24.555,22.675
25.356,25.087
25.647,24.509
24.145,23.653
16.618,16.555
26.956,26.562
25.497,25.182
25.067,24.859
24.083,22.993
25.779,25.475
21.849,21.49
25.469,25.054
24.663,24.433
26.631,26.034
25.283,24.158
15.959,15.836
23.042,21.836
23.39,23.289
15.442,15.114
22.01,20.454
25.947,25.565
21.237,20.358
24.798,24.434
24.459,23.882
21.413,20.701
26.577,24.23
23.606,23.268
25.028,24.681
24.365,23.971
16.576,16.478
26.57,25.912
25.079,24.662
24.085,22.942
23.03,21.436
25.979,25.586
25.862,25.642
26.623,26.456
26.101,24.876
24.278,23.788
21.026,20.226
18.999,17.913
22.652,21.427
25.979,25.667
22.796,22.485
24.932,24.197
24.057,23.852
24.265,24.062
21.723,21.492
24.263,22.233
25.003,24.047
22.843,22.053
26.247,26.032
25.075,24.523
20.876,20.779
25.182,22.565
25.907,25.455
25.71,25.258
19.501,19.626
23.32,21.388
24.669,24.226
20.201,19.086
26.033,25.911
26.181,25.52
25.822,25.475
26.304,25.71
26.335,25.83
25.139,24.579
23.072,22.938
24.477,24.375
21.925,20.85
24.998,23.797
22.363,22.196
25.347,23.586
24.651,23.678
24.377,24.074
25.975,25.837
25.253,25.11
22.274,21.308
24.266,23.766
23.74,23.341
25.883,25.309
26.349,26.185
25.309,24.756
24.745,24.302
26.911,26.43
21.995,20.584
24.674,24.46
26.986,26.707
22.012,20.766
26.083,25.549
25.151,25.014
22.281,21.383
23.648,21.88
26.879,26.644
16.089,15.978
16.273,15.896
26.078,25.736
26.511,25.852
20.079,20.011
25.642,24.846
23.935,22.314
26.454,23.986
23.841,23.696
26.539,25.757
26.863,26.209
21.585,20.515
22.631,22.225
24.161,24.054
23.824,23.428
25.721,25.125
23.822,22.261
23.251,22.694
24.48,22.753
26.607,26.353
22.547,21.701
22.742,22.598
26.55,26.062
25.344,25.077
26.486,25.412
21.109,20.994
26.587,26.083
25.94,25.394
20.909,19.08
25.438,24.984
25.133,24.586
18.605,17.944
25.567,24.176
10.886,10.778
24.742,23.825
26.023,24.698
26.055,25.485
24.938,23.549
25.973,25.786
22.154,21.265
25.646,24.855
24.597,22.434
23.963,23.813
24.221,23.907
23.038,22.632
16.335,16.131
17.288,17.151
24.93,23.684
22.419,22.187
26.755,26.242
26.855,26.281
13.528,13.423
19.492,19.377
22.329,20.895
21.613,20.537
25.622,25.182
24.604,22.861
20.371,20.202
21.275,21.179
24.535,24.358
21.832,21.683
22.498,21.779
21.6,21.461
26.879,26.412
25.932,25.098
26.896,26.664
24.33,24.035
26.587,25.757
18.165,17.371
26.041,25.732
25.786,24.834
25.245,23.555
22.83,22.566
22.86,21.896
22.564,22.391
26.421,25.934
23.466,23.042
24.574,23.708
17.882,17.768
26.995,26.539
26.105,26.008
24.443,23.964
24.286,23.884
25.527,24.849
24.538,23.419
25.694,25.443
24.957,24.692
23.866,21.831
25.005,24.499
19.543,18.543
20.082,19.857
25.97,25.727
14.871,14.743
16.382,16.114
26.919,26.614
22.702,22.206
18.857,17.909
26.837,26.308
22.933,21.994
22.899,22.792
20.474,20.092
26.924,26.474
26.748,24.286
23.3,21.813
24.921,24.461
26.326,25.936
25.324,23.322
26.856,26.644
26.052,25.387
20.865,20.694
25.056,23.843
26.469,25.312
23.529,22.559
21.457,19.099
26.535,26.023
18.033,17.395
26.927,26.696
22.639,22.347
24.114,22.681
25.82,25.674
23.063,22.74
26.488,26.062
24.564,23.984
26.33,25.665
17.971,17.773
25.291,22.95
17.729,17.388
25.554,25.427
25.087,24.737
23.71,23.497
26.786,26.322
23.721,23.169
26.429,25.891
26.103,25.71
25.297,24.527
25.326,24.828
24.27,24.043
24.75,24.243
24.12,23.611
25.833,25.505
26.154,25.554
20.024,19.802
24.553,23.188
26.187,25.64
23.113,22.62
25.272,24.655
24.656,22.488
26.899,26.038
25.032,24.851
24.893,23.949
26.309,25.806
22.248,21.963
23.711,21.399
20.333,19.396
25.143,24.955
26.25,26.151
23.739,23.587
26.553,25.797
26.572,24.657
26.87,26.434
18.722,18.074
24.158,23.806
25.792,25.206
21.757,21.529
24.559,23.708
26.97,26.442
25.158,25.032
24.158,23.916
26.316,25.832
26.657,26.411
25.532,23.738
23.76,23.357
26.528,26.06
25.82,24.556
24.12,23.652
22.953,22.946
23.022,21.553
25.573,24.813
25.568,25.086
22.431,22.095
22.598,21.015
25.219,25.046
23.092,22.938
19.541,19.477
26.257,25.843
23.471,23.168
23.676,22.109
24.293,23.705
17.399,17.086
26.952,26.504
24.642,24.212
24.693,24.284
26.263,25.994
23.671,23.469
22.686,22.048
25.221,24.799
23.59,22.319
25.283,24.698
25.103,24.876
21.34,21.252
26.871,26.332
26.793,26.335
25.076,24.754
21.868,21.743
20.5,19.568
25.39,24.992
26.566,26.357
23.216,23.068
24.931,24.599
22.069,21.397
26.386,25.976
24.416,24.316
23.303,22.791
26.231,25.966
26.513,24.117
24.538,23.383
25.369,25.073
25.924,25.773
25.444,24.916
22.417,22.282
20.408,19.183
24.842,24.373
26.675,26.248
21.512,20.187
19.922,19.692
25.792,25.211
22.222,21.865
25.104,24.101
21.967,21.74
25.636,25.089
26.401,25.865
24.119,23.711
24.413,22.943
24.561,24.018
23.399,22.497
24.85,24.14
26.017,25.714
25.291,24.849
26.268,25.243
25.716,23.188
23.835,23.599
22.768,22.683
23.311,22.971
25.322,24.875
25.74,24.377
25.908,25.788
23.873,23.731
23.859,23.791
24.168,23.705
26.147,25.739
25.204,25.132
25.046,24.535
25.489,24.97
26.109,25.709
26.514,26.126
26.92,26.304
23.588,23.344
26.318,26.181
25.616,25.284
23.921,21.954
25.303,24.291
24.381,24.081
25.822,25.427
25.799,25.492
23.676,22.953
23.069,22.811
26.275,25.811
19.164,18.356
23.086,22.232
22.192,21.66
25.045,24.921
24.381,24.317
23.252,22.647
26.685,26.137
20.311,19.589
25.002,24.747
24.869,24.549
25.282,25.084
21.051,20.952
23.696,23.273
24.066,23.527
24.719,24.202
26.485,26.144
26.19,25.74
23.569,23.213
22.376,22.014
25.949,23.262
22.874,22.627
24.206,23.711
26.392,26.045
25.018,24.843
25.651,25.332
25.505,25.085
26.835,24.948
25.906,23.677
26.402,26.112
22.519,22.337
25.398,24.089
25.363,25.177
25.031,24.593
24.472,24.093
22.576,20.416
25.487,25.002
25.799,25.367
25.299,25.181
22.163,21.21
23.653,23.459
22.926,22.831
13.374,13.131
25.39,24.931
24.715,23.435
23.365,22.938
20.372,19.101
26.605,26.087
24.336,23.876
21.682,21.453
26.136,25.697
26.225,25.756
26.848,26.366
14.8,14.612
23.166,22.873
13.726,13.682
25.229,24.833
22.237,22.012
22.582,22.428
26.097,24.727
22.604,22.115
22.589,21.753
25.735,25.58
25.48,24.806
14.559,14.434
20.957,19.847
22.663,22.346
26.486,26.059
21.35,21.123
19.33,19.244
25.955,25.783
25.57,25.166
25.436,25.322
26.361,25.514
26.08,23.871
24.459,23.981
23.616,22.246
22.571,22.297
23.984,23.537
24.388,24.245
25.256,24.729
22.281,21.525
25.553,24.616
24.15,22.814
24.343,23.761
22.957,21.146
24.015,23.742
26.82,26.464
26.401,25.977
24.525,23.517
18.84,18.759
23.619,23.319
25.327,25.052
23.18,20.941
21.58,19.728
26.908,26.688
24.033,23.636
25.382,22.8
26.545,26.37
18.709,18.625
25.157,24.922
20.92,20.617
20.875,19.494
26.888,26.363
24.877,24.698
23.427,22.073
24.139,23.725
25.274,24.842
26.967,26.686
20.008,19.779
21.991,21.676
26.558,25.897
17.118,16.947
26.311,25.831
23.138,22.919
23.245,22.53
23.1,22.45
20.976,20.307
24.557,24.156
26.198,25.585
13.087,12.919
25.746,24.903
19.216,19.13
25.8,25.212
25.574,25.39
22.962,22.565
24.097,22.261
22.234,22.107
25.79,24.396
26.506,26.09
26.392,25.872
25.214,24.993
26.362,26.027
26.762,26.182
24.076,23.618
23.969,22.943
23.824,23.742
25.95,25.645
26.469,26.195
26.772,26.316
26.24,25.842
24.748,24.267
21.352,20.658
26.97,24.432
24.819,24.086
26.686,24.753
25.694,25.1
20.079,19.37
20.508,19.282
23.205,22.803
23.998,22.245
24.766,24.282
25.111,25.011
14.145,13.945
22.59,21.966
20.293,19.668
24.015,23.749
22.497,21.721
25.031,24.512
24.17,23.709
25.446,25.014
18.878,17.108
24.978,24.625
26.043,25.343
26.651,25.953
26.111,25.487
26.306,25.478
25.955,25.854
24.63,24.094
25.573,25.39
23.975,23.607
20.595,20.403
26.594,25.816
26.467,25.929
26.654,25.947
23.388,23.208
25.488,25.182
26.883,26.443
26.212,26.048
22.35,21.516
25.709,25.271
20.646,20.51
25.284,25.048
26.432,23.842
19.658,18.97
22.43,20.46
23.594,23.468
26.995,26.812
24.128,23.986
24.799,22.997
21.694,21.158
26.775,26.571
24.23,23.578
24.668,24.226
24.393,23.914
22.566,21.855
25.95,25.507
21.47,21.031
24.038,22.909
25.556,23.575
26.665,26.341
25.264,25.121
23.141,21.597
26.375,26.191
25.54,24.932
21.086,20.976
26.739,26.226
24.687,24.026
22.967,22.572
21.313,20.712
20.815,19.919
23.136,23.033
26.311,25.75
20.882,19.831
26.723,26.257
26.874,26.364
25.026,24.814
24.61,24.444
26.976,26.494
24.927,24.858
24.698,24.52
17.905,17.023
23.037,22.969
26.824,24.559
26.789,26.388
26.537,26.212
23.719,23.149
25.44,24.907
24.328,24.22
26.96,26.708
25.133,24.385
25.982,24.664
25.464,25.27
20.159,19.98
25.001,22.76
24.928,24.678
26.433,25.871
24.129,23.735
24.993,24.31
26.638,25.151
20.727,20.313
23.717,23.303
21.923,21.723
25.674,25.303
15.45,15.26
24.977,22.966
25.435,23.263
24.919,24.178
23.433,23.349
26.961,26.623
18.704,18.395
22.835,22.318
26.237,25.773
17.74,17.368
21.26,21.054
26.89,26.362
18.273,17.631
26.196,26.042
25.42,25.212
20.0,19.388
20.531,20.318
26.409,25.714
25.596,24.979
25.111,24.499
26.388,26.21
25.881,25.796
25.526,25.066
21.143,20.703
19.037,18.75
26.431,26.028
26.981,26.596
23.98,23.62
22.073,21.185
26.613,26.392
23.086,21.005
24.94,24.788
25.872,25.57
24.607,22.799
26.529,25.909
20.159,19.14
20.913,20.807
26.235,25.722
20.132,19.06
23.881,23.142
24.331,23.693
26.137,25.297
24.97,23.896
26.305,25.767
24.868,23.63
26.659,26.106
25.058,24.469
23.535,23.283
18.192,17.208
26.842,26.623
24.697,22.52
26.158,25.414
23.773,23.635
24.156,23.922
25.656,25.343
19.539,19.239
23.701,23.21
20.133,18.702
25.353,23.903
26.713,25.692
24.563,24.279
26.611,26.167
25.824,25.876
26.23,25.651
24.317,23.915
24.735,24.321
23.217,22.758
13.577,13.49
23.396,23.243
26.189,26.051
26.815,26.366
25.528,25.038
17.652,17.525
26.603,26.188
26.996,26.158
26.997,26.79
18.572,18.322
21.71,21.619
25.647,25.112
24.416,23.946
17.51,16.764
22.941,21.532
24.735,24.611
26.261,26.082
26.474,25.575
26.198,25.938
25.63,24.312
24.837,24.409
26.8,26.55
26.453,26.18
24.888,24.82
21.324,21.207
25.893,25.44
24.468,23.967
17.469,16.243
24.285,23.815
25.973,25.562
25.086,24.963
20.136,20.002
26.573,26.27
24.936,24.325
26.187,25.967
25.886,25.411
25.586,25.264
24.39,23.782
24.407,24.02
25.133,24.721
26.246,25.781
25.086,22.808
26.836,26.497
25.765,25.668
26.469,25.062
25.996,25.316
23.016,22.817
25.575,25.275
22.596,22.479
25.805,25.172
18.663,18.05
18.24,17.106
26.326,26.099
21.369,21.291
24.214,22.809
26.078,25.541
24.911,24.738
26.777,26.553
21.337,21.247
11.106,11.009
21.536,21.413
23.077,22.205
26.267,26.003
23.037,22.219
26.129,25.697
26.616,25.104
21.316,20.802
16.074,15.458
24.917,24.817
25.409,25.321
26.493,26.042
26.761,26.035
26.494,26.179
23.001,21.573
26.931,26.355
26.085,25.354
23.84,23.254
24.719,23.212
26.647,24.224
23.057,22.807
22.594,20.499
18.766,17.324
21.014,20.047
25.264,24.902
24.909,24.457
22.973,22.87
15.644,15.499
24.411,24.321
25.392,24.419
26.925,26.16
25.915,25.428
25.913,25.442
22.17,20.897
26.473,24.444
24.266,24.115
22.934,22.854
23.097,22.286
22.384,21.833
25.431,25.029
25.404,23.987
19.949,18.482
19.167,17.993
24.227,24.16
24.721,24.203
26.175,25.599
26.406,26.02
26.043,25.538
24.383,24.006
24.845,24.699
20.469,20.251
8.561,8.28
25.424,25.028
22.867,22.756
22.971,22.871
23.979,22.181
18.337,17.235
21.808,21.062
25.978,25.45
20.054,19.857
24.58,24.171
26.467,26.059
20.459,19.157
23.049,22.651
26.402,25.938
26.043,25.826
24.003,23.447
24.302,23.926
15.874,15.733
26.039,25.64
24.389,22.914
22.904,22.713
24.069,22.184
25.403,24.958
25.274,24.866
26.433,26.007
24.401,24.325
24.944,24.429
26.057,25.559
22.498,22.301
23.205,22.891
25.641,24.816
24.88,23.449
21.428,21.051
21.926,20.746
26.085,25.597
23.296,22.811
26.068,25.393
24.764,24.32
26.736,26.246
23.217,22.081
24.411,23.901
26.696,26.287
21.315,21.034
23.152,22.981
26.871,26.417
26.098,25.585
25.009,24.604
25.498,25.068
22.769,21.434
26.07,25.486
26.392,26.11
25.987,25.446
25.05,24.808
20.216,19.629
21.418,19.948
19.762,19.129
23.056,22.844
26.647,26.007
24.591,24.393
25.541,24.876
23.493,22.392
23.086,22.959
14.844,14.629
20.635,19.219
21.409,19.451
26.869,26.15
25.182,22.951
25.726,25.505
24.999,23.252
25.511,24.93
25.067,24.561
25.955,25.24
26.299,25.905
25.004,24.518
25.154,23.181
26.957,26.417
21.407,21.305
22.832,22.04
21.089,19.631
24.367,24.278
26.636,26.043
25.272,24.729
26.454,26.016
23.557,21.959
26.922,26.265
26.961,26.641
26.401,23.832
23.765,23.431
24.601,24.291
24.932,24.473
26.203,25.747
23.799,22.552
26.563,26.173
26.318,25.678
26.702,26.211
25.617,25.24
24.139,24.048
25.725,25.217
26.422,26.303
25.629,24.292
24.06,23.529
26.466,23.902
23.185,22.627
25.628,25.225
25.92,25.394
19.654,19.512
24.876,24.682
22.152,21.628
26.33,26.006
25.84,25.374
25.044,24.292
18.727,17.991
24.013,23.038
26.231,26.038
23.705,22.423
26.05,25.607
24.744,24.182
26.379,26.114
26.516,25.874
26.102,24.946
23.746,23.398
25.262,24.14
26.013,25.361
25.164,24.638
22.026,21.894
24.198,23.94
24.24,24.053
24.537,24.199
19.918,19.441
23.818,21.659
25.645,25.55
26.576,26.132
25.311,23.35
22.201,21.487
23.137,22.897
26.553,26.111
23.074,23.004
25.91,25.306
24.654,24.421
24.676,24.463
22.142,21.741
25.552,23.604
26.971,26.588
16.653,16.455
24.192,21.905
25.246,24.864
22.534,21.746
23.856,23.458
25.06,24.35
24.366,23.908
26.515,26.215
20.761,19.923
26.601,26.302
25.559,25.083
24.861,22.679
20.956,20.521
25.816,25.517
25.031,24.266
21.37,21.259
22.718,21.46
22.596,22.102
25.26,24.988
24.515,24.241
21.583,20.322
14.989,14.839
26.665,26.105
26.543,24.176
23.515,23.038
24.957,24.802
22.118,21.738
26.54,25.527
23.014,22.935
17.917,17.842
24.064,23.189
24.966,24.531
22.073,21.741
22.932,21.216
26.689,26.385
23.031,22.057
23.703,23.26
16.431,16.214
20.854,20.707
23.391,22.942
26.384,25.948
25.742,25.231
26.131,25.701
25.882,25.496
21.038,20.843
25.571,25.031
25.556,24.671
25.463,25.16
22.167,20.817
23.03,22.689
25.661,25.335
26.853,26.567
25.138,24.666
24.472,24.165
26.735,26.354
25.712,25.054
26.616,26.32
24.786,24.285
24.402,24.243
21.13,19.423
26.322,25.698
26.751,26.209
22.373,22.299
23.904,22.322
26.572,26.193
20.863,20.511
26.817,26.29
24.498,24.089
25.207,24.706
25.972,25.566
24.467,23.967
25.495,23.497
24.085,24.192
26.738,25.94
24.839,24.325
26.681,26.203
26.996,26.561
26.46,25.999
24.347,24.251
26.397,25.784
26.921,26.614
25.336,23.271
26.663,26.047
18.569,18.342
25.578,25.039
25.696,25.264
25.75,25.589
24.808,24.622
25.667,25.167
18.235,17.684
25.533,25.456
23.668,23.594
25.349,25.261
18.954,18.349
22.18,21.623
26.422,25.868
24.494,24.197
26.882,26.448
24.048,22.109
20.105,19.08
24.805,22.249
22.104,20.836
24.689,24.273
24.958,22.743
26.594,26.113
25.289,24.892
24.616,24.081
24.502,24.003
24.933,24.395
26.927,26.553
26.237,25.379
23.31,22.298
25.91,25.677
26.477,26.329
12.934,12.858
26.052,23.45
21.188,19.917
23.276,23.092
18.638,18.12
19.491,18.54
26.763,26.296
25.172,24.951
23.23,23.099
21.031,20.664
25.902,25.538
25.467,25.158
25.442,25.189
24.166,23.95
26.275,25.942
24.362,24.276
23.882,23.372
21.923,22.211
23.986,22.354
24.883,24.479
26.091,25.437
25.983,25.482
21.379,21.299
25.86,24.004
24.93,24.544
24.719,23.739
24.817,24.662
23.931,21.524
25.082,24.855
22.371,22.236
10.021,9.937
25.153,24.768
23.429,23.231
26.433,26.121
25.729,23.869
26.594,25.803
25.565,23.797
21.094,19.869
26.903,26.695
25.16,24.982
24.7,24.407
25.889,24.705
24.356,24.228
18.427,17.636
26.265,25.847
26.488,25.948
25.934,25.48
24.016,23.707
16.632,16.527
22.75,21.252
22.943,22.579
26.312,25.728
25.137,24.846
21.205,21.071
25.801,25.389
23.626,22.823
22.477,21.728
25.65,24.917
26.184,25.312
26.117,24.468
25.732,25.424
22.65,20.998
23.161,22.742
26.162,25.885
26.631,26.023
23.118,22.967
25.628,25.068
23.655,22.735
26.684,24.131
26.533,26.049
24.606,24.503
20.526,20.103
24.813,24.475
22.698,22.232
23.263,23.094
24.797,24.35
23.239,22.938
26.037,23.972
25.866,25.406
25.316,25.241
24.626,24.266
22.877,22.535
25.89,25.398
20.091,18.862
25.96,25.493
25.854,24.715
24.607,23.487
25.861,24.963
25.685,25.09
25.47,25.151
26.427,25.888
24.065,23.068
24.758,24.577
17.629,17.418
24.325,24.032
22.507,21.929
25.337,24.0
24.168,23.518
24.923,24.025
25.459,25.164
24.67,24.518
26.906,26.522
26.133,25.981
24.971,23.382
25.421,25.313
26.137,25.873
23.302,21.923
26.892,26.322
26.411,26.089
26.567,26.141
17.619,17.41
24.984,24.858
23.545,22.652
25.768,24.489
22.066,21.666
25.495,25.023
23.959,23.801
26.397,25.905
23.103,22.257
26.933,26.492
26.466,26.32
25.833,25.668
22.645,22.357
25.64,25.159
25.994,25.612
25.086,24.465
24.634,22.341
24.784,24.28
26.392,26.089
23.534,23.053
25.548,25.426
26.456,25.697
25.286,24.877
26.389,25.97
24.431,24.322
25.849,25.623
26.825,26.249
24.39,24.279
25.861,25.327
25.577,25.135
25.898,25.357
24.371,23.651
26.578,26.039
25.565,22.981
22.359,22.222
26.118,25.79
25.573,25.19
24.851,24.327
26.622,25.873
25.055,24.188
15.725,15.595
25.751,25.609
26.454,26.241
25.537,25.009
25.833,25.227
25.306,24.78
24.099,21.98
26.421,26.191
23.587,22.836
26.903,26.389
26.456,24.342
25.973,25.469
26.538,26.315
23.31,22.88
26.055,25.884
21.546,21.404
22.232,20.772
20.76,20.543
26.862,24.225
22.673,21.353
21.407,20.534
26.483,26.363
26.984,26.583
26.553,26.336
24.374,23.475
26.66,26.271
25.721,25.5
24.254,23.826
22.062,20.84
25.908,25.305
22.84,22.157
25.011,24.541
24.094,22.992
26.0,25.843
23.27,22.555
22.696,21.832
22.734,22.289
19.672,19.095
25.935,25.328
25.532,25.275
21.29,20.317
24.086,22.438
22.728,21.807
25.442,25.243
23.611,23.205
24.641,24.341
26.739,26.35
24.852,24.712
23.085,22.754
26.048,25.51
22.784,21.498
25.345,25.234
22.879,22.806
26.747,26.358
26.049,23.423
26.042,25.336
24.261,23.475
24.077,23.811
21.947,19.734
24.864,24.412
23.865,23.308
23.884,22.53
25.722,23.296
26.987,26.675
21.722,20.84
26.049,25.734
25.785,25.667
26.013,25.473
26.231,25.825
20.03,18.995
26.768,26.12
23.592,22.063
22.04,20.043
21.77,21.602
26.608,25.278
26.655,25.673
25.841,25.375
25.014,24.127
24.784,24.347
26.582,26.282
25.558,25.316
26.058,25.893
24.956,23.895
22.224,22.063
20.5,18.735
26.947,26.671
24.456,23.442
25.68,25.192
22.839,22.121
24.399,23.858
22.48,22.094
25.896,25.489
25.012,24.908
25.301,24.661
26.37,26.218
20.922,19.754
20.598,19.646
26.831,26.299
25.063,24.931
23.893,23.655
23.763,23.506
25.72,24.99
23.223,22.834
26.564,24.649
22.801,22.415
23.922,21.587
25.069,24.688
23.555,23.077
24.922,24.572
25.103,24.106
25.634,25.06
25.27,24.825
26.443,26.021
22.01,21.728
26.125,25.968
23.606,23.452
22.029,21.933
24.354,23.881
18.301,18.111
21.777,21.713
25.219,24.756
22.98,21.84
25.39,24.916
26.607,25.731
26.117,25.943
22.686,22.553
24.136,23.73
25.403,24.56
26.049,25.711
20.826,20.542
25.31,25.039
26.695,26.574
26.798,26.189
26.946,26.492
21.303,20.219
25.651,25.287
21.154,19.841
25.885,25.097
23.777,23.361
23.643,22.467
24.785,24.222
25.698,25.243
23.011,21.534
20.605,20.278
22.313,22.052
22.861,21.478
23.886,23.578
26.694,26.322
19.739,18.216
20.458,20.22
24.573,24.098
25.202,24.807
26.423,24.237
23.432,21.985
23.738,22.493
24.415,24.227
25.811,25.478
24.012,23.467
24.689,24.278
25.428,24.865
24.471,23.992
23.934,23.171
22.14,21.925
26.576,26.21
24.777,24.64
25.163,23.414
24.41,24.31
26.099,24.27
26.517,25.964
24.155,22.485
25.497,25.07
24.849,24.348
22.96,22.052
26.597,24.169
22.635,21.372
24.057,23.61
23.429,22.956
26.061,25.265
22.889,22.495
26.267,25.986
24.892,24.372
19.605,19.485
26.981,26.485
25.006,24.88
22.998,22.756
24.682,24.369
24.884,24.405
26.858,26.212
24.923,24.541
26.249,25.173
21.864,21.791
22.173,22.096
25.678,25.247
26.591,25.974
25.174,24.671
17.261,16.474
26.39,26.014
22.33,22.132
25.627,24.868
19.522,18.831
20.556,20.03
24.074,23.997
24.346,23.998
21.314,20.553
26.941,26.712
26.012,25.632
24.434,24.231
26.541,24.893
23.723,23.667
25.004,24.649
19.823,19.72
24.438,24.065
22.685,22.382
26.338,24.226
22.264,21.378
25.427,24.232
26.365,25.849
25.483,25.365
24.686,24.214
19.051,18.174
21.954,21.498
26.574,26.061
24.455,22.609
22.681,22.471
19.546,18.686
26.946,26.041
26.298,25.593
18.091,17.068
24.115,22.659
26.733,26.305
26.347,25.03
23.854,23.747
20.791,19.986
24.646,24.053
24.67,24.353
26.811,26.484
25.942,25.521
21.371,20.091
26.671,26.407
21.241,21.087
26.961,26.462
24.875,23.151
24.026,23.625
23.882,23.319
23.659,23.489
25.868,25.44
25.035,24.674
26.414,24.343
25.362,25.127
25.031,22.556
21.642,20.924
26.116,24.9
24.923,24.732
25.772,25.507
26.223,25.832
26.79,26.482
23.185,23.109
20.076,19.448
23.308,22.475
18.056,17.828
22.049,21.223
23.22,22.662
22.807,21.715
18.255,18.043
25.42,24.84
22.592,22.434
20.7,19.527
21.355,21.343
26.149,24.346
26.711,26.495
26.299,25.923
26.865,26.445
26.561,26.003
23.729,22.757
21.689,20.815
26.853,26.484
24.175,23.961
25.357,25.213
25.854,23.53
25.654,25.534
25.252,23.63
26.634,26.12
26.456,24.043
23.112,23.007
26.86,26.341
26.975,24.847
25.106,24.632
25.505,22.918
24.75,24.634
22.5,22.073
26.049,25.359
26.818,26.387
24.65,24.488
25.143,25.012
22.594,22.49
26.549,25.941
22.814,21.715
26.937,26.343
23.815,22.791
23.614,21.872
26.883,26.438
21.492,20.634
24.484,22.655
23.514,23.452
24.021,23.033
25.984,24.643
25.062,23.451
21.97,21.877
25.59,25.362
20.926,19.828
24.265,23.792
26.83,26.469
20.334,18.804
21.983,21.842
25.133,22.605
26.993,26.687
25.556,25.299
19.483,19.29
26.734,26.476
23.313,22.585
17.127,16.692
25.704,25.293
26.913,26.254
26.964,26.546
25.522,25.321
22.478,21.451
26.263,25.834
24.692,24.347
21.279,20.868
25.088,24.694
26.944,26.742
23.342,22.791
25.415,24.813
21.795,20.025
23.441,23.027
26.779,26.46
22.694,22.342
25.021,24.745
24.389,24.27
21.618,21.523
26.222,25.949
23.003,22.229
22.808,22.15
25.644,25.544
22.603,22.198
26.449,26.247
21.772,20.719
26.731,26.335
25.892,24.437
25.234,24.896
20.877,19.66
18.899,18.352
26.797,26.153
24.189,22.397
25.238,24.843
26.792,26.534
20.876,20.721
25.606,24.528
19.77,19.822
25.369,24.881
26.029,25.19
24.377,23.869
17.156,16.954
21.062,19.37
23.08,20.675
24.348,23.914
22.326,21.169
25.962,24.258
18.898,18.141
26.446,25.977
21.235,20.463
23.561,23.075
25.592,25.161
26.425,24.692
24.612,23.827
20.033,19.217
21.897,20.496
24.067,23.953
24.923,24.483
26.958,26.334
24.872,23.193
21.518,20.861
13.802,13.723
20.679,19.628
23.501,22.24
26.608,26.158
26.605,26.218
22.925,22.506
21.608,21.123
22.257,21.138
25.88,25.063
18.288,18.148
15.819,15.702
24.736,24.596
25.234,25.124
26.463,25.811
22.466,21.402
17.737,17.504
20.528,19.834
26.391,26.218
22.639,21.667
26.989,26.774
17.787,17.702
23.84,23.787
22.647,21.193
23.1,22.556
24.433,24.234
23.506,23.163
26.787,26.251
22.356,22.17
22.682,21.375
26.538,26.056
24.693,23.415
26.013,25.624
23.879,22.193
23.995,22.87
22.734,21.761
25.378,23.027
26.647,24.36
22.313,21.928
14.243,14.194
20.05,19.395
25.971,24.084
25.136,24.991
25.998,25.779
26.454,26.166
26.047,24.279
23.426,22.314
26.197,25.852
25.481,24.906
26.771,24.341
22.162,21.349
25.456,25.303
24.984,24.647
20.023,19.852
25.145,23.627
23.878,23.327
26.475,25.978
26.764,26.234
26.7,25.861
26.907,25.872
19.542,18.381
26.887,26.402
25.464,24.958
25.947,25.619
26.377,25.043
23.032,21.492
24.213,23.782
26.563,26.05
24.929,24.698
26.921,24.835
26.283,25.615
26.852,26.34
25.464,25.254
26.192,25.793
26.437,25.664
20.212,18.86
26.179,25.435
16.982,16.797
22.028,21.107
25.27,25.022
26.042,25.353
26.682,24.566
26.987,25.231
25.912,25.432
21.801,21.597
12.009,11.622
26.677,26.2
26.693,26.072
25.11,22.677
26.749,26.5
25.159,24.949
21.944,21.015
25.332,24.777
26.401,25.948
25.995,24.333
25.18,24.736
26.649,26.3
20.355,20.223
26.705,26.074
25.143,24.773
23.652,22.116
25.752,25.554
26.933,26.444
23.28,23.063
21.32,19.783
24.15,23.818
24.912,24.535
24.639,24.096
26.954,26.779
22.276,21.812
23.469,23.737
24.197,24.03
26.386,25.867
23.671,23.307
22.816,22.002
25.08,24.626
20.937,20.314
26.467,26.231
26.971,24.655
23.036,22.726
24.997,24.533
25.983,25.502
25.935,24.046
26.364,25.507
20.686,19.513
21.851,21.685
24.577,24.334
26.653,26.453
21.952,20.783
25.227,25.127
22.276,21.095
22.044,21.45
20.854,20.597
21.98,21.831
25.507,23.765
26.677,26.162
26.238,25.753
25.157,24.74
20.996,20.92
25.541,23.369
25.28,25.004
26.679,26.383
23.223,22.946
22.223,21.597
24.752,24.406
23.244,22.127
22.113,21.93
20.043,19.95
23.345,21.956
22.301,22.029
19.066,18.838
24.54,24.079
26.747,24.33
21.2,19.746
25.751,23.736
23.045,22.844
26.215,25.643
25.633,25.479
23.326,23.111
22.798,22.327
21.015,20.925
18.992,17.699
24.801,24.23
26.085,25.277
26.325,24.814
26.191,25.562
21.508,20.398
25.433,23.972
23.101,22.643
25.975,25.52
25.25,24.576
26.044,25.496
25.306,24.93
23.282,23.193
25.595,25.242
18.227,17.783
24.043,21.527
26.788,26.011
25.915,23.374
21.534,20.14
25.238,24.714
20.279,19.298
14.062,13.966
25.551,25.177
24.657,24.29
23.556,22.451
26.054,25.438
22.888,22.792
26.404,24.583
23.189,20.847
21.344,20.574
24.834,24.548
25.996,25.359
23.086,21.926
23.77,23.371
20.433,20.241
26.519,25.892
22.467,21.788
25.538,25.16
24.066,23.862
23.413,22.573
24.61,23.98
21.397,21.121
25.398,25.074
24.108,23.26
21.281,20.431
24.587,24.435
26.388,24.727
18.829,18.286
22.613,21.795
21.758,20.812
26.508,25.177
26.319,25.982
24.877,24.326
24.303,24.006
25.417,25.216
21.385,20.77
24.842,23.581
25.331,24.852
25.044,24.773
24.033,23.494
23.146,22.979
23.188,22.829
26.595,24.121
25.487,25.197
24.117,23.643
24.315,24.252
21.286,20.918
24.628,23.156
19.265,18.335
23.845,23.33
21.956,21.01
25.581,25.097
25.509,23.908
26.443,26.059
25.448,23.459
24.926,24.646
24.612,24.554
25.636,23.762
21.18,20.447
22.716,21.103
15.79,15.576
26.508,26.343
26.0,24.911
26.59,26.05
26.723,26.263
23.764,23.671
26.121,25.989
26.922,24.475
23.663,23.312
24.796,23.649
25.91,25.475
26.403,25.016
23.078,21.575
20.47,19.914
22.464,21.622
26.541,26.431
24.239,23.014
26.234,24.444
22.093,21.151
26.658,26.303
24.543,23.775
26.851,26.563
26.58,26.293
26.353,25.964
26.516,25.349
24.97,24.473
17.665,17.476
26.373,24.778
25.966,25.045
26.457,26.284
24.316,22.351
18.593,17.176
25.277,24.897
26.248,25.075
26.392,25.783
22.458,21.563
24.57,24.336
23.911,23.341
22.559,22.156
21.571,20.508
19.697,19.019
20.012,19.097
23.89,22.46
26.89,26.513
26.562,25.224
23.513,23.156
25.036,24.408
26.086,25.505
26.128,24.904
15.087,14.835
23.561,23.695
23.922,22.897
24.179,24.111
24.828,24.488
25.939,24.969
24.666,23.538
23.675,21.9
24.958,22.789
24.754,24.337
25.386,24.899
26.147,25.155
25.862,25.47
16.164,16.042
24.329,24.246
26.376,25.991
17.507,17.171
26.519,25.914
23.248,22.345
25.982,25.515
19.556,19.442
25.783,25.525
24.173,23.777
24.585,24.314
24.333,23.82
25.737,25.647
24.601,24.434
23.59,22.128
25.625,25.02
23.904,23.791
24.258,24.164
25.883,23.715
26.63,25.766
25.86,25.146
24.365,23.964
23.476,22.967
21.823,21.374
24.419,23.514
24.834,24.296
25.949,25.444
24.284,22.605
21.416,21.313
26.049,25.492
26.769,26.45
21.66,20.648
15.453,15.342
23.604,23.258
26.184,23.793
26.962,26.384
15.537,15.356
23.56,21.861
26.92,26.144
25.629,25.277
20.878,20.642
23.205,21.837
26.205,25.872
22.741,22.438
24.432,24.101
26.383,25.919
20.325,19.119
22.796,22.444
26.342,26.227
18.856,18.601
25.89,25.734
23.245,22.681
26.95,26.569
26.978,26.659
26.105,25.479
25.844,25.08
18.914,18.668
18.096,17.925
26.289,25.848
24.842,24.734
16.82,16.696
22.64,22.529
21.457,21.352
23.828,23.371
23.023,22.654
25.212,23.741
24.654,22.042
24.669,24.15
26.32,26.198
26.349,26.105
24.844,24.614
22.082,20.773
19.873,19.523
26.923,26.72
26.733,26.144
23.922,23.77
21.174,20.393
26.508,26.3
25.362,25.007
25.607,24.291
22.779,22.357
26.776,24.294
24.802,22.624
22.933,20.908
24.874,24.421
22.795,22.599
26.522,26.023
25.954,25.847
25.144,24.712
26.75,26.338
21.721,21.525
26.114,25.583
25.216,24.221
26.893,26.415
25.21,24.902
23.77,23.169
19.64,19.224
22.419,22.318
25.314,25.17
25.698,25.605
24.084,23.505
17.154,16.938
23.725,22.453
20.036,18.648
24.472,24.312
26.362,25.932
13.676,13.586
24.26,23.885
25.302,25.065
26.227,25.943
25.223,25.066
23.422,21.713
22.798,22.455
25.795,25.264
24.131,23.956
26.47,25.829
24.318,23.484
24.201,23.967
23.106,22.585
25.294,24.887
25.836,25.134
16.669,15.814
24.595,23.967
25.483,25.129
24.86,24.427
24.545,24.172
22.991,21.709
25.788,25.606
24.764,24.292
22.75,22.558
26.042,25.939
20.595,19.383
25.527,24.175
24.66,24.494
23.481,21.966
20.319,20.254
26.555,26.36
24.974,24.651
26.565,25.437
26.999,26.411
24.247,23.67
25.047,24.648
25.284,24.733
25.794,25.227
22.969,22.824
23.633,21.617
24.303,24.114
23.364,21.226
24.584,23.98
25.69,25.454
13.947,13.702
19.856,19.514
25.478,24.993
21.572,21.475
21.701,20.926
26.931,26.592
9.738,9.466
24.071,23.905
26.365,25.853
25.72,25.595
19.247,19.179
24.113,23.344
26.62,26.131
26.79,24.677
25.141,22.769
12.534,11.881
23.429,23.369
22.551,22.044
25.607,25.152
18.246,18.378
22.075,21.479
26.974,26.574
25.146,24.551
22.921,21.969
21.015,20.926
25.696,23.497
25.025,24.506
26.107,25.554
26.556,26.045
26.634,26.195
26.282,25.859
24.985,24.51
26.392,26.045
23.097,22.99
20.934,20.265
26.735,25.282
26.227,25.907
20.385,19.649
23.746,23.445
26.33,26.065
25.539,25.328
26.901,26.596
25.606,25.3
26.006,25.479
24.991,24.43
25.914,25.769
21.239,21.082
15.33,15.131
26.278,25.508
26.821,26.436
22.39,22.246
26.101,25.639
26.015,25.555
22.119,21.985
23.707,22.157
26.495,25.983
23.15,22.643
26.363,26.229
26.4,26.011
23.571,22.506
22.935,21.173
23.159,23.082
21.855,21.293
23.589,23.44
25.381,25.074
25.252,24.766
25.149,24.183
26.916,26.47
25.92,25.737
20.685,20.332
24.234,23.299
25.009,24.593
19.364,18.403
21.553,21.28
15.734,15.499
25.899,25.687
26.218,25.471
26.49,26.054
25.569,24.955
25.333,24.871
25.66,25.573
25.768,25.144
22.157,21.932
22.772,22.395
26.197,25.559
23.833,23.697
25.894,25.41
26.771,26.321
23.432,22.626
25.989,25.622
19.011,18.919
22.991,22.191
23.496,22.011
26.468,26.197
25.724,25.576
18.745,18.525
19.835,19.765
24.071,23.424
25.98,24.547
25.482,25.023
21.585,21.294
25.963,25.663
26.364,26.148
25.787,25.169
24.346,24.256
21.868,19.985
26.636,26.092
22.76,22.342
20.467,19.455
26.091,25.955
21.828,19.835
25.093,24.447
22.374,22.025
22.186,20.844
25.712,25.357
26.312,25.789
26.078,25.876
25.136,24.662
16.726,16.316
19.823,19.557
25.926,25.258
24.369,24.225
26.174,25.999
21.437,21.025
22.927,21.982
22.217,21.717
21.757,21.411
26.58,26.026
18.782,18.106
26.193,24.378
26.551,26.108
26.747,26.333
23.625,23.255
24.063,23.661
24.342,23.759
25.175,24.722
20.488,19.229
24.32,24.068
25.662,25.144
23.055,22.08
22.592,22.478
23.601,23.103
23.466,23.372
20.273,19.988
24.914,24.393
23.769,23.652
26.085,25.333
24.172,23.66
26.956,26.378
26.412,23.953
23.116,22.846
26.495,25.988
24.516,23.792
19.295,19.126
24.365,23.845
23.761,22.408
22.63,22.539
25.109,24.464
26.658,26.204
26.881,26.727
20.539,20.314
21.646,20.5
24.416,23.927
17.642,17.527
24.145,23.697
26.273,26.107
26.801,24.126
26.735,26.274
23.196,21.784
26.895,26.59
23.681,23.377
26.255,25.864
18.797,18.697
26.474,24.767
22.729,22.344
26.706,26.25
24.286,23.749
22.666,21.705
22.239,21.797
21.656,21.295
23.0,22.511
23.1,22.95
25.284,25.094
23.516,23.398
19.436,19.316
26.418,26.221
23.75,23.287
24.825,24.262
25.816,25.368
24.635,24.354
26.998,26.45
23.748,23.323
25.581,25.157
23.888,23.482
25.851,25.399
22.435,21.242
25.573,25.359
22.411,20.809
24.101,23.887
25.893,25.243
26.572,25.797
25.079,24.468
26.61,25.815
24.606,22.909
24.337,23.676
21.507,21.37
22.394,22.276
26.024,25.605
19.231,19.111
25.425,23.637
26.603,25.505
24.806,24.407
16.788,16.481
26.536,25.397
25.058,22.89
17.322,17.169
20.041,19.187
24.889,24.721
25.186,24.775
19.759,19.502
23.322,21.835
24.807,23.472
26.804,25.703
24.557,23.934
25.773,25.202
25.649,25.195
26.78,26.229
25.764,24.637
26.617,26.278
25.644,24.311
26.305,25.635
26.387,25.731
23.901,23.237
25.638,25.389
24.39,24.138
22.922,20.742
22.079,21.216
16.778,16.665
18.99,18.884
20.874,20.727
26.604,26.488
23.717,23.598
25.941,25.666
23.786,23.285
21.028,20.066
23.967,23.074
24.193,23.731
22.22,21.274
26.039,25.491
25.451,25.131
19.34,19.067
18.922,18.848
23.648,23.088
22.559,21.573
26.0,25.59
23.007,22.051
26.084,25.657
24.801,24.278
25.167,24.826
26.604,26.062
22.777,22.686
26.887,26.54
25.355,23.189
23.611,22.122
19.726,19.485
22.261,22.027
23.967,23.623
24.48,24.373
26.54,25.633
26.456,26.232
21.932,20.896
13.053,12.765
25.025,22.912
24.55,24.291
25.819,25.257
21.095,20.497
24.903,24.652
22.832,21.457
24.617,24.268
24.743,24.596
25.182,24.728
22.764,22.493
18.527,17.793
25.974,25.302
23.587,23.198
20.746,20.614
19.356,19.152
26.113,25.658
23.165,22.682
26.785,26.366
26.542,26.034
24.922,24.484
24.659,24.522
23.176,22.785
24.463,24.311
26.36,25.795
23.463,22.97
26.918,25.903
17.106,17.019
25.129,24.752
25.018,24.518
26.817,26.029
25.178,25.081
20.841,20.61
25.13,24.135
26.296,26.171
26.519,26.008
24.193,23.88
26.675,26.247
26.116,24.186
25.366,23.171
25.221,24.717
25.267,24.472
26.22,25.932
24.607,24.386
23.878,23.117
22.816,21.505
26.169,25.714
26.865,26.416
18.925,18.861
15.877,15.654
23.028,21.515
26.574,25.999
24.626,24.142
23.154,22.49
23.898,23.484
22.809,22.524
24.477,24.07
18.276,18.059
26.45,26.009
24.233,23.837
22.313,21.2
24.483,24.369
19.738,19.065
20.379,19.753
25.532,25.056
22.592,22.193
24.831,23.0
23.791,22.949
21.72,21.594
26.137,25.78
25.527,25.028
26.305,25.921
24.781,23.93
17.043,16.92
25.434,25.13
26.097,25.899
26.954,26.42
26.995,26.78
21.756,21.687
22.758,22.575
23.396,23.01
24.019,23.821
26.054,25.348
19.974,19.763
25.2,23.024
22.694,22.412
20.326,19.849
16.156,15.806
24.925,23.774
21.559,20.262
26.639,26.232
24.021,23.75
26.28,25.882
23.986,22.95
24.329,23.935
23.02,22.847
26.649,26.18
17.686,17.356
26.159,25.561
26.328,26.218
25.866,25.298
22.059,21.219
23.012,22.041
23.295,23.071
26.99,26.449
23.902,23.429
20.446,20.196
26.799,26.233
22.788,22.685
22.677,22.316
24.741,24.2
24.295,23.972
25.342,23.138
23.077,22.919
25.601,25.191
23.184,22.309
25.896,24.977
26.785,26.562
25.703,25.249
26.887,26.29
26.519,26.378
21.325,20.518
24.426,24.079
26.405,25.962
24.922,24.546
20.023,18.954
25.215,23.399
23.109,22.99
19.868,19.736
19.193,19.075
21.997,20.816
22.406,21.935
23.489,21.727
26.467,26.26
25.008,24.735
23.704,22.681
26.013,25.737
24.782,24.206
23.555,22.106
24.83,24.26
24.796,24.363
23.917,23.455
25.935,25.323
26.442,26.246
23.178,22.205
24.561,23.976
22.201,20.811
24.966,23.124
24.958,24.848
26.287,25.913
23.36,22.994
26.666,25.999
22.97,22.873
26.906,26.521
26.692,26.562
26.177,26.221
26.559,23.926
26.945,26.219
24.313,24.039
25.026,24.461
23.603,23.483
17.13,16.666
24.148,22.228
24.793,24.657
14.656,14.534
23.882,23.779
20.126,19.784
26.87,26.428
26.437,26.079
19.028,18.624
22.754,22.433
26.204,25.71
23.509,21.446
17.808,17.654
24.055,23.929
23.788,22.345
26.652,26.255
26.659,26.289
24.744,24.264
26.242,26.102
21.961,21.734
23.26,21.804
24.325,23.932
26.264,25.735
19.372,19.074
25.616,24.524
23.833,23.555
25.678,25.536
24.514,24.393
25.469,23.925
23.828,23.554
26.665,26.342
25.61,25.243
24.898,24.542
21.444,21.342
22.102,20.558
20.408,19.613
25.663,25.304
18.548,18.264
18.837,18.303
24.918,24.793
26.781,26.355
26.76,26.608
23.503,22.768
24.579,24.516
23.292,23.131
22.244,22.012
23.775,22.507
26.537,25.29
23.864,22.969
23.062,21.637
24.846,24.416
25.598,23.238
24.389,23.219
25.417,24.693
20.109,18.952
25.741,25.197
22.97,21.696
24.51,23.353
23.196,21.971
19.861,18.961
25.769,24.451
24.257,24.139
25.661,25.163
21.018,19.509
25.568,23.843
26.108,25.688
22.678,20.638
25.29,25.065
26.223,25.943
20.853,19.703
18.895,18.159
25.348,23.38
22.683,20.891
25.4,23.718
23.888,23.409
24.796,24.218
26.849,26.417
26.097,25.577
23.248,23.072
23.75,23.666
26.485,25.772
25.943,25.452
23.753,23.623
25.61,25.356
23.209,21.38
26.955,26.199
26.804,26.459
25.034,24.947
26.355,25.773
22.928,22.601
26.009,25.274
24.875,24.333
26.781,24.574
26.636,26.359
25.268,24.496
24.596,23.314
20.689,20.379
26.663,26.161
26.279,25.768
26.652,25.568
26.526,25.963
26.528,25.867
21.064,21.011
25.184,23.746
26.235,25.762
24.027,23.94
20.09,19.361
26.122,25.437
25.67,25.549
23.844,23.555
26.033,24.559
24.566,24.055
26.164,25.672
25.37,25.05
26.618,26.396
17.653,17.122
23.462,22.133
19.371,19.212
22.604,21.719
24.167,23.078
22.332,20.793
24.661,24.221
25.287,22.833
23.004,21.658
26.571,26.19
25.392,24.844
26.109,25.556
22.694,22.378
20.544,20.391
26.986,26.362
23.171,21.876
25.887,25.422
23.677,22.751
26.488,26.216
24.655,24.178
22.847,22.396
24.535,24.217
19.944,19.522
24.847,24.615
24.008,23.537
25.872,25.509
23.086,23.029
25.997,25.485
22.19,22.106
24.956,23.591
22.482,20.708
26.158,25.748
19.808,19.711
26.244,25.962
25.95,25.575
24.644,24.568
23.417,23.076
22.577,22.405
25.706,24.954
26.735,26.338
26.872,26.38
21.12,20.818
24.563,23.054
25.687,25.593
23.505,21.403
26.651,26.15
26.618,26.403
25.139,24.411
24.791,24.322
26.599,24.81
21.468,19.668
19.082,17.462
23.346,22.86
26.683,25.738
25.677,24.27
21.04,20.415
23.856,23.568
24.889,24.485
25.437,24.971
24.52,24.433
23.741,23.492
26.014,25.893
26.801,26.613
25.011,24.854
25.227,24.655
24.759,24.301
26.19,25.961
24.719,24.304
24.812,24.287
23.778,23.269
25.485,25.079
26.12,25.303
23.813,22.94
24.175,23.08
23.602,23.272
24.716,24.313
26.505,26.054
20.104,19.532
22.924,21.851
25.26,24.695
26.263,26.138
20.156,19.409
24.719,24.219
22.378,21.335
24.603,23.078
26.151,25.714
22.935,22.357
23.483,21.757
26.771,25.835
26.159,23.984
26.447,26.303
26.96,26.495
25.186,24.668
24.18,23.976
23.728,23.493
19.121,18.983
20.051,18.762
23.328,22.806
26.219,25.819
26.111,25.907
24.284,24.186
25.703,25.209
26.421,25.993
23.578,22.849
26.892,26.384
21.843,21.73
26.283,25.561
25.933,25.797
26.775,26.593
26.556,26.064
26.436,24.397
26.034,23.535
26.854,26.387
25.271,24.717
21.337,20.394
24.179,23.759
23.843,23.473
21.534,21.443
24.935,24.45
25.291,24.605
23.623,23.427
24.415,23.932
23.712,23.565
25.927,25.28
26.626,25.9
25.061,24.294
26.472,26.022
22.915,21.588
24.934,24.332
21.789,20.936
23.443,22.536
26.417,25.342
21.344,21.285
25.245,24.805
18.411,18.27
24.028,23.713
21.988,21.07
26.161,25.767
26.966,26.425
26.841,25.675
26.538,26.403
23.286,22.774
20.429,19.356
26.515,25.868
25.573,25.056
25.018,24.692
25.357,24.412
19.648,19.022
22.334,22.129
25.993,25.876
25.349,24.172
22.83,22.39
23.772,22.765
26.979,26.369
25.927,25.455
26.803,26.287
26.944,26.4
13.115,12.723
13.636,13.532
25.025,24.444
22.657,22.343
25.806,25.619
24.116,24.029
20.779,20.694
23.585,23.11
25.793,25.394
21.1,20.885
15.241,14.962
26.929,26.487
23.983,23.647
20.452,20.388
25.402,25.326
24.159,22.421
26.455,24.098
25.214,24.718
25.332,25.209
25.2,25.012
22.721,21.227
22.253,21.818
25.342,23.276
25.825,25.578
23.982,22.313
24.188,23.729
25.703,25.351
24.789,24.509
24.149,23.927
24.194,23.83
25.14,25.069
25.943,25.438
24.406,23.441
24.274,24.237
25.706,25.529
25.183,23.27
26.181,26.056
23.039,22.921
26.442,25.635
26.077,25.514
26.356,25.844
25.718,25.351
16.693,16.32
16.984,16.747
15.132,14.926
15.184,15.022
23.343,23.135
24.876,24.29
24.525,24.081
21.589,21.113
26.43,25.887
24.648,24.555
26.174,25.709
23.763,22.438
26.531,23.928
23.033,21.643
25.562,25.232
25.378,25.164
23.212,22.132
23.325,22.665
26.105,25.758
26.304,25.082
25.454,25.142
26.24,25.418
25.155,24.695
25.078,24.596
24.382,23.223
22.435,22.142
24.019,22.926
26.961,26.649
26.062,25.597
23.09,22.956
20.315,19.693
26.302,25.231
23.574,21.465
19.459,19.311
24.555,23.959
21.551,21.383
26.813,26.43
24.33,23.856
23.252,21.962
19.537,18.484
26.285,26.099
26.932,24.346
22.233,20.557
26.435,26.109
17.655,17.437
23.43,22.911
25.584,25.416
24.324,23.901
25.47,25.346
25.614,25.23
22.531,21.493
26.882,26.511
25.031,24.871
23.756,23.251
26.633,26.145
26.962,26.555
21.387,21.236
26.078,25.888
21.676,21.424
23.342,23.046
25.901,24.64
20.705,19.323
24.725,24.273
22.575,22.384
26.987,25.648
24.219,22.364
25.042,24.532
25.649,24.705
25.84,25.525
17.838,17.62
25.467,24.898
22.368,21.433
23.786,22.917
26.18,26.035
24.991,24.14
26.719,24.364
19.19,18.828
24.19,23.193
18.668,17.83
25.185,22.513
23.854,23.752
26.12,25.846
24.214,23.532
17.773,17.53
20.985,20.546
21.728,21.412
25.592,25.396
22.881,22.759
25.787,25.453
24.633,22.636
24.079,23.99
26.535,26.381
22.025,21.642
23.388,21.678
26.012,25.417
21.102,20.629
24.692,24.43
23.882,23.573
18.779,18.578
25.944,25.232
25.87,25.416
24.891,23.875
23.193,22.681
23.519,23.194
25.632,23.268
25.613,25.505
17.788,17.669
23.844,23.437
24.473,24.235
26.91,26.223
17.584,17.282
22.331,22.257
26.24,26.125
26.205,25.744
26.095,25.861
23.111,22.176
23.141,22.737
26.214,25.704
22.182,21.738
25.357,22.747
23.512,23.258
26.888,26.351
25.096,24.647
26.77,26.291
26.794,26.38
26.61,24.228
16.154,15.98
23.152,22.982
25.424,25.039
26.978,26.056
22.376,21.83
26.434,26.29
25.315,22.75
17.993,17.83
25.428,24.461
23.367,22.632
23.893,22.025
20.747,19.639
24.505,24.062
21.914,21.71
25.258,25.034
26.787,26.551
26.197,25.679
23.793,23.492
12.604,12.517
25.17,24.71
26.113,24.022
24.859,24.568
25.065,24.628
22.476,22.124
25.851,25.59
24.535,24.209
26.296,25.963
17.354,17.216
26.168,25.877
21.726,21.037
24.339,23.785
18.696,18.537
25.344,23.459
23.643,23.353
24.202,23.838
26.168,25.947
19.32,17.919
17.799,17.094
16.877,15.636
21.59,21.521
23.452,22.95
26.43,25.813
20.074,18.678
25.085,24.654
26.276,25.781
26.528,25.985
21.756,20.232
25.093,23.549
25.881,25.55
26.805,26.172
26.844,26.37
17.068,16.585
24.46,23.286
24.875,24.624
19.558,19.44
25.149,23.286
25.856,25.584
26.364,25.933
25.023,24.754
25.085,24.57
14.535,14.19
25.39,23.393
25.027,24.425
26.399,25.903
25.716,25.095
26.513,25.578
25.893,25.485
19.032,18.841
24.843,24.514
23.417,23.117
21.095,19.771
24.814,22.711
26.821,26.377
23.014,22.643
26.434,25.905
25.188,23.785
24.244,23.896
22.201,20.682
15.794,15.639
23.918,23.449
23.527,22.464
26.01,24.422
25.851,25.204
23.139,22.489
24.398,22.2
22.584,21.511
26.902,26.475
25.778,25.669
25.497,25.285
22.285,21.571
25.491,25.366
24.295,23.184
25.503,25.001
17.972,16.637
26.061,25.527
23.654,22.811
25.994,25.233
25.891,25.393
21.229,19.988
26.945,26.45
24.249,24.189
25.477,24.888
26.896,26.656
26.645,26.28
22.773,22.715
20.304,19.446
22.402,21.221
22.194,21.632
26.004,24.502
24.449,24.214
24.136,24.015
21.957,21.599
25.087,24.372
25.133,24.964
22.051,19.707
23.882,23.652
22.459,20.937
25.74,25.229
24.877,24.826
22.87,22.766
21.925,21.396
24.984,24.915
16.4,16.251
24.114,23.941
18.351,17.924
21.418,20.614
26.134,25.97
20.559,19.646
20.865,20.761
26.965,26.551
25.212,24.672
23.311,22.322
26.231,25.83
23.586,22.199
24.853,24.545
26.864,26.704
24.624,24.28
24.026,22.797
20.932,20.657
22.795,22.262
22.391,21.074
25.701,25.178
26.722,26.299
24.823,24.44
25.193,23.151
25.72,25.099
20.67,20.495
25.383,25.268
25.831,25.292
23.224,22.846
18.78,18.365
24.508,22.42
26.495,26.123
25.812,25.622
21.986,21.574
21.563,21.358
24.639,24.281
24.386,24.251
25.006,23.947
22.263,21.835
26.724,25.997
13.091,12.966
23.659,23.262
24.727,24.596
23.907,23.804
24.708,24.719
23.673,23.62
25.909,25.744
23.352,22.927
24.674,24.568
24.815,24.474
26.238,25.654
23.026,22.79
23.956,23.455
24.432,24.104
26.93,26.507
25.152,22.977
26.189,25.424
26.885,25.778
23.209,22.773
26.543,26.129
24.611,24.072
25.92,25.45
20.029,19.471
24.32,24.181
26.88,26.662
22.97,21.766
23.1,22.678
22.671,21.45
25.873,25.602
25.386,24.655
23.429,21.868
25.353,24.896
24.423,23.933
23.432,21.84
24.287,24.077
25.466,25.209
26.528,26.15
22.589,21.313
24.055,22.73
21.985,21.865
26.289,25.779
26.883,26.553
21.868,20.927
26.745,26.237
25.624,24.838
24.558,22.572
26.767,26.541
21.119,19.879
22.137,21.53
23.732,23.633
25.415,25.038
25.397,24.934
11.318,11.208
24.917,24.443
25.829,25.386
26.012,25.737
24.037,23.53
19.891,18.66
24.873,24.794
25.911,25.409
26.138,25.541
23.947,23.53
17.656,16.514
24.807,24.544
25.422,24.749
21.364,21.198
26.247,25.994
21.364,20.611
24.788,24.405
26.325,24.731
19.246,18.463
26.604,26.099
26.668,26.454
12.024,11.959
26.147,25.666
25.718,25.287
26.871,25.358
20.764,19.677
25.659,25.34
24.785,23.528
23.689,23.417
26.646,25.863
25.42,25.143
24.677,23.915
26.747,26.225
24.598,24.019
17.71,17.319
24.872,23.152
23.433,23.331
25.055,24.682
26.064,25.898
21.013,20.85
26.344,25.949
25.412,25.047
14.756,13.743
26.411,25.996
22.246,21.582
23.551,23.489
20.397,18.875
26.407,26.048
22.491,20.763
25.278,25.052
20.999,20.896
22.431,22.623
25.344,24.863
24.138,23.845
25.043,24.642
24.949,23.235
26.147,25.746
22.501,22.33
26.965,25.04
24.54,24.024
25.172,24.652
25.969,25.51
25.166,24.688
24.584,23.931
22.945,22.085
26.37,26.259
20.93,20.581
26.894,26.562
26.792,26.234
20.976,20.735
25.181,25.08
25.01,22.783
24.888,24.539
25.012,24.543
21.693,21.629
25.49,24.978
23.995,23.557
26.948,26.414
20.764,20.724
26.662,26.001
20.876,19.398
24.644,24.461
22.899,20.753
19.277,18.226
25.464,24.793
25.803,23.578
24.206,23.138
25.64,25.128
23.981,23.875
25.669,25.244
25.577,25.385
19.244,17.928
26.637,26.44
22.212,20.846
25.077,24.641
26.805,25.82
24.902,23.991
26.154,25.496
24.96,24.553
19.286,19.042
20.575,20.437
24.261,23.885
19.153,18.488
26.508,25.914
18.949,17.795
24.6,24.004
26.907,26.458
22.888,22.414
21.77,20.802
24.35,24.127
26.809,26.644
26.618,26.167
22.27,21.378
25.974,25.592
26.303,25.994
25.336,24.728
23.341,21.609
25.015,23.712
25.256,23.29
25.829,25.245
24.207,23.967
24.803,24.308
24.51,24.437
23.717,23.532
25.712,25.454
22.454,21.548
21.295,19.943
26.513,26.131
26.791,26.296
26.426,24.444
23.346,22.61
25.196,22.882
19.114,18.861
26.903,26.275
24.661,23.448
24.681,24.411
16.868,16.438
24.505,24.35
23.188,21.437
25.845,25.383
23.301,22.84
22.27,21.319
25.552,25.154
25.583,23.538
22.439,22.064
25.572,24.988
23.874,21.946
26.045,25.966
17.966,17.736
26.384,25.745
26.874,26.255
20.242,20.161
20.119,19.509
23.196,22.789
26.232,25.962
15.714,15.561
25.964,25.577
20.181,19.346
26.073,25.709
20.141,19.118
25.599,24.488
22.563,22.439
25.93,25.447
23.47,23.097
26.288,25.866
22.736,22.381
24.294,23.886
18.478,17.119
24.39,22.659
26.035,25.877
21.816,20.683
24.053,23.441
25.377,24.944
26.807,26.236
21.167,19.401
25.627,25.262
26.255,25.798
26.944,25.557
25.022,23.77
25.058,24.723
24.282,24.071
26.701,26.293
26.735,25.496
25.288,24.754
22.494,20.864
26.55,25.322
26.472,26.181
25.852,25.195
23.292,22.977
24.64,23.11
23.211,21.977
23.885,23.268
26.372,25.592
23.869,23.046
25.995,25.521
24.217,23.894
26.183,25.626
26.337,25.813
26.568,26.433
23.681,21.708
26.099,25.135
22.17,22.102
23.512,22.431
25.903,25.409
26.905,26.482
25.684,25.286
20.954,19.259
22.785,22.204
23.535,22.147
24.9,24.754
23.224,23.149
25.05,24.839
25.834,25.459
26.487,25.856
25.158,24.882
25.0,24.605
24.858,24.6
26.109,25.383
23.559,22.305
23.041,22.944
25.794,25.2
25.161,25.061
21.419,19.624
26.677,26.161
26.297,25.58
26.92,26.688
25.645,25.547
21.26,21.006
25.81,25.69
10.572,10.271
18.146,16.98
17.455,17.102
25.957,25.572
22.063,21.722
26.077,25.572
21.394,21.266
24.492,24.406
23.889,23.463
23.623,22.224
25.672,25.236
26.114,25.875
23.023,22.068
25.262,22.719
26.877,26.435
23.377,22.979
25.658,25.163
22.551,20.706
25.293,24.629
23.226,22.933
26.887,26.491
24.82,23.033
23.923,23.404
26.416,26.034
25.493,23.373
20.944,20.326
24.459,24.243
24.36,23.923
26.615,26.03
23.57,23.047
26.323,24.668
24.726,24.402
26.653,24.344
23.985,22.36
26.149,26.042
26.431,25.896
24.585,22.984
25.317,24.932
26.618,26.217
25.626,25.23
26.313,25.72
26.337,26.029
22.597,20.906
26.503,26.278
22.399,22.295
23.297,22.905
22.556,21.491
25.758,25.567
21.687,21.612
25.734,25.546
23.336,22.859
23.597,22.175
22.401,21.913
26.24,25.806
26.525,26.056
24.472,24.069
24.336,23.958
24.462,24.302
24.396,23.999
26.398,25.873
24.216,24.044
23.546,23.316
21.831,21.234
26.783,26.319
24.237,23.784
23.617,23.345
24.806,24.206
21.842,21.785
25.181,24.597
24.201,23.868
24.902,24.669
26.839,26.368
25.638,25.195
25.937,25.823
26.404,25.175
25.557,25.424
26.221,26.102
18.387,18.271
26.67,26.11
22.687,22.52
16.397,16.147
25.443,25.117
25.702,23.536
21.805,20.611
21.972,20.359
19.529,19.671
23.279,23.053
20.489,20.385
23.469,22.801
22.138,21.31
18.854,18.655
26.969,25.647
26.207,24.686
25.956,25.412
22.816,21.029
25.923,25.654
22.215,20.335
24.476,24.404
25.111,24.713
18.073,17.997
23.167,21.926
26.858,26.335
25.33,24.678
21.129,20.441
26.434,25.982
25.596,24.974
25.463,23.988
23.378,23.224
25.363,25.151
24.972,24.6
25.835,25.173
25.576,25.102
26.684,26.419
16.731,16.001
23.233,23.14
26.641,26.161
24.55,24.126
20.72,20.324
23.091,21.398
24.136,22.277
23.198,23.065
24.631,24.226
25.535,24.931
21.907,21.746
24.365,22.707
26.94,26.474
26.74,26.534
9.779,9.433
26.282,26.128
21.254,20.023
22.305,21.072
18.511,18.28
23.459,23.222
26.958,26.582
25.919,25.432
23.209,21.771
23.707,23.539
26.839,26.669
26.12,23.847
22.418,22.145
24.634,23.732
25.458,25.111
26.577,23.9
25.59,25.159
25.212,24.626
15.335,15.239
21.031,20.816
23.971,23.617
26.231,25.807
26.959,26.492
26.445,25.146
24.345,24.282
26.054,25.635
24.538,24.158
26.273,24.557
26.73,26.332
26.242,25.633
19.38,18.183
25.474,24.721
25.017,24.529
24.452,24.067
23.709,23.443
24.663,24.252
23.13,22.978
23.609,23.054
25.682,25.478
26.546,26.104
26.517,25.541
25.683,25.539
24.813,24.28
24.787,24.409
24.706,24.135
26.017,25.76
26.842,25.186
26.828,26.359
26.995,26.501
14.56,14.419
24.502,24.303
25.3,24.29
25.54,25.144
25.89,25.334
17.006,16.951
26.534,26.387
26.648,25.86
18.548,17.848
24.93,24.185
22.748,21.226
24.425,23.788
26.673,24.376
26.944,26.467
19.042,17.997
26.806,26.357
25.142,24.02
21.526,20.565
23.49,23.377
26.505,25.881
25.427,25.29
26.536,25.805
26.622,24.723
24.627,24.708
26.915,26.021
21.778,21.583
23.294,23.006
22.557,21.868
25.497,25.026
24.205,23.743
20.718,19.748
25.504,25.202
25.327,25.093
24.265,23.893
26.789,25.893
22.127,20.46
24.808,24.445
20.523,19.872
22.921,22.788
18.748,18.615
23.325,22.536
21.065,20.938
20.869,20.669
25.296,23.985
20.027,18.934
21.427,20.613
25.277,24.504
23.549,22.723
24.716,24.258
18.971,18.678
24.365,23.965
25.245,24.802
26.892,24.914
25.096,24.981
23.467,23.282
22.28,20.356
25.9,25.692
26.719,26.216
26.059,25.587
20.162,19.131
26.572,26.203
21.658,19.478
18.83,18.674
24.361,22.169
26.887,24.353
21.114,19.71
26.19,25.936
26.213,25.624
14.369,14.245
20.676,19.98
24.345,23.634
21.898,20.999
22.582,21.749
24.766,24.634
26.083,25.603
26.91,26.24
22.953,22.814
21.2,21.121
22.049,21.87
23.284,23.127
25.406,25.156
25.417,25.139
25.322,24.901
24.088,23.229
21.35,20.703
24.439,24.223
26.384,25.861
22.075,20.858
22.285,22.041
26.997,26.579
23.495,22.15
22.653,22.37
24.228,23.871
26.099,25.808
24.169,22.117
25.588,23.984
26.271,23.77
16.114,15.926
22.877,22.601
21.612,21.078
23.601,23.539
23.786,22.402
23.847,23.387
20.714,19.565
20.593,20.487
26.858,26.525
26.28,23.785
24.738,24.489
26.005,25.561
26.275,23.907
23.672,23.295
24.753,24.565
24.54,24.058
26.905,26.212
24.961,24.78
23.642,23.256
25.801,25.241
19.501,19.027
17.535,17.109
24.117,23.156
25.819,25.085
21.947,21.579
21.808,21.511
24.367,23.927
24.945,24.601
20.845,20.689
25.905,25.773
26.816,26.606
24.014,23.904
26.098,26.008
25.19,24.821
24.897,24.467
26.248,25.671
23.784,23.697
26.445,26.003
25.302,25.12
24.046,23.775
26.008,25.822
25.952,25.492
24.119,22.354
25.548,25.151
23.793,22.588
20.559,19.658
23.339,23.172
23.545,22.855
23.26,22.846
15.044,14.924
24.323,24.084
26.047,25.446
22.289,21.16
19.138,18.92
25.613,25.179
25.737,25.227
21.956,21.647
26.732,26.529
24.315,24.073
16.73,16.51
25.803,25.369
25.166,24.67
24.594,24.198
19.144,19.067
24.746,22.935
25.589,25.273
25.453,25.138
24.581,24.272
26.32,25.92
24.834,24.512
24.972,24.609
22.409,22.285
25.982,25.583
22.997,22.541
23.288,23.189
24.332,23.843
25.502,25.213
22.916,22.471
26.882,26.505
21.152,20.804
26.976,26.491
25.471,24.247
26.904,26.542
21.11,20.376
24.697,24.43
26.043,24.336
26.731,25.18
24.712,24.539
21.757,21.588
23.594,23.434
26.262,25.74
24.311,24.214
21.323,21.23
26.216,24.888
21.689,21.614
24.172,23.823
23.826,23.312
24.901,24.45
26.655,24.85
22.999,20.91
20.746,20.374
24.914,24.68
24.026,22.567
24.266,24.177
26.027,25.669
23.382,21.953
24.542,23.852
23.66,23.406
24.156,22.524
26.828,25.807
18.479,18.757
20.734,20.468
24.815,24.584
19.484,19.339
22.324,20.767
12.713,12.645
23.88,22.581
18.332,18.107
25.921,25.352
25.817,25.582
20.092,19.931
25.036,24.541
26.854,26.309
19.329,19.065
20.596,20.076
19.614,19.282
22.585,22.489
24.784,24.326
26.718,26.381
25.409,24.941
25.86,25.479
25.593,25.353
24.937,24.726
20.939,20.188
25.444,24.975
25.866,25.465
16.526,16.323
26.109,25.772
26.892,26.598
21.479,19.818
26.848,26.307
24.914,24.312
21.177,19.898
25.963,25.408
21.9,21.059
25.907,25.525
26.269,25.962
25.556,25.161
23.317,23.086
24.598,24.509
26.965,26.377
23.482,23.399
21.841,21.747
23.459,22.981
24.595,24.392
24.801,24.302
26.27,25.659
25.801,24.252
26.087,26.41
22.675,22.585
23.444,23.286
23.697,21.647
24.418,24.243
25.223,22.712
23.681,23.198
20.931,19.645
24.716,24.404
18.436,18.166
25.345,25.192
24.072,23.076
25.899,25.138
26.842,26.514
23.861,23.623
24.712,24.261
24.691,24.621
20.334,18.973
26.649,26.302
26.021,25.678
26.486,25.797
24.652,24.499
25.299,25.058
19.923,18.334
25.423,24.083
25.52,24.935
19.447,18.824
24.048,23.641
22.1,21.693
25.606,25.517
22.711,21.14
26.773,24.165
26.616,24.389
26.938,26.794
24.705,23.581
24.677,22.683
23.662,21.891
22.728,21.037
25.433,25.35
21.986,20.25
22.617,22.413
23.869,23.602
26.044,25.66
26.314,23.693
26.289,25.833
23.076,22.805
20.421,19.672
25.421,24.901
19.685,19.532
24.155,23.888
22.82,22.503
25.551,25.374
22.636,20.869
22.52,21.781
25.057,24.56
22.975,22.898
26.775,26.638
24.286,23.686
26.705,26.422
23.854,22.052
26.913,26.626
20.9,20.116
26.608,25.965
19.948,18.943
20.849,20.384
25.117,25.001
24.041,23.766
24.562,23.391
25.314,25.059
26.548,26.207
25.379,25.163
24.651,24.329
25.659,25.15
22.609,21.343
20.62,20.433
22.68,22.134
25.542,23.296
25.877,25.522
22.179,21.775
25.861,25.686
22.37,20.643
23.58,22.095
25.429,24.046
25.728,25.324
23.323,21.916
25.73,25.245
25.624,25.189
23.123,22.254
25.93,25.572
23.789,23.439
23.953,23.826
26.351,23.779
25.408,25.206
26.438,26.019
25.362,24.302
23.234,22.72
26.57,26.1
24.15,23.751
24.524,24.225
23.157,23.008
26.354,26.14
26.711,24.58
22.596,22.346
21.389,20.043
20.852,20.023
22.896,22.681
24.556,24.198
23.273,22.149
26.925,26.366
25.803,25.64
23.058,22.873
26.713,26.066
26.33,25.822
26.998,26.679
24.281,23.882
22.589,22.493
24.597,24.296
25.374,24.91
26.682,26.127
23.728,23.431
25.809,25.332
25.612,25.178
22.399,21.816
22.828,21.511
24.764,24.466
23.22,22.067
25.857,25.202
26.012,25.521
18.779,17.435
24.217,24.035
19.94,19.853
23.694,23.209
26.769,26.615
24.669,24.277
26.761,26.372
24.824,24.488
26.099,25.648
17.995,17.255
24.021,23.673
24.233,23.667
23.032,22.768
25.482,24.196
24.452,24.358
25.859,25.163
25.371,25.138
25.223,24.683
25.256,25.087
25.697,25.053
22.643,22.434
26.864,26.7
24.638,24.124
26.648,26.127
23.508,22.138
24.397,23.838
23.91,23.666
20.223,19.635
26.138,25.989
24.405,23.988
23.178,22.259
18.946,18.704
22.795,21.257
24.081,23.788
21.628,20.196
20.375,19.927
23.931,23.574
26.176,25.711
18.65,17.794
26.433,24.166
25.75,24.991
23.795,23.604
22.926,22.699
24.753,24.631
22.276,21.776
26.695,24.445
20.532,20.377
25.804,25.4
26.771,25.951
26.442,26.003
26.835,26.338
26.971,26.381
25.186,24.574
21.358,19.808
23.201,22.755
16.421,16.311
25.625,25.039
25.598,25.203
13.185,13.053
24.541,24.12
24.025,23.478
24.014,23.837
23.614,23.276
26.276,25.898
25.095,24.45
25.134,23.304
25.762,25.493
26.141,25.551
25.181,23.103
19.984,19.735
25.711,25.509
25.35,24.869
22.664,21.725
25.981,25.481
25.001,24.503
25.814,25.465
25.272,25.101
23.488,22.964
21.707,20.211
24.481,23.806
23.743,23.528
26.892,25.469
15.462,15.201
22.744,21.69
26.498,26.272
26.917,26.443
25.981,25.547
26.073,25.642
24.643,24.379
26.789,26.256
25.098,24.944
23.979,23.506
25.385,24.969
21.494,21.306
26.331,25.915
24.291,23.692
26.748,26.203
22.551,22.1
22.669,21.254
26.427,25.101
23.246,21.246
16.967,16.728
25.183,24.734
24.996,24.865
26.167,25.52
21.922,21.841
26.839,25.364
26.79,26.427
21.232,21.134
24.274,24.012
23.997,22.92
24.982,24.865
24.478,23.967
26.627,26.016
26.103,25.62
23.833,22.057
16.993,16.691
22.062,20.17
21.312,21.014
22.273,22.17
26.976,26.09
26.915,26.353
26.95,26.23
26.868,26.449
24.813,23.696
26.384,25.761
21.157,20.979
22.805,22.651
25.283,25.172
24.813,24.651
23.814,23.639
26.368,26.033
24.586,24.127
25.614,25.241
23.571,23.381
21.919,20.903
25.904,25.736
26.549,26.147
25.482,24.985
23.61,23.465
24.79,24.342
24.114,23.972
24.662,24.119
21.606,20.905
25.95,25.395
20.482,19.354
24.817,23.757
23.67,23.426
24.198,23.628
22.896,22.838
25.484,24.283
26.878,26.238
24.304,24.157
26.246,25.681
26.405,25.773
26.416,25.986
25.66,25.174
26.848,26.179
26.171,25.644
20.997,19.933
26.678,26.109
24.037,22.633
25.557,23.485
23.039,22.922
24.073,23.514
23.166,23.012
25.324,24.861
24.41,23.922
24.561,23.664
22.984,22.509
25.676,25.239
24.712,24.351
24.711,24.342
24.831,24.931
26.976,26.538
25.675,25.096
26.34,24.754
25.487,25.254
22.073,21.359
24.886,24.63
26.286,26.098
24.664,23.023
16.777,16.541
26.05,25.397
21.373,21.221
25.089,24.832
22.317,22.212
24.678,24.273
26.242,25.835
20.951,20.062
26.66,26.206
25.482,25.294
25.549,25.354
20.972,19.484
24.592,22.955
26.953,26.466
24.429,24.34
26.062,25.813
24.806,24.306
23.663,23.076
22.695,22.158
23.541,23.443
26.309,26.002
23.663,22.709
23.738,22.718
25.234,24.779
26.921,26.584
24.724,23.729
26.711,25.289
25.056,24.413
26.264,25.998
26.375,25.812
26.568,25.989
23.176,22.988
20.591,19.601
26.896,26.331
21.026,20.085
25.128,22.844
25.119,24.644
26.529,26.059
22.546,21.129
25.123,23.232
25.832,25.371
26.916,25.54
26.948,26.357
26.468,25.636
25.271,24.908
22.293,21.88
26.171,25.75
22.672,20.335
15.574,15.475
25.841,25.48
21.307,21.188
25.499,24.881
26.378,26.223
25.238,24.78
24.325,23.933
26.06,25.558
22.732,22.198
18.043,17.99
22.139,21.999
25.012,24.688
26.802,26.147
25.517,24.998
26.778,26.397
24.599,22.93
22.229,22.163
26.961,24.372
22.22,22.076
22.961,22.74
26.684,26.14
21.716,21.478
26.377,25.894
18.302,17.07
24.557,24.184
19.339,18.695
25.184,24.801
26.499,26.323
23.011,22.903
24.863,24.761
25.545,25.008
26.543,26.29
23.774,23.224
25.843,25.523
23.083,22.886
26.896,26.376
26.276,25.828
24.476,24.233
24.098,23.716
19.947,19.856
20.939,19.884
24.52,24.282
15.086,14.958
23.39,21.601
25.646,25.483
26.823,25.919
26.627,25.746
23.082,21.992
25.332,24.327
21.15,20.454
26.0,25.852
25.107,24.626
22.504,21.203
26.542,26.241
26.019,25.869
25.374,23.926
6.973,6.734
25.636,25.115
23.256,22.992
26.961,26.57
26.565,25.941
24.047,23.978
26.427,26.189
22.301,21.945
25.755,24.0
22.61,21.918
25.991,25.406
24.14,23.756
25.881,25.765
24.868,22.864
22.254,22.069
25.495,23.314
25.536,23.838
26.464,25.995
24.069,23.6
25.051,24.743
12.227,12.044
19.778,19.693
22.046,21.113
20.619,20.288
23.997,23.522
21.35,20.826
23.486,23.204
26.298,25.361
24.774,24.403
23.998,21.596
22.654,21.199
24.174,23.789
26.065,25.664
22.305,20.906
24.482,23.838
19.255,19.133
22.885,21.996
26.038,25.617
25.137,25.014
26.044,25.863
26.061,25.886
20.619,19.983
24.182,23.801
24.32,24.194
25.728,25.522
21.601,20.503
24.91,24.787
26.504,24.383
20.484,20.382
26.952,26.792
23.105,22.758
24.762,24.113
25.304,25.08
25.848,25.367
22.243,21.511
26.98,26.605
24.931,23.69
25.101,24.615
24.447,24.171
26.997,26.776
25.976,25.603
21.569,20.981
26.77,26.275
25.732,25.345
25.832,25.752
23.868,23.382
24.808,24.551
25.983,25.545
21.882,21.048
25.38,24.768
20.84,19.857
26.061,25.888
19.918,19.747
25.974,25.394
23.208,23.019
26.099,25.71
25.195,25.037
23.948,22.329
20.718,20.297
25.523,25.059
26.926,26.096
25.914,25.065
21.5,20.282
20.969,18.523
25.21,24.955
26.289,25.592
24.858,24.58
23.418,22.68
18.828,17.536
26.945,26.502
17.529,17.347
22.169,21.983
24.41,23.982
23.844,23.763
22.888,21.837
26.952,26.658
21.687,21.321
21.295,19.745
23.428,21.867
26.95,26.412
26.335,26.202
25.732,25.477
26.988,26.494
26.069,25.669
25.243,24.009
26.959,26.616
24.911,24.515
26.884,26.618
24.336,23.697
20.37,19.401
23.231,22.786
25.303,24.958
21.409,20.475
26.353,25.699
26.505,25.926
24.042,23.979
25.464,25.264
24.849,24.432
24.828,23.612
23.311,22.921
26.586,26.136
26.458,26.34
19.617,18.504
23.077,22.674
26.899,26.714
21.8,21.385
23.495,23.095
24.186,24.053
25.767,24.802
26.54,25.941
22.279,22.083
25.535,23.404
26.711,26.101
19.013,18.92
19.252,18.305
23.699,23.564
23.407,23.141
23.864,23.451
26.674,26.461
26.827,26.304
21.782,21.643
25.936,25.481
24.625,24.262
26.001,25.762
26.328,25.827
24.87,22.358
22.962,22.338
25.918,23.57
24.992,24.608
24.97,24.488
21.2,19.79
26.875,26.313
23.924,23.765
26.988,26.533
17.544,17.381
23.795,22.858
25.996,25.18
18.537,18.205
20.369,18.828
25.351,25.212
19.746,19.466
24.423,22.755
25.819,24.923
19.625,19.522
23.697,23.372
23.847,23.468
24.625,24.52
25.167,24.812
24.731,22.695
24.687,24.283
25.59,23.25
26.57,26.125
23.316,21.607
20.221,18.868
25.826,25.704
24.595,23.836
24.505,24.029
24.583,22.767
25.591,25.027
25.284,25.099
26.18,25.532
21.906,19.555
23.468,23.347
24.226,24.131
18.355,17.69
25.227,24.458
26.894,26.728
26.861,26.159
26.46,25.854
24.542,23.09
26.882,24.347
21.8,21.589
26.017,25.346
22.101,21.908
26.513,26.041
26.237,25.686
23.814,23.69
23.998,23.602
21.603,20.545
25.984,23.828
24.59,24.38
25.639,25.256
24.589,24.247
26.672,26.306
23.666,22.263
25.988,24.408
24.53,24.146
24.644,23.74
26.249,25.921
26.08,25.799
20.222,19.995
23.287,23.069
25.189,24.624
26.414,25.788
24.916,23.318
23.309,22.087
23.458,23.32
17.158,17.064
19.315,19.054
19.986,19.639
25.026,24.712
22.785,21.934
26.198,25.681
25.815,23.735
26.863,24.502
22.546,21.612
25.543,24.026
25.674,25.221
21.625,21.226
25.469,24.998
26.599,25.925
26.626,26.276
23.662,23.351
18.7,17.487
26.664,26.385
23.762,22.834
26.573,26.176
25.036,23.892
24.646,23.496
26.741,26.386
24.11,23.134
11.369,10.731
25.212,24.961
26.238,25.738
26.75,26.043
24.06,23.642
25.469,23.299
19.988,19.797
26.442,25.841
24.964,24.708
26.526,26.095
24.599,24.433
26.653,25.66
25.954,25.765
26.82,26.414
24.949,23.529
26.13,25.836
21.431,19.863
26.989,26.45
21.62,21.257
21.322,19.759
25.147,24.663
23.38,21.974
25.561,25.424
25.682,25.206
24.117,23.162
25.528,24.992
25.821,25.27
19.196,18.534
22.836,22.522
22.433,21.091
20.896,19.898
23.361,23.188
25.609,25.163
26.984,26.175
24.116,24.005
20.36,20.254
24.409,22.897
26.197,25.868
22.954,22.468
26.26,25.765
25.432,23.388
25.021,24.934
23.99,23.788
22.48,20.857
21.09,20.854
26.137,23.87
23.947,23.884
26.775,26.284
22.365,22.212
22.867,22.59
24.771,24.484
22.393,21.22
26.844,26.429
24.463,24.215
24.885,24.184
26.19,25.676
25.097,22.701
24.752,22.61
26.452,25.987
23.786,22.832
22.68,21.998
22.156,22.077
25.857,24.854
26.23,25.721
23.328,21.93
26.605,26.143
26.076,25.673
22.413,22.283
26.709,24.593
23.532,23.459
23.826,23.469
23.904,23.725
23.98,23.762
23.981,22.541
20.452,20.094
24.472,24.391
25.136,24.698
26.758,26.237
21.341,21.147
20.582,20.354
25.864,25.168
24.693,23.991
25.79,25.196
24.721,23.339
25.23,24.603
23.747,23.262
24.572,24.469
25.685,25.315
19.119,19.053
25.88,25.621
14.581,13.924
23.714,23.404
25.198,25.045
26.073,25.52
21.32,21.239
24.519,24.156
26.717,26.304
26.559,26.09
24.557,24.2
25.31,24.816
22.407,21.039
22.694,22.204
26.661,26.444
25.039,23.398
21.367,21.262
23.22,22.973
25.27,24.761
26.012,25.577
24.784,24.533
24.773,24.319
22.788,22.133
23.317,21.815
20.43,19.073
20.022,19.446
25.963,25.488
21.643,21.312
18.525,17.604
19.529,18.954
26.892,26.498
26.389,25.97
23.113,22.622
22.337,21.292
24.458,24.355
25.472,24.965
26.82,26.608
18.331,17.407
23.561,23.13
25.437,24.992
20.934,19.293
24.242,23.765
26.104,25.668
25.438,24.846
23.14,22.07
24.369,23.959
24.024,23.754
26.386,25.992
25.638,23.122
25.963,25.516
24.302,24.041
21.601,21.135
24.109,23.876
25.53,25.411
26.016,25.628
26.302,26.185
26.92,24.704
25.483,24.924
26.979,26.155
23.337,23.267
25.586,23.856
24.839,24.504
22.554,22.355
25.959,25.675
26.174,25.885
24.122,22.591
26.608,26.183
26.3,24.615
26.533,25.445
25.623,25.321
23.339,22.932
26.851,26.381
19.802,18.916
22.48,21.578
26.627,26.125
26.056,25.741
22.548,22.216
23.23,23.123
24.418,23.212
26.104,25.746
26.548,26.11
24.77,24.624
24.618,24.35
26.532,25.003
24.371,23.49
25.626,25.175
26.011,25.232
19.676,18.649
22.47,21.35
12.672,12.374
26.45,25.889
24.161,22.307
25.661,25.373
26.28,25.783
24.412,24.035
19.384,18.653
20.381,19.654
23.479,22.277
9.507,9.45
26.814,26.451
22.968,22.743
26.278,25.541
22.602,22.434
25.699,24.525
26.445,25.909
24.5,22.96
25.413,23.469
24.005,23.742
24.905,24.595
25.251,25.046
25.486,25.339
26.607,26.064
24.474,24.079
24.366,24.197
16.58,16.483
24.463,22.642
20.734,19.333
22.237,21.462
25.627,24.169
26.22,24.178
24.756,23.153
23.469,23.226
19.793,18.623
25.64,25.304
26.876,26.167
24.261,23.656
25.673,25.362
22.853,22.433
26.951,26.542
24.268,24.123
25.935,25.723
22.067,20.591
24.423,23.923
26.865,27.14
23.006,22.205
23.817,23.587
25.174,24.786
21.854,21.785
24.999,24.126
22.061,21.967
24.396,24.074
25.622,25.526
24.215,23.228
23.242,22.403
19.946,19.47
24.229,23.753
22.662,22.401
22.428,20.609
15.602,15.429
14.151,14.06
22.477,21.082
23.031,22.946
26.885,26.575
26.677,25.707
25.795,24.825
23.627,23.041
26.429,26.101
16.991,16.885
25.305,24.281
23.31,22.933
25.228,24.801
21.625,21.436
17.957,17.452
26.219,26.054
26.269,25.855
26.047,25.382
26.223,23.763
24.351,23.964
25.546,23.347
25.592,25.353
24.468,23.97
23.171,22.854
26.156,25.987
15.396,15.076
25.079,24.418
18.919,18.286
20.859,20.173
26.517,25.883
26.741,26.22
22.911,21.881
25.591,25.02
24.068,23.804
23.914,23.783
26.157,25.498
25.172,24.988
24.795,22.777
25.472,25.056
13.889,13.754
23.553,23.241
26.564,26.149
19.267,18.469
24.745,24.172
23.122,22.897
25.239,24.84
25.752,25.382
23.797,23.341
22.86,21.82
26.384,26.252
26.722,26.266
26.806,26.363
25.607,24.932
21.476,20.724
25.507,24.818
26.571,26.453
23.05,22.912
26.291,25.991
24.99,23.228
23.47,23.382
25.738,24.684
25.102,24.857
22.131,21.107
23.085,21.32
24.228,23.915
23.798,22.403
15.95,15.723
17.929,17.691
22.649,22.466
25.556,25.171
24.238,23.83
24.157,23.991
26.507,26.013
23.271,23.005
26.224,25.249
23.848,23.139
22.034,21.943
26.715,25.703
26.815,24.407
26.027,25.485
26.707,26.292
24.184,24.052
23.099,22.082
25.488,23.935
25.763,25.662
24.797,24.665
21.107,19.506
24.883,24.511
26.383,25.816
26.269,25.788
24.686,24.185
26.126,25.662
26.922,26.521
20.246,19.939
24.862,24.363
26.639,26.199
19.533,19.467
20.7,20.507
25.292,24.802
23.068,22.762
25.726,25.186
23.613,22.958
23.174,21.763
22.561,22.339
26.793,26.449
25.624,24.918
25.189,24.772
17.908,17.663
19.608,19.526
21.95,20.96
25.078,24.577
23.336,22.914
26.971,26.383
21.783,20.647
22.932,22.74
24.927,24.841
20.952,20.533
26.786,26.543
21.934,21.204
19.704,19.328
25.444,24.281
21.001,19.999
24.021,23.461
25.868,25.402
24.678,24.178
26.258,25.894
26.105,25.78
26.192,26.019
21.587,21.219
24.327,23.836
24.774,24.315
20.93,20.699
23.963,23.515
26.01,25.589
25.22,24.991
25.914,25.147
22.229,21.318
25.101,24.155
26.231,25.911
22.887,21.644
24.344,24.068
24.924,24.463
26.371,25.981
21.509,21.235
22.567,22.238
26.662,26.15
20.84,20.592
23.938,23.422
26.064,25.431
26.352,25.965
23.258,21.824
23.872,23.424
24.028,23.873
24.806,24.475
25.501,25.422
23.208,23.126
23.96,23.873
25.277,24.519
26.815,26.398
25.774,25.698
21.674,20.068
26.965,26.693
21.578,21.442
25.923,25.701
26.183,25.859
20.278,20.104
24.451,22.852
26.867,26.645
26.574,26.157
26.891,26.445
23.748,23.483
24.983,24.397
22.145,21.93
25.282,25.216
25.737,25.533
24.477,23.999
17.637,17.457
21.452,20.483
25.098,23.558
25.524,25.118
25.831,25.338
25.319,24.076
22.993,21.646
23.972,22.491
18.058,18.005
24.457,23.951
25.718,25.145
23.548,23.076
23.086,22.808
22.664,22.287
24.013,22.453
25.019,25.243
25.757,25.601
23.797,23.619
24.615,24.192
25.222,24.81
24.924,24.703
18.346,18.161
26.644,26.446
24.299,23.979
26.411,25.841
23.08,22.515
23.45,23.115
22.087,21.486
22.466,21.224
22.474,22.212
26.395,25.903
20.254,20.147
23.985,22.681
23.121,22.261
25.479,25.205
25.68,24.952
25.104,24.63
25.788,25.359
22.864,22.608
24.465,24.302
26.888,26.732
26.935,26.381
26.961,24.406
25.838,25.606
26.592,26.244
23.885,21.321
24.791,24.324
26.673,26.17
20.559,20.482
26.86,26.526
26.944,26.522
24.914,24.504
22.111,20.853
26.589,26.017
25.669,25.494
21.142,20.077
23.735,23.255
16.883,16.76
26.728,26.379
26.266,25.38
26.483,24.327
24.827,24.581
21.922,21.713
13.463,13.385
26.923,26.656
25.898,25.395
25.847,25.425
25.963,25.657
22.057,21.934
25.085,24.999
26.512,26.108
25.078,24.471
26.949,26.488
23.44,22.628
25.035,24.611
26.708,26.138
26.471,26.092
26.46,23.883
26.719,24.7
24.584,24.245
26.468,25.867
25.326,25.164
24.437,24.177
23.108,21.015
25.787,25.458
25.085,24.712
21.328,20.39
21.689,21.566
23.47,23.067
21.288,20.889
20.265,18.979
22.546,21.826
23.662,23.203
