obj_num,RA,DEC,objectId,refBand,refExtendedness,detect_fromBlend,detect_isIsolated,parentObjectId,u_cModelMag,u_psfMag,u_psf_minus_cModel,u_extendedness,u_blendedness,g_cModelMag,g_psfMag,g_psf_minus_cModel,g_extendedness,g_blendedness,r_cModelMag,r_psfMag,r_psf_minus_cModel,r_extendedness,r_blendedness,i_cModelMag,i_psfMag,i_psf_minus_cModel,i_extendedness,i_blendedness,z_cModelMag,z_psfMag,z_psf_minus_cModel,z_extendedness,z_blendedness,y_cModelMag,y_psfMag,y_psf_minus_cModel,y_extendedness,y_blendedness,hst_id,hst_label,hst_sep_arcsec,hst_acs_mu_class,hst_flag_combined
1,150.27607225895005,1.6381846852270325,788011324973016747,i,1.0,True,False,788011324972992422,23.853577223552435,25.50996557217844,1.656388348626006,1.0,-0.5028985142707825,23.022632711878938,24.740031264575624,1.717398552696686,0.0,-5.750595569610596,22.39928258424178,24.371776328973883,1.9724937447321018,1.0,-0.9710257053375244,22.224460360448553,24.318863576295758,2.094403215847205,1.0,-0.6924663782119751,22.0842986401974,24.11040275276242,2.0261041125650188,,-0.13121765851974487,21.958836032642154,24.07878236234069,2.1199463296985357,,0.08587024360895157,204770,0,0.042482337758048196,2,0
2,149.98485967327252,2.217304937182979,788013523996276729,i,1.0,True,False,788013523996249649,22.134353617225972,23.038645879929337,0.9042922627033647,1.0,-7.538936138153076,21.23852748352369,22.272739865647463,1.0342123821237728,1.0,-47.14982986450195,20.838110850067878,21.801445214009505,0.9633343639416267,1.0,-39.43045425415039,20.61565605478672,21.70693421916649,1.0912781643797729,1.0,-34.49033737182617,20.563750174541035,21.53527477015315,0.9715245956121166,1.0,-15.290952682495117,20.51393256982707,21.472635814387615,0.9587032445605459,1.0,-5.434725761413574,139878,0,0.026396160874480473,2,0
3,150.73048670531068,2.5370857336797323,788014623507904010,i,1.0,True,False,788014623507877482,25.074516295347685,25.735632963108827,0.6611166677611422,,0.23360152542591095,23.589249503509198,24.429628396576994,0.8403788930677969,,-6.464171409606934,22.72655631643609,23.610747061942636,0.8841907455065474,1.0,-6.629457950592041,22.337134902262378,23.331062736716465,0.9939278344540874,1.0,-5.622995376586914,22.2160533682935,23.20405811052307,0.9880047422295704,,-2.3738536834716797,22.099282287987972,22.985407021275655,0.8861247332876836,,-0.7953152060508728,875181,0,0.11199038213894552,2,1
4,149.87776931318763,2.5194233684297895,788014967105286505,i,1.0,True,False,788014967105260579,22.066666559267308,22.754893752472483,0.6882271932051758,1.0,-11.200515747070312,21.364533156815405,22.109136609703118,0.7446034528877128,1.0,-62.343162536621094,21.03752900768672,21.77672932084028,0.7392003131535567,1.0,-44.7568244934082,20.74729852848132,21.63912121461346,0.8918226861321408,1.0,-30.57335090637207,20.6637893328728,21.529904220084344,0.8661148872115447,,-15.75859260559082,20.63649959748091,21.462816020246116,0.8263164227652062,,-4.712686061859131,595060,0,0.09718013178126439,2,0
5,149.92451998627573,2.250036943698129,788014211191035826,i,1.0,True,False,788014211191013866,23.552090304460826,24.244162371816437,0.6920720673556104,,-2.0367112159729004,22.960991090113904,23.711072232988705,0.7500811428748015,1.0,-12.554471015930176,22.47451396189245,23.20255879120173,0.7280448293092832,1.0,-13.216452598571777,22.207691562741605,23.050338651944152,0.842647089202547,1.0,-9.709480285644531,21.99662128012948,22.814131804440613,0.8175105243111318,,-4.050926208496094,21.79506186436559,22.564616229763722,0.7695543653981325,,-0.9110515713691711,629165,0,0.13585132255576754,2,0
6,149.5872712162984,2.5215102823225735,788015035824763517,i,1.0,True,False,788015035824737369,23.87171056092194,24.463761492479343,0.5920509315574023,1.0,-1.530585765838623,23.15187919884867,23.92342923726701,0.77155003841834,1.0,-7.287506580352783,22.36944725168419,23.0873213056449,0.7178740539607098,1.0,-11.27038288116455,22.092427846738033,22.958397462031364,0.8659696152933307,1.0,-9.469839096069336,21.955218539026685,22.6924328001043,0.7372142610776145,1.0,-5.108020782470703,21.82254115768874,22.740847197738134,0.9183060400493943,,-0.9863076210021973,364516,0,0.014899058452413762,2,0
7,149.55111240770648,2.641622605793628,788015791739003960,i,1.0,True,False,788015791738980361,23.547618002145548,23.980684198261756,0.4330661961162079,,-2.4850311279296875,22.542556967012892,23.226176668028945,0.6836197010160525,,-15.508882522583008,21.59272927275506,22.230312629637258,0.637583356882196,1.0,-29.844587326049805,20.929043543690373,21.65266191484306,0.7236183711526856,1.0,-36.849281311035156,20.606624921957597,21.27358325739575,0.666958335438153,1.0,-21.461896896362305,20.432548921725914,21.074843747324383,0.6422948255984693,1.0,-7.326664447784424,182451,0,0.10152191271538395,2,0
8,149.7028340508988,2.682793924659657,788015723019531837,i,1.0,True,False,788015723019504767,24.568902582434866,25.084185335535395,0.5152827531005286,1.0,-0.8839007616043091,22.45015358371694,22.996350212236642,0.5461966285197022,1.0,-26.24333381652832,21.278648371322593,21.854973600943502,0.5763252296209096,1.0,-47.654197692871094,20.715298959828345,21.373294198114404,0.657995238286059,1.0,-49.17646026611328,20.451618008619832,21.094130264432035,0.6425122558122034,1.0,-27.990549087524414,20.315466072261678,20.925145289811457,0.6096792175497789,1.0,-10.673144340515137,474539,0,0.13297280899111324,2,0
9,150.41022938527485,1.6695182305764167,788011324973018782,r,1.0,True,False,788011324972993168,24.43692432652628,25.135530717822064,0.6986063912957832,,-0.2446102648973465,23.326759814038304,23.954358073011775,0.627598258973471,,-6.238645553588867,22.216459141857257,22.762638152669926,0.5461790108126685,1.0,-14.974882125854492,21.518979724353436,22.083334964279523,0.5643552399260869,1.0,-27.973424911499023,21.228516586703638,21.73857014491863,0.5100535582149917,1.0,-19.805845260620117,21.122487301904112,21.610031816387103,0.4875445144829911,0.0,-10.211540222167969,397313,0,0.21301655302217987,2,0
10,149.55241107918567,2.590757209831191,788015791739001246,i,1.0,True,False,788015791738979091,23.633137356483495,24.12586936451404,0.4927320080305435,1.0,-1.8973541259765625,22.537877305620796,23.082069416362387,0.5441921107415908,1.0,-22.199525833129883,21.649379233355116,22.181962320356643,0.5325830870015267,1.0,-35.501869201660156,21.1914706665423,21.803057537295224,0.6115868707529231,1.0,-39.64409637451172,20.947981083292646,21.523464350554747,0.5754832672621006,1.0,-17.00840950012207,20.507623773216423,21.05951568722824,0.5518919140118186,1.0,-7.47147798538208,633914,0,0.009699555226118083,2,0
11,150.18129879788566,1.724555624740534,788011393692500378,i,1.0,True,False,788011393692471388,22.69237806244927,23.10336514374283,0.41098708129356254,1.0,-14.3518705368042,21.736671373678043,22.222983315431858,0.4863119417538151,1.0,-76.72869873046875,21.22446650753753,21.728719308276595,0.5042528007390636,1.0,-71.40512084960938,20.908184934017456,21.541270110632983,0.633085176615527,1.0,-43.23217010498047,20.79353700903394,21.38481205363062,0.5912750445966779,,-22.610326766967773,20.748711939402703,21.30686856079791,0.5581566213952058,,-7.597686767578125,268910,0,0.11728420043082792,2,0
12,150.59683099683267,1.746071076379709,788011874728828024,i,1.0,True,False,788011874728804859,26.039840237538073,26.737339922140844,0.6974996846027715,,0.3069661855697632,24.1800063213482,24.70831661988241,0.5283102985342119,,-3.592681646347046,22.971444574623778,23.46263983164843,0.4911952570246534,1.0,-9.146806716918945,22.35961243308659,22.889668687294286,0.5300562542076968,1.0,-12.25350570678711,21.983274195381156,22.50116151403408,0.5178873186529245,,-6.620042324066162,21.825787746816534,22.36517554140175,0.5393877945852168,1.0,-1.5738157033920288,396393,0,0.12901620316800688,2,1
13,150.27143775074998,1.846705152885915,788012012167788075,r,1.0,True,False,788012012167760782,25.12203104897462,25.748449610223318,0.6264185612486983,,-0.22484366595745087,23.499125384901642,24.04610397710659,0.5469785922049475,,-6.481110572814941,22.24976586985509,22.721566743293522,0.4718008734384327,1.0,-18.391345977783203,21.251772860968522,21.762710114043024,0.510937253074502,1.0,-47.0406494140625,20.84226754102975,21.2932381815381,0.450970640508352,1.0,-36.8170166015625,20.62361996439705,21.058825262317526,0.4352052979204757,0.0,-13.369766235351562,784454,0,0.1149997943311126,2,0
14,150.59111210120506,1.899543361421189,788012561923595207,i,1.0,True,False,788012561923571968,24.93877569721964,25.591418323277757,0.6526426260581175,,-0.5266903042793274,23.945060021874127,24.438133093294987,0.4930730714208593,1.0,-6.751486301422119,22.831393000237853,23.290113513513326,0.45872051327547325,1.0,-13.955988883972168,22.389823643677502,22.968716717499376,0.5788930738218738,1.0,-11.996610641479492,22.145990664766817,22.624943495385228,0.478952830618411,1.0,-6.271990776062012,21.97661312684458,22.446565792321074,0.4699526654764945,1.0,-2.4920291900634766,59733,0,0.08904303828343245,2,0
15,149.758433530272,2.066637653405363,788013592715745942,i,1.0,True,False,788013592715723118,24.02664025128843,24.404216023764995,0.3775757724765647,,-1.9904967546463013,23.530490866291725,23.99082500439151,0.4603341380997854,1.0,-7.95095157623291,22.434700539526986,22.876230270312888,0.4415297307859021,1.0,-14.542274475097656,21.573715105038232,22.07482036764302,0.5011052626047885,1.0,-24.347322463989258,20.979931373446902,21.418050936895263,0.43811956344836034,1.0,-18.242549896240234,20.721629341061025,21.162653929923597,0.4410245888625717,1.0,-7.976924419403076,346822,0,0.06385639659648851,2,0
16,149.8367730432884,1.7431784790502698,788012218326211332,i,1.0,True,False,788012218326188492,24.264822013294364,24.63292338816969,0.36810137487532657,1.0,-1.5309957265853882,21.76838677533908,22.17919827243593,0.41081149709684794,1.0,-59.6515998840332,20.49325597840996,20.90114695191997,0.40789097351001047,1.0,-132.99462890625,19.611161851932863,20.070579955471096,0.4594181035382334,1.0,-175.2994384765625,19.217640815853237,19.657779893704895,0.44013907785165785,1.0,-127.5455322265625,19.03664392886946,19.482884095991658,0.4462401671221983,1.0,-38.73270034790039,307325,0,0.09962618586574108,2,1
17,149.76419360890304,2.3219057560344547,788014279910518296,i,1.0,True,False,788014279910492541,23.100448323772405,23.454257619074237,0.3538092953018328,,-5.1427412033081055,22.43063361721235,22.823079647677403,0.39244603046505233,1.0,-28.53165626525879,21.780605553201518,22.154291469179146,0.373685915977628,1.0,-36.151634216308594,21.516880240183674,21.975877897171348,0.45899765698767325,1.0,-37.0759391784668,21.47561459239804,21.854653549578877,0.379038957180839,1.0,-15.103641510009766,21.293428282337356,21.658720450194778,0.36529216785742236,1.0,-5.457242012023926,418615,0,0.14672161297536318,2,0
18,150.15962208032147,1.6189668106106079,788011393692493319,i,1.0,True,False,788011393692468653,22.834222819763724,23.131959699620808,0.29773687985708364,1.0,-8.94693660736084,22.696928604278085,23.087104513007773,0.3901759087296881,1.0,-22.102893829345703,22.140459793318843,22.5041329053564,0.3636731120375565,1.0,-24.76045036315918,22.08688547353877,22.533211856190952,0.44632638265218105,1.0,-18.270227432250977,21.91850614490398,22.33357159058258,0.41506544567860004,1.0,-9.044716835021973,21.941416202056413,22.266965534698514,0.32554933264210106,1.0,-1.8434278964996338,933822,0,0.0067102241480394625,2,0
19,150.4513294204529,1.9730551155385605,788012630643075789,i,1.0,True,False,788012630643050492,20.740796467279928,21.03734351690363,0.29654704962370104,1.0,-76.70148468017578,19.91623643356453,20.27445385848432,0.3582174249197898,1.0,-413.5151062011719,19.592962335761634,19.95575764350904,0.36279530774740465,1.0,-275.2953186035156,19.44588078753967,19.87843966699055,0.4325588794508768,1.0,-295.5794372558594,19.386862896988717,19.79631065688444,0.40944775989572335,1.0,-82.810791015625,19.376218157073456,19.779844383959276,0.4036262268858195,,-24.983007431030273,244737,0,0.09691667878686042,2,1
20,150.02493466443897,2.160022838116717,788013523996274223,i,1.0,True,False,788013523996248613,23.793057025692008,24.162450769632372,0.36939374394036406,,-2.711470127105713,23.127243922578764,23.52124871301234,0.39400479043357706,,-14.595701217651367,22.263618192942737,22.619517454639844,0.3558992616971075,1.0,-22.982044219970703,21.71422800968725,22.130658943552717,0.4164309338654668,1.0,-28.928308486938477,21.458114497369102,21.825353574844737,0.36723907747563445,1.0,-16.945241928100586,21.330064446719042,21.69252448987232,0.36246004315327696,1.0,-6.537096977233887,347971,0,0.177837145244279,2,0
21,149.5978896096559,1.8680177123017851,788012287045696255,i,1.0,True,False,788012287045668306,21.795375655435254,22.054598932043767,0.2592232766085125,1.0,-29.19053840637207,19.4591572134392,19.81181530837552,0.35265809493632005,1.0,-649.8563842773438,18.471706451839182,18.824629595557283,0.3529231437181011,1.0,-1057.563232421875,18.05154035739004,18.45694662306046,0.4054062656704218,1.0,-1009.7025146484375,17.86889135556533,18.243233740589137,0.37434238502380524,1.0,-442.5229797363281,17.75252935299944,18.134617569651684,0.3820882166522459,1.0,-172.62442016601562,927787,0,0.26006755229007494,2,1
22,150.22854318333827,1.6227847442902,788011393692493416,i,1.0,True,False,788011393692468697,26.342597101763765,27.190449771263257,0.8478526694994919,,,24.249187249751067,24.63553549707894,0.38634824732787365,1.0,-4.3677449226379395,22.882343787775923,23.217230931853194,0.33488714407727116,1.0,-12.654763221740723,21.08984558359226,21.483595744524283,0.3937501609320222,1.0,-52.69721603393555,20.258593143323885,20.58652005314004,0.3279269098161528,1.0,-52.61220169067383,19.831899789812773,20.17765643517222,0.3457566453594474,1.0,-23.733964920043945,933657,0,0.22970883533711126,2,0
23,150.54695454695727,2.158465795925565,788013317837843672,i,1.0,True,False,788013317837818189,23.344391577538687,23.702791220044404,0.35839964250571654,,-3.9500467777252197,22.0291261509697,22.385571823859074,0.35644567288937523,1.0,-43.646026611328125,21.076669174923374,21.395464767404874,0.3187955924815,1.0,-81.65570831298828,20.545253159432384,20.917081257073917,0.3718280976415329,1.0,-99.76423645019531,20.28280213417648,20.617111192119445,0.3343090579429635,1.0,-52.376686096191406,20.117595093478297,20.424331271871324,0.30673617839302736,1.0,-18.69404411315918,583165,0,0.018057856053141686,2,0
24,150.47948552945718,2.650157958711128,788015379422144837,i,1.0,True,False,788015379422120156,23.12535638390873,23.37736622283366,0.25200983892493056,0.0,-7.337337017059326,22.272230347387925,22.564638002927452,0.2924076555395274,1.0,-48.796390533447266,21.87373564063611,22.16910530338618,0.29536966275006904,1.0,-48.03240203857422,21.573419509604296,21.956634665538438,0.3832151559341419,1.0,-33.213680267333984,21.38794572509969,21.778733333649168,0.39078760854947703,,-16.10331153869629,21.266459928878266,21.581923317104454,0.31546338822618836,,-5.301170349121094,277480,0,0.08453468947571839,2,0
25,149.90561979345375,2.0845874500208685,788013592715746748,i,1.0,True,False,788013592715723491,21.844159120708774,22.07403607499537,0.2298769542865955,1.0,-26.576181411743164,21.603086342968894,21.968377004328005,0.36529066135911137,1.0,-77.14852905273438,21.886219398074175,22.17715454525269,0.29093514717851576,1.0,-38.500675201416016,21.9783709698779,22.368948319490137,0.39057734961223645,1.0,-22.159460067749023,22.33393315996091,22.66532026460197,0.3313871046410597,1.0,-6.667322158813477,22.2663162447054,22.70305911506087,0.4367428703554701,,-1.5576037168502808,507737,0,0.04100247568054821,2,0
26,149.71755636495152,1.6048959403892,788011599850922091,i,1.0,True,False,788011599850898591,24.88613472618665,25.14107133678958,0.25493661060292894,,-0.7719383835792542,22.87975871837721,23.169139198371262,0.28938047999405114,1.0,-21.348003387451172,21.476049150440303,21.75072307668335,0.27467392624304665,1.0,-54.567935943603516,20.071323539159714,20.38466906936797,0.31334553020825595,1.0,-167.5210418701172,19.417474266304204,19.68849209347464,0.27101782717043577,1.0,-119.9934310913086,19.0952588474266,19.375458154593694,0.28019930716709496,1.0,-64.22077941894531,491393,0,0.05911704580304654,2,0
27,150.1470530372906,2.7174800478827508,788015516861104116,i,1.0,True,False,788015516861075265,23.849543815527866,23.97460154084821,0.12505772532034243,0.0,-4.28453254699707,23.28307319856541,23.54523941241295,0.26216621384753935,1.0,-13.6166410446167,22.61219863241343,22.876155215960836,0.2639565835474045,1.0,-17.85382843017578,22.44246929102564,22.76963023154186,0.32716094051622235,1.0,-16.829105377197266,21.945272937007292,22.25117021736368,0.30589728035638686,1.0,-8.43667221069336,21.449597281652572,21.74585373308095,0.296256451428377,1.0,-4.388277530670166,108819,0,0.03723504158967171,2,0
28,150.10037014868948,1.65374557936974,788011393692494910,i,1.0,True,False,788011393692469257,25.43231523489385,25.666158742283123,0.23384350738927395,,0.2132594883441925,23.948055564001905,24.214403806091408,0.2663482420895029,1.0,-5.169548988342285,22.898665566225986,23.142846277290452,0.24418071106446604,1.0,-11.992741584777832,22.404987978715383,22.699767358525005,0.2947793798096221,1.0,-14.955045700073242,22.24201283553944,22.497153551082953,0.2551407155435115,1.0,-7.211084842681885,22.039708750369357,22.278767045115043,0.23905829474568563,1.0,-2.5916476249694824,317896,0,0.06754883239616208,2,0
29,150.46051900848002,2.0117995337006795,788012630643078426,i,1.0,True,False,788012630643051583,24.336503155036308,24.55952794811732,0.22302479308101297,,-1.7984422445297241,23.68746389844409,23.971792961683946,0.28432906323985563,,-8.204997062683105,22.869481502951565,23.110571613051448,0.2410901100998828,1.0,-15.354832649230957,21.811726392130307,22.076586086931428,0.26485969480112104,1.0,-35.35997009277344,21.23165845173928,21.456653374562798,0.22499492282351952,1.0,-20.960285186767578,20.91974149898875,21.134297354606076,0.21455585561732704,1.0,-9.081295013427734,782097,0,0.026948130654446813,2,0
30,150.25339829884842,1.9965751132966176,788012699362554791,i,1.0,True,False,788012699362528010,22.647910479627406,22.852331038942605,0.2044205593151993,1.0,-11.481084823608398,22.46623936766271,22.71147196113639,0.24523259347368054,1.0,-37.999114990234375,22.00065669912859,22.23464817867154,0.23399147954295074,1.0,-35.938255310058594,21.896282874556874,22.185702495231357,0.289419620674483,1.0,-28.924457550048828,21.7647736264184,22.03415676879197,0.2693831423735702,1.0,-9.649550437927246,21.439366560810306,21.693593955817864,0.25422739500755753,1.0,-3.6560657024383545,480240,0,0.016092516405843735,2,0
31,149.76899302944906,2.8249779555961108,788016341494819184,i,1.0,True,False,788016341494794784,24.25650080074144,24.367333034954648,0.11083223421320909,1.0,-2.0541837215423584,23.03248537273429,23.260359170278313,0.22787379754402437,1.0,-18.07705307006836,22.49553736939837,22.715818730556343,0.2202813611579728,1.0,-20.043081283569336,22.325055870012427,22.588256342493892,0.26320047248146494,1.0,-18.449296951293945,22.266437876051498,22.501813921638067,0.23537604558656966,1.0,-7.401008605957031,22.10002018195678,22.328701030182067,0.228680848225288,1.0,-1.7585601806640625,387217,0,0.04910860198066806,2,1
32,149.7555598813067,1.7578136434581282,788012218326211883,i,1.0,True,False,788012218326188742,23.898859727737086,24.142304936402553,0.2434452086654666,,-3.0993731021881104,22.68467525963292,22.939506211691317,0.2548309520583949,,-25.43968963623047,21.98978790156899,22.209203341336305,0.2194154397673138,1.0,-36.01482009887695,21.703742215469,21.935145763068622,0.23140354759962278,1.0,-40.774497985839844,21.567384645708053,21.769333195315674,0.20194854960762143,1.0,-16.981172561645508,21.429999190295177,21.646373087649632,0.21637389735445467,1.0,-6.7282562255859375,689792,0,0.07414587216596778,2,0
33,149.9708983145682,1.6300444117823865,788011462411969794,i,1.0,True,False,788011462411945584,25.512568104689166,25.742377746481477,0.22980964179231123,,-0.08946898579597473,23.223193901455907,23.450054882988034,0.22686098153212697,1.0,-18.222339630126953,21.989178141428226,22.20593673270031,0.2167585912720824,1.0,-37.29526138305664,20.82503927206134,21.09318230790255,0.26814303584120935,1.0,-83.94520568847656,20.308681993935075,20.5507110640568,0.24202907012172403,1.0,-54.153167724609375,20.06950407633603,20.30307484982478,0.23357077348875066,1.0,-20.77299690246582,42035,0,0.03587691892123321,2,1
34,149.76136503711453,1.8096780389493152,788012218326215289,i,1.0,True,False,788012218326190358,23.8437133603471,24.037535030844086,0.1938216704969875,,-3.49788761138916,23.259545913765194,23.488873422390448,0.22932750862525353,1.0,-17.623266220092773,22.925029557974245,23.136471991421057,0.21144243344681257,1.0,-17.04976463317871,22.728009663644848,22.958313278272104,0.2303036146272568,1.0,-12.641047477722168,22.508721165985342,22.722300548479936,0.21357938249459352,1.0,-7.266811847686768,22.419020637654462,22.585973734225945,0.16695309657148272,1.0,-2.114332437515259,286084,0,0.013189420195434301,2,0
35,150.2107454242117,2.3914616258822,788014142471570016,i,1.0,True,False,788014142471541045,24.97108996799564,25.122422115265138,0.15133214726949973,0.0,-1.072064757347107,23.234202160238972,23.453616066920397,0.21941390668142446,1.0,-16.318603515625,22.81155708065256,23.01974977382264,0.20819269317007993,1.0,-16.542177200317383,22.739143237668756,23.015793114151283,0.2766498764825265,1.0,-12.370821952819824,22.86346753595653,23.099207716247157,0.2357401802906267,1.0,-3.5823585987091064,22.74547605585756,22.94891019817876,0.20343414232119983,0.0,-1.6341874599456787,222745,0,0.013379179193183781,2,0
36,150.6204516108888,2.314644445225662,788013936313133930,i,1.0,True,False,788013936313108706,24.798156737557,25.055105130706153,0.25694839314915185,,-1.278063416481018,23.906398844542878,24.14076914120728,0.23437029666440168,,-7.94722318649292,22.974879947332706,23.182039520481418,0.20715957314871147,1.0,-15.572237014770508,22.327556740744583,22.578863339726073,0.25130659898148977,1.0,-23.035783767700195,22.019786179471673,22.23518257485531,0.2153963953836353,1.0,-10.98242473602295,21.855979906880584,22.046018457931083,0.19003855105049894,1.0,-2.9894299507141113,220281,0,0.051865962213878014,2,0
37,150.2783653751811,2.5858788969046334,788015448141618191,i,1.0,True,False,788015448141595265,24.895593141096278,25.121654006131582,0.2260608650353042,,-0.7736141681671143,23.699796545667837,23.923089029598742,0.22329248393090495,1.0,-9.63756275177002,22.82692702184266,23.02940926141727,0.20248223957461065,1.0,-16.516908645629883,22.35217351980313,22.612263641246734,0.26009012144360355,1.0,-20.7513484954834,22.168875913608773,22.406559620076457,0.23768370646768489,1.0,-9.050079345703125,21.97978580719161,22.20352279585456,0.22373698866294944,1.0,-3.2284724712371826,504041,0,0.030791298941858333,2,0
38,150.17790561740873,2.458231171928395,788014829666328985,i,1.0,True,False,788014829666305698,23.503631372272313,23.677590832722792,0.1739594604504795,,-5.63010311126709,22.803293748353152,23.012976031739854,0.20968228338670158,1.0,-25.449268341064453,21.83659169996691,22.029825149573533,0.19323344960662325,1.0,-44.70567321777344,20.913852838632415,21.11200102166236,0.19814818302994297,1.0,-87.30789947509766,20.47339928097356,20.634552939849616,0.16115365887605648,1.0,-53.897518157958984,20.203830931654927,20.387923055361238,0.18409212370631067,1.0,-19.532791137695312,879150,0,0.028025357282782933,2,0
39,150.46724817183292,2.382037774904317,788014005032614127,i,1.0,True,False,788014005032587096,24.275535908690063,24.435503968751863,0.1599680600618001,,-1.9072227478027344,23.236477662038943,23.452903597476197,0.21642593543725397,,-12.166144371032715,22.501055691934276,22.69083147017465,0.1897757782403744,1.0,-21.284046173095703,22.10567557616462,22.335666756494664,0.2299911803300425,1.0,-33.51218032836914,21.90846254656077,22.099818466043196,0.19135591948242592,1.0,-14.589234352111816,21.817826067229127,22.011670228144197,0.19384416091507006,1.0,-4.477610111236572,92590,0,0.01685508367096775,2,0
40,150.21103049634274,1.9057869419241227,788012768082025084,i,1.0,True,False,788012768082002276,23.00619610966456,23.15669167725554,0.15049556759097982,,-6.109562873840332,20.687824105494887,20.8562654639228,0.16844135842791275,1.0,-178.7112274169922,19.366858015791433,19.541370210548173,0.1745121947567405,1.0,-415.47125244140625,18.661091212627397,18.867012628399056,0.2059214157716589,1.0,-607.9110107421875,18.328252795840328,18.509272418818114,0.18101962297778584,1.0,-326.529296875,18.144619719760705,18.3262637469371,0.1816440271763966,1.0,-119.99374389648438,475171,0,0.06827818199310354,2,1
41,150.29188046273862,2.451700877466258,788014760946852533,i,1.0,True,False,788014760946828795,21.814895618056685,21.943367822688618,0.1284722046319331,1.0,-40.512935638427734,20.03106279874526,20.242411719194415,0.21134892044915432,1.0,-464.67864990234375,19.35728366813283,19.529425953380937,0.17214228524810693,1.0,-539.19287109375,19.05878044119123,19.28221503375842,0.22343459256718745,1.0,-542.4028930664062,18.955979334455765,19.14244564646701,0.18646631201124464,1.0,-249.46591186523438,18.877825352844702,19.053782679342753,0.1759573264980503,1.0,-83.32167053222656,557040,0,0.06975353272532196,2,0
42,150.69647367904878,2.6712334071859747,788015310702669780,i,1.0,True,False,788015310702644103,25.869091086533473,26.06243699683476,0.19334591030128578,,0.47727060317993164,24.001439767647398,24.17739237067163,0.175952603024232,,-7.562317848205566,22.883018236681384,23.045017854342863,0.16199961766147908,1.0,-17.341934204101562,22.3961468006128,22.591350955443264,0.1952041548304635,1.0,-22.115333557128906,22.134315561407412,22.307949486563693,0.17363392515628107,1.0,-12.803155899047852,22.009161383643345,22.121726885191244,0.11256550154789835,1.0,-3.2675130367279053,471960,0,0.1563541588881143,2,0
43,150.07821986101305,1.8303895102721843,788012149606741403,i,1.0,True,False,788012149606714079,24.36995571820071,24.508230321354354,0.13827460315364348,1.0,-1.5748852491378784,21.833707769220208,22.017040268532796,0.18333249931258777,1.0,-62.51882553100586,20.643634421581254,20.804615964541348,0.16098154296009426,1.0,-130.19467163085938,19.354349543834374,19.5668118085635,0.2124622647291261,1.0,-447.953857421875,18.77088587709148,18.942065053294947,0.17117917620346645,1.0,-320.53515625,18.504153147584198,18.679266200975135,0.17511305339093752,1.0,-104.04475402832031,455883,0,0.028197553145948785,2,0
44,150.4750768735718,2.5817780792374276,788015379422140642,i,1.0,True,False,788015379422118448,24.58040178339498,24.705044620165292,0.12464283677031318,,-1.685106635093689,23.680336518576347,23.853041082435766,0.17270456385941912,,-9.875731468200684,22.710476160479672,22.86728485729374,0.15680869681406762,1.0,-23.086894989013672,21.915813269838047,22.107631292633975,0.1918180227959283,1.0,-36.895023345947266,21.54997445504445,21.71739273133562,0.16741827629117267,1.0,-20.832210540771484,21.42079300378209,21.57763249289627,0.15683948911418,1.0,-8.132211685180664,599831,0,0.09970761367246057,2,0
45,150.29094696903644,2.464402118118757,788014760946853269,i,1.0,True,False,788014760946829091,22.962370979752976,23.090255582996633,0.12788460324365758,1.0,-8.293831825256348,20.3530776029055,20.49241860934672,0.13934100644122083,1.0,-327.8922119140625,19.052929246504277,19.207000335556394,0.15407108905211686,1.0,-707.4465942382812,17.856537338987593,18.038394874667105,0.18185753567951224,1.0,-2090.648681640625,17.330211612946762,17.499671086470297,0.16945947352353485,1.0,-978.3262329101562,17.077385580539996,17.234935681326988,0.15755010078699172,1.0,-282.8841857910156,55649,0,0.1760600765886311,2,1
46,149.7201400260998,2.1810378873893974,788013661435228950,i,1.0,True,False,788013661435202689,25.60931208084656,25.712082544628235,0.10277046378167398,0.0,-0.21902033686637878,23.595876213189236,23.690629933271026,0.0947537200817905,0.0,-15.06723403930664,22.28582020676754,22.437957289813518,0.15213708304597873,1.0,-38.798988342285156,21.574907883475245,21.755693068650007,0.18078518517476283,1.0,-45.43968200683594,21.21953983323308,21.389158458786163,0.1696186255530847,1.0,-20.81214714050293,21.009131134824386,21.19447882407851,0.18534768925412237,1.0,-8.759146690368652,645274,0,0.016856262850070258,2,0
47,150.0792938972622,2.3542229356494753,788014211191043135,i,1.0,True,False,788014211191016698,24.77956819418071,24.959622646125922,0.1800544519452103,,-1.2277697324752808,23.60553833540063,23.77541045777475,0.16987212237411953,,-11.28062629699707,22.628674058713706,22.779779794140822,0.15110573542711592,1.0,-19.96788787841797,22.094666272350448,22.27221685189789,0.17755057954744302,1.0,-26.46942710876465,21.813814432154068,21.977905694747268,0.16409126259319962,1.0,-16.05854034423828,21.577356927564296,21.762988844080287,0.18563191651599098,1.0,-5.197644233703613,856514,0,0.0878125835004325,2,0
48,149.62419924722448,2.1806511425388035,788013661435228454,i,1.0,True,False,788013661435202478,23.08458104392222,23.220130305976657,0.13554926205443607,1.0,-8.001202583312988,22.48916403055187,22.66636380757067,0.1771997770187994,1.0,-47.48740005493164,21.76592637279773,21.9158247793192,0.14989840652146924,1.0,-47.21894454956055,21.677500247732205,21.897100101627696,0.21959985389549175,1.0,-48.29010772705078,21.26652762426466,21.46087095040022,0.19434332613555938,1.0,-24.695743560791016,20.90640808455766,21.100008284668302,0.19360020011064094,1.0,-9.25768756866455,774634,0,0.02711876425304129,2,1
49,150.72693645768112,2.089379132023476,788013249118363485,i,1.0,True,False,788013249118339939,24.701308265512967,24.76917909002929,0.06787082451632287,,-1.7919690608978271,23.586922268827962,23.739902453395874,0.1529801845679124,1.0,-13.878809928894043,22.47632940151741,22.62133664838145,0.14500724686403998,1.0,-26.250341415405273,21.825838597248005,22.008901547585126,0.1830629503371206,1.0,-37.72063446044922,21.561772077729422,21.702104630572016,0.14033255284259383,1.0,-20.32923126220703,21.434106306490097,21.53454398215315,0.10043767566305206,0.0,-8.341865539550781,441332,0,0.03190194570673192,2,0
50,149.52443522243044,2.634048794245213,788015791739003731,i,1.0,True,False,788015791738980270,24.503839321370734,24.667334683489983,0.16349536211924942,,-1.5747050046920776,23.89705665412044,24.101072961662847,0.20401630754240685,,-8.54375171661377,22.974332300477222,23.116263447225894,0.14193114674867147,1.0,-16.71805763244629,22.048215615191918,22.229810907153016,0.18159529196109858,1.0,-30.961450576782227,21.562348542325545,21.725173489679516,0.1628249473539718,1.0,-19.132165908813477,21.327567143330313,21.49031217228583,0.16274502895551635,1.0,-7.425495147705078,93624,0,0.06488354783787577,2,0
51,149.8006325823745,1.8704000623311186,788012218326218660,i,1.0,True,False,788012218326191827,24.312680767050274,24.439133806150142,0.12645303909986794,1.0,-1.8133805990219116,22.918858220027225,23.069545761512373,0.15068754148514785,1.0,-31.930858612060547,22.40284907984131,22.536025503854766,0.13317642401345609,1.0,-35.84064483642578,22.529878094387794,22.70131285624813,0.17143476186033624,1.0,-23.71489906311035,22.39345339282106,22.537303737337098,0.14385034451603929,1.0,-10.81347942352295,22.090023254445885,22.19819476916644,0.10817151472055642,1.0,-3.480436325073242,951856,0,0.030159739978076777,2,0
52,150.3151896734477,1.8027971319737974,788012012167785769,i,1.0,True,False,788012012167759865,22.543226531862715,22.607626541853982,0.06440000999126738,1.0,-15.806831359863281,20.034979283930845,20.14060173665345,0.1056224527226064,1.0,-525.8073120117188,18.90440300892437,19.035061930058177,0.13065892113380784,1.0,-969.8634033203125,18.330191693562444,18.495202755487774,0.16501106192533044,1.0,-1185.4615478515625,18.058209404214715,18.20684828404833,0.1486388798336158,1.0,-557.0894165039062,17.91659169159336,18.058211748172745,0.14162005657938437,1.0,-208.23333740234375,198503,0,0.07249964947947381,2,1
53,150.75066626166517,2.7534503570981412,788015929177954964,i,1.0,True,False,788015929177932408,24.755626449039013,24.858745910731933,0.10311946169291986,,-1.105621337890625,23.331860230246676,23.444700579390425,0.11284034914374885,1.0,-15.755388259887695,22.660402962057958,22.76899149962967,0.1085885375717126,1.0,-22.31774139404297,22.381691836095506,22.524472575158086,0.14278073906258015,1.0,-22.755765914916992,22.282444433848212,22.408359501561105,0.12591506771289218,1.0,-9.528063774108887,22.336749902831627,22.433832218077534,0.09708231524590616,1.0,-1.9181689023971558,367324,0,0.06518679396044444,2,0
54,149.5186489114609,1.609682245367745,788011668570400676,i,1.0,True,False,788011668570375553,23.585909125032128,23.68941147065518,0.1035023456230526,,-5.739501476287842,22.70675463593674,22.844372840418444,0.13761820448170425,1.0,-29.32513999938965,21.994791945307533,22.100475771545085,0.10568382623755213,1.0,-42.209739685058594,21.601373391562,21.738734319826154,0.13736092826415458,1.0,-47.44752883911133,21.410326334908323,21.52986956418943,0.11954322928110628,1.0,-24.50772476196289,21.287577825533035,21.422715594171624,0.1351377686385895,1.0,-8.692977905273438,632264,0,0.03311879651066749,2,0
55,149.79041969285743,2.8636581106773242,788016341494821155,i,1.0,True,False,788016341494795610,24.784768004474167,24.859830795945683,0.07506279147151673,1.0,-0.5668718814849854,22.204780991099522,22.309093738606208,0.10431274750668607,1.0,-56.636390686035156,20.9228616422376,21.02816387989986,0.10530223766226143,1.0,-152.31300354003906,20.025059022270952,20.151324317068003,0.12626529479705084,1.0,-170.2041473388672,19.616047662153974,19.72294351611945,0.10689585396547585,1.0,-103.3998031616211,19.411964172157056,19.53461226386578,0.12264809170872581,1.0,-47.208614349365234,859058,0,0.11400586496469398,2,1
56,150.06047474118571,2.6676502278363414,788015585580577119,i,1.0,True,False,788015585580550856,23.01920258079284,23.071938047448167,0.05273546665532791,1.0,-9.516850471496582,22.102757300396163,22.21025131217398,0.10749401177781692,1.0,-82.3368148803711,21.677238171632496,21.780453212262376,0.1032150406298804,1.0,-81.08260345458984,21.50807199007719,21.639445365111875,0.13137337503468416,1.0,-70.92967224121094,21.4481666324488,21.55837380342238,0.11020717097358101,1.0,-28.422893524169922,21.396172430582055,21.498318693969352,0.10214626338729715,1.0,-5.213735103607178,633276,0,0.025697391599386346,2,0
57,150.3386578794658,1.928103265621322,788012699362550182,i,1.0,True,False,788012699362526182,23.65854010569217,23.720132917834263,0.061592812142095,1.0,-5.9490180015563965,23.160018925023117,23.252308847347724,0.09228992232460698,1.0,-25.812278747558594,22.84005815456826,22.943055708739386,0.10299755417112522,1.0,-19.10793113708496,22.4845135520277,22.61647304142461,0.13195948939690894,1.0,-25.546682357788086,22.38530109062681,22.4984908360093,0.11318974538248838,1.0,-8.471532821655273,22.105349153512346,22.22346400902871,0.1181148555163638,1.0,-3.1908998489379883,755174,0,0.011440183500576663,2,0
58,150.23478564584576,1.8867893400973996,788012080887267750,i,1.0,True,False,788012080887238731,25.330429200782845,25.393320333051285,0.06289113226844023,,-0.22682903707027435,23.884544880439964,23.99301847725089,0.10847359681092428,,-8.340848922729492,22.77061755737165,22.873513554596826,0.1028959972251755,1.0,-20.00648307800293,21.96685192708026,22.099452604372086,0.13260067729182623,1.0,-36.03568649291992,21.5952279049255,21.693665031624764,0.09843712669926319,1.0,-23.81504249572754,21.346629973710737,21.455320953084012,0.1086909793732751,1.0,-6.400324821472168,204903,0,0.03347590797348456,2,0
59,149.67133274974216,2.5834054742161867,788015723019526313,i,1.0,True,False,788015723019502338,25.422794843843214,25.499769782986817,0.07697493914360365,,-0.5241219997406006,24.093781743344582,24.200049182923614,0.10626743957903173,1.0,-6.4158549308776855,22.968318367244176,23.07021348053268,0.10189511328850287,1.0,-17.75030517578125,21.721655468445526,21.845889105831375,0.12423363738584925,1.0,-39.27013397216797,21.17265517095096,21.27717639595957,0.10452122500861094,1.0,-32.042198181152344,20.89507034811065,21.002205961720943,0.10713561361029278,1.0,-12.802721977233887,447440,0,0.08817921756008808,2,0
60,150.58182990534806,1.6805947852795347,788011187534066421,i,1.0,True,False,788011187534040189,22.484533848612166,22.587499793293865,0.10296594468169928,,-17.15761947631836,22.626662773509164,22.748168764472997,0.12150599096383274,1.0,-42.19446563720703,22.158179166638195,22.256823233024793,0.09864406638659773,1.0,-42.329681396484375,21.5224341457059,21.655501799153196,0.133067653447295,1.0,-60.111732482910156,21.073463187657804,21.17759811105814,0.10413492340033415,1.0,-45.35978317260742,20.870797634873867,20.983772295957646,0.11297466108377918,1.0,-13.787678718566895,550627,0,0.03596783086598178,2,0
61,150.4970742329019,2.4478129436385734,788014692227375344,i,1.0,True,False,788014692227351882,24.89594391301575,24.955239452086996,0.05929553907124685,,-0.9176687002182007,23.59994462478116,23.702970502408437,0.1030258776272781,1.0,-12.863360404968262,22.560791555661645,22.659140758992052,0.09834920333040742,1.0,-18.934680938720703,21.374963760176826,21.502234225509667,0.1272704653328418,1.0,-68.58475494384766,20.789043215042923,20.89376716774547,0.10472395270254609,1.0,-43.925445556640625,20.47420899652745,20.5720316180512,0.09782262152374699,1.0,-14.648460388183594,657189,0,0.03212831255018777,2,0
62,150.5118443567559,1.917580788099557,788012630643072438,i,1.0,True,False,788012630643049094,25.704977720399242,25.792813071704217,0.08783535130497455,,0.0011207545176148415,23.437813706643276,23.546485045927696,0.1086713392844203,1.0,-16.0030460357666,22.136616946957073,22.23319136402732,0.09657441707024716,1.0,-37.3852424621582,21.060201744201763,21.178656559079187,0.11845481487742404,1.0,-83.58187866210938,20.56864477601681,20.667858387071625,0.09921361105481452,1.0,-55.122562408447266,20.337115623156713,20.436368706172914,0.09925308301620106,1.0,-17.535497665405273,144956,0,0.14803534642588345,2,1
63,150.62007781859865,2.671376343406641,788015310702669718,i,1.0,True,False,788015310702644063,25.81036605462092,25.930795285301834,0.12042923068091227,,0.25074636936187744,23.3093805780301,23.409315077472055,0.09993449944195376,1.0,-17.256242752075195,22.420358092471805,22.516621125090126,0.09626303261832092,1.0,-29.527177810668945,22.149575548662476,22.2767213371173,0.1271457884548255,1.0,-30.665918350219727,22.067363886118933,22.168011320576774,0.10064743445784075,1.0,-17.731399536132812,21.63088439862015,21.7298532767974,0.09896887817724931,1.0,-5.532721519470215,574051,0,0.0066122727585967425,2,0
64,150.5933303274348,2.2052410560530658,788013249118370267,i,1.0,True,False,788013249118342867,25.65946525541273,25.77934346139686,0.11987820598412924,,-0.35915422439575195,23.803987754947244,23.901416409660513,0.09742865471326922,1.0,-10.185771942138672,22.679525345685096,22.775382525336028,0.0958571796509311,1.0,-24.05167579650879,22.177358245948838,22.291252526551265,0.11389428060242679,1.0,-42.719078063964844,21.968028251890374,22.06376447407316,0.09573622218278643,1.0,-15.351058006286621,21.888507009966823,21.989733782116076,0.10122677214925346,1.0,-4.330879211425781,906855,0,0.02421222987840791,2,0
65,149.9892093442402,2.2876476251340083,788014211191038340,i,1.0,True,False,788014211191014870,24.201161000434205,24.26817911638505,0.0670181159508445,1.0,-2.1667404174804688,23.099605114476617,23.202212198277415,0.1026070838007982,1.0,-21.050874710083008,22.464261400687654,22.560070024015822,0.09580862332816764,1.0,-27.275651931762695,22.119314898408152,22.240241924465284,0.12092702605713157,1.0,-28.17321014404297,21.90738290908415,22.009161197824874,0.10177828874072503,1.0,-19.208585739135742,21.718583812617602,21.811374619781947,0.09279080716434507,1.0,-4.995666980743408,941183,0,0.01587569105661498,2,0
66,150.22778227061912,1.786807007670524,788012080887261536,i,1.0,True,False,788012080887236219,23.495726157548706,23.55008467759227,0.05435852004356434,1.0,-7.313055992126465,22.89556782287874,22.99383154976723,0.09826372688849005,1.0,-32.59946060180664,22.739159071065057,22.833285805813595,0.09412673474853861,1.0,-19.695831298828125,22.40666881379677,22.526599950994676,0.11993113719790571,1.0,-21.34893798828125,22.293154074696353,22.369485964271615,0.07633188957526116,1.0,-11.799145698547363,22.246856558367934,22.3349422068616,0.08808564849366718,1.0,-3.1065762042999268,963240,0,0.025761596472989156,2,0
67,149.5360261946035,2.775287384444332,788016478933770557,i,1.0,True,False,788016478933746963,23.904291508675627,23.97597718109202,0.07168567241639323,1.0,-3.380847454071045,21.232970765431368,21.333198537219218,0.10022777178784992,1.0,-143.12191772460938,19.92884385796011,20.020112565477245,0.09126870751713412,1.0,-343.332275390625,18.684618176485117,18.813402385793914,0.12878420930879741,1.0,-809.8634033203125,18.132328115700304,18.234896717648326,0.10256860194802186,1.0,-551.925048828125,17.860102054757164,17.964302332203943,0.10420027744677895,1.0,-225.3618621826172,410427,0,0.04440427172187083,2,1
68,150.27756866627436,1.685971537332104,788011324973020150,i,1.0,True,False,788011324972993749,26.586355279302275,26.697819759804556,0.1114644805022813,,,23.94203759020755,24.02966974673153,0.08763215652397705,1.0,-9.970272064208984,22.67419221536648,22.764039804796763,0.08984758943028126,1.0,-22.398481369018555,21.329544732215425,21.431160545623555,0.10161581340813086,1.0,-65.69271087646484,20.701537537786365,20.786883745354082,0.08534620756771716,1.0,-43.151424407958984,20.428569863021064,20.50374051576721,0.0751706527461451,1.0,-18.517105102539062,810045,0,0.13679697488948103,2,0
69,150.09453296973143,2.702865885507923,788015516861102869,i,1.0,True,False,788015516861074816,22.066924329873324,22.10791861473945,0.04099428486612666,1.0,-28.065223693847656,21.77578872458287,21.84372081215082,0.0679320875679501,1.0,-83.75030517578125,21.67143595974416,21.7601204006307,0.08868444088654215,1.0,-56.586647033691406,21.58497962249356,21.70701932717869,0.12203970468512892,1.0,-52.379241943359375,21.563661901857422,21.661899682028157,0.09823778017073437,1.0,-18.111652374267578,21.563910090861206,21.648815738356067,0.0849056474948604,1.0,-4.683450698852539,774859,0,0.04959416709617391,2,0
70,150.08435167058036,2.2904790908155923,788014142471563245,i,1.0,True,False,788014142471538243,23.18558659616408,23.22897939744201,0.04339280127793188,1.0,-9.425752639770508,22.973394200132816,23.067675472833994,0.0942812727011777,1.0,-28.326955795288086,22.731067254073672,22.814791221087074,0.08372396701340179,1.0,-23.346254348754883,22.45405163154711,22.56723119992867,0.11317956838156107,1.0,-25.556028366088867,22.092335260019958,22.183648790999904,0.09131353097994577,1.0,-13.599091529846191,22.155716926824645,22.24389954510354,0.08818261827889629,1.0,-2.407757520675659,952587,0,0.014300184183347003,2,0
71,149.6028548313762,2.495284663130154,788015035824762357,i,1.0,True,False,788015035824736828,25.031824000391254,25.079130807580345,0.047306807189091415,1.0,-0.4060705602169037,23.423582026142203,23.508227830570032,0.08464580442782932,1.0,-16.87199592590332,22.199763136174987,22.28120997184729,0.0814468356723026,1.0,-38.08625411987305,21.265369414871408,21.36932257483472,0.10395315996331078,1.0,-73.88202667236328,20.856181417064615,20.939513641948974,0.08333222488435865,1.0,-49.73454284667969,20.641453900832396,20.734663859387027,0.0932099585546311,1.0,-19.692962646484375,229974,0,0.07369222419166782,2,0
72,149.85760229084005,1.6305778622287066,788011531131447826,i,1.0,True,False,788011531131422587,25.673188813523815,25.711666333061252,0.03847751953743739,,-0.06618092954158783,23.843483474470858,23.93292119569884,0.08943772122798066,1.0,-10.421035766601562,22.902048189795508,22.983082403338187,0.08103421354267937,1.0,-18.509502410888672,22.45051505958348,22.561797080929942,0.11128202134646159,1.0,-22.497608184814453,22.243988931980812,22.330601660788467,0.0866127288076548,1.0,-8.950185775756836,22.2413012019908,22.30632783686278,0.06502663487198035,1.0,-3.668214797973633,57599,0,0.04049451683264882,2,0
73,149.90343748834556,2.818248863553604,788016341494818899,i,1.0,True,False,788016341494794656,23.320774629984474,23.381203596183607,0.06042896619913307,,-6.5257039070129395,21.88023754807559,21.964745828912434,0.08450828083684314,1.0,-95.77716064453125,20.70264466185109,20.783375179638792,0.08073051778770335,1.0,-201.56314086914062,19.759216198095608,19.858217308055615,0.09900110996000677,1.0,-422.7261047363281,19.292615970650346,19.376467947928784,0.08385197727843874,1.0,-274.4855041503906,19.08731923940373,19.170046165123175,0.08272692571944518,0.0,-58.45021057128906,347035,0,0.02103481530480212,2,1
74,150.45279849551218,2.4424309167758125,788014692227374661,i,1.0,True,False,788014692227351621,23.9478810251002,23.989911289787045,0.042030264686843566,0.0,-5.3675432205200195,22.586163722293804,22.670051577951963,0.08388785565815837,1.0,-36.505733489990234,22.084485542854843,22.16503484257659,0.08054929972174563,1.0,-39.88471603393555,21.857671226355368,21.96531417643189,0.1076429500765208,1.0,-39.330745697021484,21.807190526927286,21.895774051896044,0.0885835249687581,1.0,-13.827661514282227,21.765614444186895,21.847158053906625,0.08154360971973063,1.0,-4.888955116271973,706564,0,0.03923988615504156,2,0
75,150.1760370989691,1.6695781411283261,788011393692495743,i,1.0,True,False,788011393692469601,26.851720036151605,26.86377241952352,0.012052383371916164,,,23.868345682952818,23.95461797429329,0.08627229134047099,1.0,-13.262728691101074,22.43533586550535,22.51573159449412,0.08039572898876912,1.0,-34.41622543334961,21.083818906352633,21.181513447042875,0.09769454069024164,1.0,-96.77825927734375,20.45882146433403,20.536595256793753,0.07777379245972327,1.0,-62.166378021240234,20.166820410357307,20.25428346752942,0.087463057172112,1.0,-24.632972717285156,569953,0,0.01771798429423961,2,1
76,150.36708906140873,1.6242521619359878,788011324973016033,i,1.0,True,False,788011324972992149,25.188588031565807,25.248134379661934,0.05954634809612713,,-0.5160132050514221,24.07982886976558,24.165074969392766,0.08524609962718444,1.0,-8.782679557800293,22.925256356824665,23.003905099126722,0.07864874230205743,1.0,-19.763683319091797,21.590397338502687,21.684800914609884,0.0944035761071973,1.0,-59.16912078857422,20.96742827298406,21.038739233749425,0.07131096076536636,1.0,-36.25148391723633,20.66840587228196,20.75337569805143,0.08496982576946976,1.0,-14.648738861083984,884060,0,0.019634497421344366,2,0
77,149.69531630040512,2.361091119215817,788014348629995767,i,1.0,True,False,788014348629970009,23.243252863962777,23.317804986517675,0.0745521225548984,1.0,-9.5635347366333,20.65751352409903,20.73567084992887,0.0781573258298387,1.0,-354.7169494628906,19.36225957886122,19.440554859077846,0.07829528021662568,1.0,-792.1159057617188,17.986216129804305,18.0800332335656,0.09381710376129604,1.0,-1995.70556640625,17.355479449677645,17.433492535794283,0.07801308611663771,1.0,-1379.45458984375,17.057106762040483,17.151815036264804,0.09470827422432038,1.0,-613.2422485351562,687593,0,0.20746741466704227,2,1
78,149.57921382608546,1.8671208424779475,788012355765171875,i,1.0,True,False,788012355765145075,24.476765088615558,24.519796077832442,0.04303098921688431,1.0,-2.4249660968780518,22.88272904682315,22.943234800841665,0.060505754018514324,1.0,-28.891298294067383,22.10158538454418,22.17900965333383,0.07742426878964892,1.0,-39.12718200683594,21.774702348101385,21.8780343799615,0.10333203186011275,1.0,-41.11271286010742,21.634245932656427,21.72413685812841,0.08989092547198396,1.0,-20.874319076538086,21.520647499314897,21.613436811332754,0.09278931201785667,1.0,-8.712259292602539,909078,0,0.05799129589642981,2,0
79,149.8551134866004,1.8273038639862322,788012218326216146,i,1.0,True,False,788012218326190707,25.282288357714958,25.39515019404631,0.11286183633135138,,-0.2909761369228363,22.79130907901748,22.872979713773024,0.08167063475554315,1.0,-32.57564163208008,21.472630599613783,21.548449582750926,0.07581898313714319,1.0,-80.40409088134766,20.64204942020179,20.733045321556595,0.0909959013548054,1.0,-111.74006652832031,20.262685186231305,20.33616086670193,0.0734756804706258,1.0,-75.73070526123047,20.06019537000195,20.144914245161985,0.08471887516003562,1.0,-28.570058822631836,454848,0,0.02305694570019081,2,0
80,149.76979188097224,1.6088019737244035,788011531131446638,i,1.0,True,False,788011531131422073,21.205077086671334,21.250012751776012,0.044935665104677724,0.0,-63.649208068847656,19.640656661020657,19.714166204711894,0.07350954369123741,1.0,-774.3515014648438,18.9129810980208,18.988523270408372,0.07554217238757133,1.0,-981.344482421875,18.598185076629616,18.69491847386869,0.09673339723907404,1.0,-944.2035522460938,18.465401829035756,18.544874041392525,0.07947221235676949,1.0,-416.8193664550781,18.37848663781441,18.460162561490627,0.08167592367621523,1.0,-143.1577911376953,725749,0,0.1332685362112413,2,1
81,149.97183418912013,2.1534602822212903,788013523996248461,i,1.0,False,True,0,22.989323490582017,23.059241014825453,0.06991752424343645,1.0,0.0,22.592710285937358,22.659851482254258,0.06714119631689996,1.0,0.0,22.629108452575984,22.7036585298343,0.07455007725831564,1.0,0.0,22.665817372549697,22.773073424171116,0.1072560516214196,1.0,0.0,22.654242381125115,22.74678835580241,0.09254597467729297,1.0,0.0,22.783343420799092,22.87873615935419,0.09539273855509833,,0.0,335222,0,0.18934058102146314,2,0
82,149.61677181331797,2.4173433906105077,788015035824757522,i,1.0,True,False,788015035824734755,24.2177509557062,24.27986198342502,0.06211102771881727,,-2.0786290168762207,23.183728421722403,23.257180321763883,0.07345190004147995,1.0,-22.427204132080078,22.718409779940316,22.79243903625251,0.07402925631219404,1.0,-24.823400497436523,22.519684549808996,22.611616964468404,0.09193241465940716,1.0,-24.053258895874023,22.442594690471793,22.51883856245619,0.07624387198439564,1.0,-8.387199401855469,22.469497062604766,22.5415006751891,0.07200361258433219,1.0,-1.4583617448806763,220235,0,0.04567814767083965,2,0
83,149.99204706658693,2.268741677001481,788014211191037330,i,1.0,True,False,788014211191014453,23.332880286372948,23.36934399088412,0.03646370451117065,,-7.149261474609375,21.511393017067952,21.595764256431593,0.08437123936364088,,-102.63652801513672,20.417774455687155,20.490829697239377,0.07305524155222187,1.0,-236.65609741210938,19.89086176168481,19.994272370515528,0.10341060883071762,1.0,-375.7710266113281,19.64220373482638,19.724913465405248,0.08270973057886621,1.0,-147.12054443359375,19.497229023922095,19.572911329536833,0.07568230561473754,1.0,-43.930633544921875,841435,0,0.25209978975855896,2,0
84,149.69875724075573,2.4412299752558586,788015035824759080,i,1.0,True,False,788015035824735468,22.344925215793666,22.395984991666275,0.05105977587260924,1.0,-19.021366119384766,22.00190780777678,22.097054181542113,0.0951463737653313,1.0,-56.85993576049805,21.429784700697347,21.502322884022455,0.07253818332510775,1.0,-72.19598388671875,20.98886690600318,21.1001738258898,0.11130691988661923,1.0,-74.64702606201172,21.037481550007975,21.128956953240518,0.09147540323254333,1.0,-29.579954147338867,20.849871075831338,20.941709217116195,0.09183814128485679,1.0,-8.890213966369629,560964,0,0.007861782508912136,2,1
85,149.88100184768334,2.4508338082604597,788014967105282294,i,1.0,True,False,788014967105258823,22.03378053515904,22.083690657457915,0.04991012229887559,1.0,-27.588539123535156,21.80264841309693,21.865673560074104,0.06302514697717498,1.0,-77.41770935058594,21.39807463243018,21.470326195124862,0.07225156269468158,1.0,-91.28722381591797,21.24234550993313,21.335874243381312,0.09352873344818136,1.0,-80.54510498046875,21.108169407060423,21.187033561163723,0.07886415410330017,1.0,-35.30323791503906,20.967240357738508,21.04604076576073,0.07880040802222155,1.0,-10.716374397277832,871221,0,0.014177038843160144,2,0
86,150.23811575967204,2.4459253459210974,788014829666327899,i,1.0,True,False,788014829666305265,24.574424376549985,24.63282199915194,0.058397622601955135,,-1.2121461629867554,22.559445438946994,22.635558282462398,0.07611284351540348,1.0,-31.153079986572266,21.506995433662908,21.578633456943116,0.07163802328020807,1.0,-51.305580139160156,21.08441203143586,21.182448064591267,0.09803603315540599,1.0,-72.24320983886719,20.8831326338522,20.963132793793815,0.08000015994161558,1.0,-43.782012939453125,20.76349292820509,20.84701271018447,0.08351978197937981,1.0,-11.069904327392578,512402,0,0.01844570691801745,2,0
87,150.1391147550453,1.8769674888772714,788012080887267077,i,1.0,True,False,788012080887238485,21.34272877943033,21.394825732068764,0.052096952638432725,1.0,-50.505226135253906,20.941164805617042,21.013242521435842,0.07207771581879996,1.0,-246.966064453125,20.775204480950816,20.846176223270497,0.0709717423196814,1.0,-176.65525817871094,20.616684402530993,20.734194479597697,0.11751007706670435,1.0,-159.7257537841797,20.315689924655857,20.415596335540855,0.09990641088499785,1.0,-72.24722290039062,20.292320091306387,20.397387551055644,0.10506745974925735,1.0,-26.8485050201416,75471,0,0.003976560462223035,2,1
88,149.930183008642,2.757932308819097,788016272775339585,i,1.0,True,False,788016272775316368,,37.999164396713766,,,,23.85353773076786,23.9162273868126,0.0626896560447392,1.0,-11.875131607055664,22.581757752397177,22.651390116678286,0.06963236428110875,1.0,-28.600975036621094,21.962195543886484,22.043822668438835,0.08162712455235166,1.0,-41.73845291137695,21.677694877942507,21.74354383251211,0.06584895456960282,1.0,-19.47579002380371,21.537864879212762,21.60710185431831,0.0692369751055466,1.0,-7.073445796966553,654796,0,0.10046565179090357,2,1
89,150.6338644643943,2.5937117505645144,788015310702664912,i,1.0,True,False,788015310702641984,19.435679683987345,19.492413678752396,0.056733994765050255,0.0,-355.9486999511719,19.146515766282434,19.217377974472395,0.07086220818996125,0.0,-1180.026123046875,19.162199320198738,19.231348659452507,0.06914933925376943,1.0,-668.2608032226562,19.03033765559468,19.158537747988948,0.12820009239426966,1.0,-532.3839721679688,19.0288929857818,19.136835191077452,0.10794220529565379,1.0,-204.07534790039062,18.983053078708174,19.07572205550325,0.0926689767950748,1.0,-56.60507583618164,607514,0,0.025152417576148937,2,0
90,149.93585965864847,2.4405926709553367,788014898385805330,i,1.0,True,False,788014898385781954,23.056676075575265,23.097958647233895,0.041282571658630474,1.0,-10.581686019897461,22.73055127948836,22.80038106646385,0.06982978697548958,1.0,-32.70857238769531,22.19291333875976,22.261087110661965,0.06817377190220597,1.0,-38.485286712646484,21.73689874151998,21.827517684566686,0.09061894304670659,1.0,-37.58406066894531,21.554491550153354,21.628284455535024,0.07379290538166927,1.0,-18.17703628540039,20.899598227124493,20.97730975179309,0.07771152466859732,1.0,-9.669862747192383,894497,0,0.019173068799446094,2,0
91,150.05525406207542,2.8181002352903706,788016272775343256,i,1.0,True,False,788016272775317895,22.70092238822937,22.75303489260571,0.05211250437634263,1.0,-18.80877685546875,22.251648920396704,22.335932608655984,0.0842836882592799,1.0,-69.79766082763672,22.27713045587913,22.34480965457341,0.06767919869427885,1.0,-45.753292083740234,22.3184893142122,22.42415799446271,0.1056686802505098,1.0,-34.93159866333008,22.33333875152917,22.429648172226187,0.09630942069701831,1.0,-10.050501823425293,22.340656864692676,22.4257225391758,0.08506567448312552,1.0,-2.172091484069824,373679,0,0.13320975644368846,2,1
92,149.88373997425407,2.666429231209533,788015654300053677,i,1.0,True,False,788015654300027578,23.808319837697816,23.86916019229716,0.06084035459934256,1.0,-4.184410572052002,23.618697774503666,23.688274417075093,0.06957664257142682,1.0,-11.285073280334473,22.742351482525443,22.809646495256402,0.06729501273095906,1.0,-20.087182998657227,22.36780479265514,22.45622050246793,0.08841570981278934,1.0,-25.81260108947754,21.98672650185413,22.057844801170795,0.07111829931666591,1.0,-11.94433879852295,21.72058472414075,21.795056600956194,0.0744718768154442,1.0,-3.849795341491699,476456,0,0.009542726564758379,2,0
93,150.45595536238463,1.7659068402674465,788011943448305774,i,1.0,True,False,788011943448282164,23.734214879650875,23.769072753853596,0.03485787420272146,0.0,-4.968896389007568,23.14747371897059,23.215831746657727,0.06835802768713606,1.0,-23.369510650634766,22.88600896740141,22.9531447137145,0.06713574631309172,1.0,-20.342599868774414,22.893461091078816,22.982178602081504,0.0887175110026881,1.0,-15.17131233215332,22.908763619485867,22.980105902305297,0.07134228281942967,1.0,-5.356235027313232,22.80739521757804,22.878128587962067,0.07073337038402627,,-1.3118400573730469,686023,0,0.07331433798398844,2,0
94,150.6629072976727,2.72042038458197,788015310702672733,i,1.0,True,False,788015310702645314,25.047151392308827,25.073569881891608,0.026418489582781035,,-0.6645810008049011,22.73657791232585,22.804197975887966,0.06762006356211714,1.0,-35.02484893798828,21.35518845812938,21.42168437336404,0.06649591523466114,1.0,-73.88525390625,19.919466236739396,20.01085174770818,0.09138551096878444,1.0,-220.75595092773438,19.261105579999008,19.33139241842855,0.07028683842954209,1.0,-242.2622833251953,18.92596045798153,18.99909484010965,0.07313438212811718,1.0,-78.6058578491211,136082,0,0.09828794399564401,2,0
95,149.63516744898925,1.915824184258005,788012974240455437,i,1.0,True,False,788012974240432792,25.60706216003761,25.601307971115983,-0.005754188921628156,,-0.30962350964546204,23.982140117604025,24.055219119395257,0.07307900179123195,1.0,-7.94516658782959,22.98338683840282,23.049273833103882,0.06588699470106363,1.0,-14.852310180664062,22.559109343835388,22.65159769693773,0.09248835310234327,1.0,-18.243675231933594,22.39757101606206,22.471139748974593,0.07356873291253407,1.0,-8.876899719238281,22.237617449932316,22.314696995971865,0.07707954603954903,0.0,-2.5625522136688232,564348,0,0.04314014213448631,2,0
96,149.92657221822137,2.79257868398547,788016272775341678,i,1.0,True,False,788016272775317217,22.991973887486708,23.032273534874225,0.04029964738751701,1.0,-13.167989730834961,22.13876774656783,22.191391969778447,0.05262422321061777,1.0,-77.01190948486328,21.73053261671975,21.796055961888413,0.0655233451686641,1.0,-73.3765869140625,21.51032361010425,21.6416181170204,0.13129450691614863,1.0,-61.605796813964844,21.42809206903356,21.54268794341633,0.11459587438276841,1.0,-16.660268783569336,21.447232111189404,21.53917039021959,0.09193827903018459,1.0,-5.370659351348877,945490,0,0.04345477948779108,2,0
97,149.79177564217878,1.872851800546821,788012218326218953,i,1.0,True,False,788012218326191955,23.888565168449432,23.94341842444065,0.05485325599121893,1.0,-3.467994451522827,23.32271784528251,23.39699985199892,0.07428200671640894,1.0,-23.07213020324707,22.820357721819438,22.885795323308304,0.0654376014888669,1.0,-25.766691207885742,22.36788430000941,22.461339234256073,0.09345493424666174,1.0,-32.76068878173828,22.293732675645305,22.365448848053138,0.07171617240783235,1.0,-9.202439308166504,22.17073352222175,22.262401537516304,0.09166801529455526,1.0,-3.750623941421509,958850,0,0.03942795581142936,2,0
98,149.8841384668996,2.4019463723472922,788014967105279628,i,1.0,True,False,788014967105257685,24.889968357463516,24.889124177097443,-0.0008441803660730329,,-0.727016806602478,23.021146395057283,23.085189490906444,0.06404309584916135,1.0,-21.03845977783203,21.702278159637235,21.767323391241405,0.06504523160417008,1.0,-58.18135070800781,20.867474091016568,20.96150461599362,0.09403052497705033,1.0,-103.564208984375,20.461298302778697,20.536769134171085,0.07547083139238708,1.0,-58.08052444458008,20.173389751224832,20.248576418709746,0.07518666748491398,1.0,-22.566286087036133,325306,0,0.059556634508201894,2,0
99,149.5217435820383,1.8873003234615666,788012355765172843,i,1.0,True,False,788012355765145465,24.62898756311377,24.682416169098087,0.053428605984315425,1.0,-1.7115086317062378,23.19971459385704,23.259250502038398,0.05953590818135979,1.0,-20.87764549255371,22.593071661750784,22.657133292512682,0.06406163076189841,1.0,-30.926246643066406,22.323861284089663,22.40804968820448,0.08418840411481554,1.0,-25.071638107299805,22.23368345457424,22.30542460247895,0.07174114790471009,1.0,-10.260051727294922,22.155691725437613,22.236906513264273,0.08121478782666003,1.0,-3.44525146484375,155677,0,0.05648184863692895,2,0
100,149.66878620329567,1.9540097247205102,788012974240457689,i,1.0,True,False,788012974240433799,25.17916747492081,25.218248338691474,0.03908086377066411,0.0,-0.8078432679176331,22.266114223134355,22.334650265360473,0.06853604222611764,1.0,-62.509307861328125,20.83962714919076,20.902931237303,0.06330408811223975,1.0,-136.5470733642578,19.69027214910738,19.771766719529857,0.08149457042247832,1.0,-311.59222412109375,19.171465966313047,19.236625876908995,0.06515991059594839,1.0,-185.0919952392578,18.927621053943888,19.00690943480653,0.07928838086264278,1.0,-103.82810974121094,948017,0,0.08704907014409058,2,1
101,149.87292574696707,2.469771521176946,788014967105283453,i,1.0,True,False,788014967105259297,25.638354786715045,25.69283459724482,0.05447981052977369,1.0,0.0973730981349945,23.76512509672388,23.829303793932695,0.06417869720881342,1.0,-10.663865089416504,22.740720248827788,22.803703903728767,0.06298365490097879,1.0,-23.813472747802734,22.276726567538038,22.3523891488481,0.07566258131006265,1.0,-29.53602409362793,22.062174573736414,22.126969343757448,0.06479477002103451,1.0,-13.946569442749023,22.01994193665272,22.062317310902635,0.042375374249914444,0.0,-4.030458450317383,77653,0,0.0766508669411964,2,0
102,150.21715853105624,2.180195919741923,788013455276798842,i,1.0,True,False,788013455276772457,24.877281625568187,24.898735138147774,0.021453512579586942,,-0.7493135929107666,23.350602074416855,23.420115036911703,0.06951296249484784,1.0,-23.305009841918945,22.644244330041957,22.706994985223186,0.06275065518122958,1.0,-18.917320251464844,22.357530520944433,22.443612616679957,0.08608209573552372,1.0,-18.811126708984375,22.18632390388604,22.25155669384035,0.06523278995430815,1.0,-7.675558090209961,22.012157749537273,22.062548969454696,0.05039121991742235,,-2.3058578968048096,753004,0,0.03575181460229986,2,0
103,150.6204293478351,1.9014162405966262,788012561923594764,i,1.0,True,False,788012561923571769,23.245933030862396,23.294242626517526,0.048309595655130266,1.0,-8.479776382446289,22.317812429802252,22.382400778236004,0.06458834843375172,1.0,-58.520538330078125,21.879714169027093,21.94232290501006,0.06260873598296612,1.0,-59.9090576171875,21.675911172283918,21.757089863769064,0.081178691485146,1.0,-58.823360443115234,21.59821478362672,21.668515516271015,0.07030073264429504,1.0,-24.82769012451172,21.60199490222739,21.67198475904398,0.06998985681659065,1.0,-7.0544562339782715,76560,0,0.037561301931694276,2,0
104,150.30002212308585,2.7093715494228667,788015448141626065,i,1.0,True,False,788015448141598528,23.945666403837315,23.967755358563892,0.022088954726577015,0.0,-4.8590407371521,23.18459954007443,23.236233118919053,0.05163357884462272,1.0,-22.10112190246582,22.659173219730256,22.721768662671074,0.0625954429408182,1.0,-24.729280471801758,22.500464432706323,22.592155731681302,0.09169129897497896,1.0,-24.507593154907227,22.250719927497602,22.326255255536054,0.07553532803845187,1.0,-10.770806312561035,22.318279695518,22.373981271805448,0.0557015762874471,0.0,-3.7294108867645264,838210,0,0.021942141936214406,2,0
105,149.8486197159678,2.777069249143015,788016341494816718,i,1.0,True,False,788016341494793654,24.5932077492145,24.623886232295725,0.030678483081224783,0.0,-2.149510383605957,22.975181638442773,23.041101228670033,0.06591959022726002,1.0,-34.239994049072266,22.258457644249482,22.32096988764522,0.06251224339573724,1.0,-46.986717224121094,21.941239804777254,22.024585209087856,0.08334540431060233,1.0,-51.09962463378906,21.79435412666478,21.8632235220554,0.06886939539062098,1.0,-21.810998916625977,21.65873390617173,21.73443508049438,0.07570117432264922,1.0,-6.254781723022461,821900,0,0.06434590485014968,2,0
106,149.90491475164916,1.7832178425824716,788012218326213651,i,1.0,True,False,788012218326189561,23.8419822977434,23.8845503029643,0.04256800522090032,1.0,-3.967771291732788,22.793088273694558,22.858288950548193,0.06520067685363529,1.0,-32.86435317993164,22.336031786425714,22.398299314463813,0.062267528038098874,1.0,-33.696929931640625,22.146296754288045,22.226570105937633,0.08027335164958771,1.0,-42.302330017089844,22.072629438613017,22.14024465755464,0.06761521894162215,1.0,-13.241718292236328,22.015755345904886,22.09155194936377,0.07579660345888328,1.0,-4.519082546234131,664097,0,0.05312698797361325,2,0
107,150.1353585111031,1.9878975004886992,788012768082029702,i,1.0,True,False,788012768082004287,25.173670547927838,25.14032336397587,-0.03334718395196745,1.0,-0.7197206020355225,23.74808910778537,23.802831955901198,0.05474284811582919,1.0,-11.924092292785645,22.747760988075036,22.807810706106583,0.06004971803154646,1.0,-24.364643096923828,22.2698845351209,22.35042712702542,0.08054259190451774,1.0,-31.681201934814453,22.011597407477996,22.07892223277868,0.06732482530068395,1.0,-15.40835952758789,21.960343044527527,22.026861474756757,0.06651843022923032,1.0,-3.5669193267822266,464913,0,0.04251639033241342,2,0
108,150.66093363158473,1.975345385825413,788012561923598965,i,1.0,True,False,788012561923573761,21.97211823451522,22.020050979975995,0.04793274546077342,0.0,-35.10517501831055,21.62442697807719,21.6865183974777,0.06209141940050955,1.0,-127.85580444335938,21.43741011445953,21.496980553256922,0.059570438797390324,1.0,-101.2568359375,21.314379912780744,21.41286287666761,0.09848296388686606,1.0,-72.01311492919922,21.12461705539849,21.212445921695853,0.08782886629736097,1.0,-41.74382781982422,20.812903962246075,20.89259670440947,0.07969274216339528,1.0,-14.515421867370605,246222,0,0.01242937057356496,2,0
109,150.07416979703197,1.8704480253456155,788012149606743713,i,1.0,True,False,788012149606715079,23.94506423553003,23.970817519065363,0.025753283535333793,1.0,-4.06473445892334,22.686825657158593,22.73369762000892,0.04687196285032513,1.0,-53.591732025146484,22.073827098251336,22.133348348890834,0.059521250639498646,1.0,-59.99822235107422,21.795199561169117,21.869845307816362,0.07464574664724566,1.0,-52.09663391113281,21.701280011373647,21.768826225621705,0.06754621424805762,1.0,-21.03182029724121,21.615561187212972,21.673710926454692,0.05814973924172051,1.0,-7.079281330108643,899243,0,0.01904773732675441,2,0
110,149.5339586090465,2.62640160453761,788015791739003226,i,1.0,True,False,788015791738980016,23.18924191860262,23.236933378420407,0.047691459817787774,1.0,-8.182826042175293,21.922603103695103,21.978120836011065,0.055517732315962576,1.0,-81.73148345947266,21.320567373296214,21.379784528068924,0.0592171547727105,1.0,-91.51802825927734,21.054896434983796,21.132094530663636,0.07719809567984015,1.0,-98.98591613769531,20.962583347404422,21.024860501643293,0.06227715423887048,1.0,-38.12599563598633,20.87950992585774,20.948121636566015,0.0686117107082751,1.0,-11.655780792236328,909640,0,0.0641970981776153,2,1
111,150.58928606362522,2.599751884879216,788015310702665596,i,1.0,True,False,788015310702642283,24.23081312829079,24.266172763959677,0.035359635668886114,1.0,-2.690030813217163,23.09549702975475,23.156953840056296,0.06145681030154648,1.0,-24.553218841552734,22.548090670601802,22.606191256992574,0.05810058639077198,1.0,-29.08944320678711,22.35015681206088,22.42789964439538,0.07774283233450063,1.0,-27.260684967041016,22.29808925270904,22.36216971336058,0.06408046065153883,1.0,-10.7708158493042,22.19670165417943,22.27165705526098,0.07495540108154941,1.0,-2.7340774536132812,654707,0,0.015467309670539952,2,0
112,149.53891595869763,2.6784786776214218,788015791739005903,i,1.0,True,False,788015791738981225,23.343097402240154,23.384499704513956,0.04140230227380215,1.0,-7.1470465660095215,22.586955328177375,22.640789394416586,0.05383406623921161,1.0,-40.22709655761719,22.20561970798486,22.262560276840397,0.056940568855537776,1.0,-40.85376739501953,22.09948218783072,22.173292016020206,0.07380982818948567,1.0,-34.034934997558594,22.087821440860928,22.152586758434552,0.0647653175736238,1.0,-12.946744918823242,22.005438582173504,22.088335997374685,0.08289741520118099,1.0,-4.437764644622803,607287,0,0.2750824108638884,2,0
113,149.68192130134722,2.3338883509510984,788014348629994617,i,1.0,True,False,788014348629969588,22.377783978794703,22.416926912391485,0.039142933596782115,1.0,-20.01537322998047,19.73827067932106,19.793290192618556,0.05501951329749488,1.0,-752.804443359375,18.456819500835195,18.512905444576234,0.05608594374103859,1.0,-1733.8133544921875,17.54914561090213,17.620813398287307,0.0716677873851772,1.0,-3237.81005859375,17.126262892225814,17.18654469618986,0.060281803964045366,1.0,-1556.0836181640625,16.917388037214558,16.9837350502343,0.06634701301974388,1.0,-527.2607421875,368415,0,0.16260903396840548,2,1
114,150.5113993316584,2.850762342124666,788016066616915594,i,1.0,True,False,788016066616888532,21.781116322256985,21.82451091072401,0.04339458846702371,0.0,-40.17876434326172,21.703242248062583,21.76010762194833,0.05686537388574564,1.0,-97.33956909179688,21.67193490626394,21.727861326677516,0.055926420413577205,1.0,-68.76350402832031,21.606533840227442,21.719234510090054,0.11270066986261185,1.0,-44.221492767333984,21.58422893603617,21.680755010789273,0.09652607475310404,1.0,-20.56703758239746,21.527141675002472,21.617327837871983,0.09018616286951087,1.0,-4.8174729347229,704896,0,0.2515391546724575,2,1
115,149.85470074922,2.606936219774894,788015654300049727,i,1.0,True,False,788015654300025931,22.60769571158876,22.639994522927495,0.03229881133873391,1.0,-14.849799156188965,22.536219101763635,22.603659245583465,0.06744014381983021,1.0,-49.94317626953125,22.48624588469046,22.541958232478766,0.055712347788304584,1.0,-31.112998962402344,22.18786764666978,22.274239138438674,0.0863714917688938,1.0,-40.28835678100586,21.896938969750835,21.96486552202299,0.06792655227215505,1.0,-18.286739349365234,22.081591714084617,22.14891986369839,0.06732814961377187,1.0,-2.9225146770477295,729243,0,0.0277278455803314,2,0
116,150.71646793559668,2.6933418126920166,788015310702670864,i,1.0,True,False,788015310702644532,26.491910602921187,26.534854603744886,0.04294400082369876,1.0,0.9053378105163574,23.05740118695568,23.11428053300172,0.05687934604603839,1.0,-23.541297912597656,21.844674177813246,21.9003055828084,0.055631404995153844,1.0,-52.81892395019531,20.642506459680284,20.715995244991287,0.07348878531100311,1.0,-141.0060577392578,20.08484765495354,20.145172446305708,0.06032479135216917,1.0,-97.43657684326172,19.837179467473966,19.883850608867014,0.04667114139304829,1.0,-33.30487060546875,746687,0,0.18071968144039796,2,0
117,150.5566216139118,2.5843952535979926,788015379422140658,i,1.0,True,False,788015379422118459,24.110681106623705,24.14127327294306,0.03059216631935513,,-2.5721731185913086,22.736806250851856,22.7987693560757,0.06196310522384252,1.0,-32.8252067565918,21.52844258275573,21.583729896801778,0.0552873140460477,1.0,-59.87773132324219,20.654968286929932,20.738417227489872,0.0834489405599399,1.0,-154.4219207763672,20.215989154934604,20.2861603676461,0.07017121271149662,1.0,-97.84431457519531,20.028154338431527,20.092921895691298,0.06476755725977057,1.0,-24.9975528717041,639051,0,0.054032281043623925,2,1
118,149.69581217474317,2.5490463366517098,788015035824765501,i,1.0,True,False,788015035824738248,24.08658692840752,24.129987568059114,0.04340063965159402,1.0,-3.0301895141601562,23.08476880909201,23.143545063823524,0.05877625473151227,1.0,-20.88381576538086,22.49873874324568,22.552640071107568,0.05390132786188673,1.0,-25.11882972717285,21.901063941731685,21.972678147368455,0.07161420563677012,1.0,-37.08494186401367,21.66049990209909,21.71928523109453,0.05878532899544098,1.0,-17.63016700744629,21.42897409916991,21.48892712177394,0.05995302260403079,1.0,-7.544712543487549,45994,0,0.010123726713955658,2,0
119,150.0585489484883,2.730342459518847,788015585580580956,i,1.0,True,False,788015585580552377,22.55743142775244,22.60055999686604,0.0431285691135983,1.0,-17.168174743652344,22.251956786150274,22.319556934454774,0.0676001483044999,1.0,-53.46556854248047,21.954063157023956,22.007963515443407,0.05390035841945107,1.0,-50.251922607421875,21.77211034522449,21.86179751765011,0.08968717242562008,1.0,-44.23540496826172,21.419891242439704,21.49288174706636,0.0729905046266559,1.0,-28.37404441833496,21.2254979938697,21.299272650168106,0.07377465629840785,1.0,-9.089274406433105,291149,0,0.013920737643266018,2,1
120,150.20684652566462,1.7214462839507032,788011393692500183,i,1.0,True,False,788011393692471274,23.119960751458528,23.179103981386874,0.05914322992834542,1.0,-8.405853271484375,22.790527041575736,22.84894896377856,0.05842192220282527,1.0,-38.80594253540039,22.58096111576601,22.63468375133633,0.05372263557032042,1.0,-27.121191024780273,22.409521317190126,22.50794272829404,0.09842141110391367,1.0,-22.04505157470703,22.376282599409812,22.45912560171229,0.08284300230247865,1.0,-11.364412307739258,21.859132600159406,21.93184127665795,0.07270867649854296,1.0,-4.201746463775635,238578,0,0.013377608076688129,2,0
121,149.55071137727518,1.942246408023676,788013042959932949,i,1.0,True,False,788013042959910119,25.65726672015395,25.663141111790345,0.005874391636396581,0.0,-0.5902696251869202,23.24067165070605,23.29712013605709,0.05644848535103719,0.0,-22.61459732055664,22.311983232528956,22.36491867781382,0.052935445284862936,1.0,-33.623802185058594,21.83475768553766,21.95445409622905,0.11969641069138959,1.0,-39.31483840942383,21.573886577316017,21.677359448398935,0.1034728710829178,1.0,-15.321516036987305,21.365233876061886,21.469504094796253,0.10427021873436715,1.0,-5.548173904418945,803090,0,0.07889014461795704,2,0
122,149.7574328971388,1.7929643139162086,788012218326214293,i,1.0,True,False,788012218326189851,24.21903582821858,24.26195821832702,0.04292239010844057,1.0,-2.9160983562469482,23.35582555907331,23.415801329267293,0.059975770193982925,1.0,-20.922889709472656,22.97287483784801,23.025348136337943,0.05247329848993232,1.0,-19.80512237548828,22.81791829052555,22.887428043181117,0.06950975265556636,1.0,-15.069401741027832,22.79348904244985,22.849434652874805,0.05594561042495627,1.0,-6.578855514526367,22.8813398491426,22.9382536542239,0.05691380508130095,1.0,-0.9798855185508728,36215,0,0.03536006708545371,2,0
123,150.3782280456809,2.196353782900543,788013386557324918,i,1.0,True,False,788013386557296321,23.709708933675934,23.74775902062876,0.038050086952825524,1.0,-5.17904806137085,23.735719935998898,23.79355136584818,0.05783142984928347,1.0,-14.011870384216309,22.98833251657758,23.0408015599744,0.05246904339682246,1.0,-20.399019241333008,22.492053947728586,22.564715723510545,0.07266177578195965,1.0,-25.432109832763672,22.44531042782915,22.50625674049578,0.060946312666629865,1.0,-9.86047077178955,22.16832400515569,22.232547688135696,0.06422368298000691,1.0,-3.7587199211120605,930623,0,0.015477112695127877,2,0
124,150.72362309773433,2.5572654259493297,788014623507905012,i,1.0,True,False,788014623507877947,24.900755129474536,24.94575073065834,0.0449956011838033,1.0,-2.043104648590088,22.266505939032932,22.310869912186472,0.04436397315354057,1.0,-49.1974983215332,20.930167177612258,20.98258179042655,0.05241461281429238,1.0,-121.02610778808594,20.09097991066498,20.168547305256478,0.07756739459149742,1.0,-236.81130981445312,19.70430206905306,19.772137397641895,0.0678353285888349,1.0,-216.34559631347656,19.50836917547115,19.570039458532264,0.06167028306111533,1.0,-43.90262985229492,28608,0,0.06651897904971249,2,1
125,149.90559163452897,1.9006563193522639,788012905520979592,i,1.0,True,False,788012905520955668,22.21230682651213,22.24688003510437,0.03457320859223856,1.0,-24.1573486328125,21.336051265700366,21.392906350118164,0.05685508441779774,1.0,-153.61109924316406,20.926287306667547,20.978029366061712,0.051742059394165096,1.0,-146.26136779785156,20.774127398688144,20.8476052772326,0.07347787854445542,1.0,-138.8986053466797,20.71027844235924,20.767861973032538,0.057583530673298355,1.0,-43.96284866333008,20.670192792702004,20.73307148004031,0.06287868733830493,1.0,-17.28719139099121,356686,0,0.016870453134869814,2,0
126,149.50672297054257,2.07468542773656,788013730154701024,i,1.0,True,False,788013730154676700,24.935673828284216,24.99633455456192,0.06066072627770325,0.0,-1.7545020580291748,23.92534356300858,23.97799428496404,0.05265072195546239,1.0,-14.128447532653809,22.871986449341136,22.923427332363087,0.05144088302195016,1.0,-27.382883071899414,22.376292240831,22.442629245376907,0.06633700454590752,1.0,-34.81907272338867,22.031922572482827,22.087920736274118,0.05599816379129052,1.0,-17.211978912353516,21.662552513507926,21.721719065079306,0.059166551571379955,1.0,-7.1267008781433105,278087,0,0.018083070117375,2,0
127,150.36435251713945,2.3440995650123337,788014073752088825,i,1.0,True,False,788014073752062863,23.7401026116192,23.759797971882456,0.019695360263256134,1.0,-4.22999382019043,21.23145979864668,21.284053445823368,0.05259364717668902,1.0,-125.7884750366211,19.915093582482292,19.965873058112138,0.050779475629845194,1.0,-293.60369873046875,18.802097070338498,18.868605759884137,0.06650868954563904,1.0,-696.6595458984375,18.294112668415305,18.34835579938104,0.054243130965733855,1.0,-523.7340698242188,18.050620787059888,18.11898920274241,0.06836841568252083,1.0,-178.29185485839844,567587,0,0.10040317350225915,2,1
128,150.22873702021081,2.5535467278283006,788014829666334814,i,1.0,True,False,788014829666308081,27.646836638328494,27.76397927848934,0.11714264016084641,,,24.210762776835477,24.254954781688493,0.04419200485301644,0.0,-9.732048034667969,22.875824604980647,22.92622813210783,0.05040352712718388,1.0,-22.961841583251953,22.187734573319982,22.257447833567173,0.06971326024719104,1.0,-35.629215240478516,21.878030510012838,21.93530103539774,0.05727052538490085,1.0,-20.705829620361328,21.738791102457576,21.79834433134203,0.0595532288844538,1.0,-5.121277332305908,152532,0,0.10166287783908913,2,0
129,149.50601543942858,1.8091319448250809,788012355765168223,i,1.0,True,False,788012355765143563,23.579905698589403,23.601869844427092,0.02196414583768913,0.0,-6.718963146209717,22.504122572162473,22.55670635579018,0.05258378362770699,1.0,-36.48063278198242,22.49330507293649,22.54332826347043,0.05002319053393833,1.0,-31.400924682617188,22.260675558347245,22.327713960770126,0.06703840242288095,1.0,-24.9124813079834,21.928381295379115,21.981787855383402,0.05340656000428723,1.0,-13.134164810180664,21.625980467028903,21.68953743240693,0.06355696537802658,1.0,-5.784900188446045,290650,0,0.011540252510372205,2,0
130,149.89771705045493,1.8238878335740132,788012218326215714,u,1.0,True,False,788012218326190477,23.679516648632795,23.72721741938335,0.04770077075055568,1.0,-5.407880783081055,21.38636959169755,21.435727477484434,0.049357885786882605,0.0,-127.83043670654297,20.374141382423552,20.423180949644532,0.04903956722098002,0.0,-231.79501342773438,19.937100167904177,20.000259725891503,0.06315955798732631,0.0,-406.431640625,19.76030242591791,19.811229569872356,0.05092714395444631,0.0,-122.53975677490234,19.630610875784324,19.686683002486173,0.056072126701849356,0.0,-46.3033561706543,439251,0,0.10513414752196276,2,1
131,150.29916384309985,2.0377590422202987,788012699362557345,i,1.0,True,False,788012699362528981,21.97919682073579,22.01485247034341,0.035655649607619466,1.0,-34.69707489013672,21.040843947834436,21.0868874225899,0.04604347475546433,1.0,-229.69192504882812,20.638010393398375,20.68595511120893,0.047944717810555204,1.0,-228.15090942382812,20.479684455106046,20.54711104661191,0.06742659150586405,1.0,-145.67340087890625,20.426403647928545,20.480756476990504,0.054352829061958374,1.0,-62.45332717895508,20.413534379233592,20.469862451648225,0.05632807241463311,1.0,-18.2662410736084,932905,0,0.05428072717341486,2,0
132,150.485197341809,1.8030588295476724,788011943448307627,i,1.0,True,False,788011943448282982,23.648882949147517,23.684877558801134,0.035994609653617005,1.0,-5.031721591949463,23.124270634146274,23.177630256770698,0.05335962262442351,1.0,-25.464902877807617,22.503419339978226,22.551310828767505,0.04789148878927918,1.0,-33.13668441772461,22.067956220879353,22.13261754491381,0.06466132403445712,1.0,-37.570194244384766,21.803030411238677,21.855188042194545,0.05215763095586823,1.0,-19.101154327392578,21.42253447254196,21.472320818970505,0.04978634642854374,1.0,-7.268390655517578,159369,0,0.00938379072298443,2,1
133,149.83468634761257,1.817632998879893,788012218326215494,i,1.0,True,False,788012218326190425,24.34161765084845,24.374541400214625,0.03292374936617648,1.0,-1.8046879768371582,23.50778601855322,23.552492490707007,0.04470647215378776,1.0,-14.303145408630371,22.971851740500604,23.017990196978726,0.04613845647812198,1.0,-15.973740577697754,22.282150739709323,22.337444860648553,0.05529412093923014,1.0,-30.446056365966797,21.898207555945,21.945495288285166,0.047287732340166144,1.0,-13.270709991455078,21.68777667921861,21.73175533499225,0.04397865577363902,1.0,-5.617565155029297,383972,0,0.0037976330888364247,2,0
134,150.4248110130458,1.772139283419525,788011943448306011,i,1.0,True,False,788011943448282313,22.80441818329763,22.837899749986782,0.03348156668915081,1.0,-13.285512924194336,22.387967279848798,22.436614176175407,0.048646896326609124,1.0,-54.85280990600586,22.56361583265313,22.609704603192547,0.0460887705394164,1.0,-31.55522918701172,22.785949494185417,22.850546624199943,0.06459713001452627,1.0,-21.116783142089844,23.01290554017079,23.05969446061492,0.04678892044412919,1.0,-5.7709550857543945,23.23533676408383,23.25578144928447,0.020444685200640578,0.0,-1.8407536745071411,768600,0,0.13542386857628244,2,0
135,150.0450695055374,2.2178360506848867,788013523996277841,i,1.0,True,False,788013523996250083,23.672385300963057,23.69448371580023,0.02209841483717412,0.0,-7.476112365722656,23.298287213313124,23.338433592885792,0.04014637957266842,1.0,-22.78426170349121,22.865379220864426,22.910838888315528,0.04545966745110164,1.0,-21.54030990600586,22.683223597805963,22.74647957673022,0.06325597892425705,1.0,-19.593217849731445,22.425769038545084,22.47483713011603,0.049068091570944716,1.0,-12.662378311157227,22.253008951664192,22.306622157805087,0.05361320614089493,1.0,-3.164388418197632,215285,0,0.007075240457044661,2,0
136,150.17325497734683,1.7596005012925942,788012080887259483,i,1.0,True,False,788012080887235410,25.456576385602794,25.49665700665283,0.04008062105003418,,0.13129165768623352,24.103720475202053,24.14904816961323,0.04532769441117779,0.0,-11.087746620178223,22.815207402930625,22.86062304577971,0.04541564284908617,0.0,-20.670209884643555,21.67094044032953,21.741382287463594,0.0704418471340631,1.0,-44.260169982910156,21.179182709629877,21.235313319580982,0.056130609951104304,1.0,-30.91924285888672,20.926179773924865,20.98515967512249,0.058979901197623974,1.0,-11.590648651123047,804051,0,0.04754638208585877,2,0
137,150.51813162018206,2.5217151675543774,788014692227380384,i,1.0,True,False,788014692227353781,25.16744677047577,25.15351341197559,-0.013933358500178628,1.0,-0.670450747013092,23.50628485060353,23.552200361679645,0.0459155110761138,1.0,-13.956660270690918,22.866015493300523,22.911123296855614,0.0451078035550907,1.0,-20.661296844482422,22.848824731551552,22.917887544536107,0.06906281298455497,1.0,-17.557016372680664,22.65268862807,22.70313279142934,0.05044416335934088,1.0,-8.066581726074219,22.122382640268327,22.170071188007206,0.047688547738879095,0.0,-3.374939441680908,874767,0,0.026881879084832788,2,0
138,150.19166748009926,1.8633930228385425,788012080887266523,i,1.0,True,False,788012080887238256,24.794989037097164,24.813912228248164,0.01892319115099994,1.0,-0.809605598449707,23.17711008310733,23.221743372550115,0.04463328944278544,1.0,-21.981430053710938,22.135453224314304,22.18037919015015,0.044925965835844295,1.0,-52.793968200683594,21.333516134468837,21.399612003465034,0.06609586899619657,1.0,-69.29317474365234,20.93704619838562,20.98810989180929,0.05106369342367145,1.0,-39.86027526855469,20.790687962028073,20.84803693690022,0.057348974872144964,1.0,-14.08090591430664,889322,0,0.03324096411678323,2,0
139,150.36503217602618,2.7860653734449503,788016135336388254,i,1.0,True,False,788016135336363619,22.318807587070985,22.357937693535757,0.03913010646477133,1.0,-19.785642623901367,19.745719273390126,19.792000425158548,0.04628115176842229,1.0,-852.7694091796875,18.49336207341738,18.53826207843103,0.044900005013648325,1.0,-1900.3673095703125,17.27762006486182,17.345739697770224,0.0681196329084024,1.0,-6601.97021484375,16.739759952940496,16.79416886877076,0.054408915830265414,1.0,-3426.60009765625,16.47741750428458,16.53053534682448,0.05311784253989771,1.0,-1018.853515625,916754,0,0.09133526901427295,2,1
140,149.81627228653034,2.7426870908609247,788016341494814401,i,1.0,True,False,788016341494792641,23.378172248514034,23.416024509276816,0.03785226076278292,0.0,-7.917383193969727,23.509258561846195,23.57523660630325,0.06597804445705435,1.0,-18.10630226135254,22.89240406894859,22.936979393000342,0.044575324051752574,0.0,-23.095539093017578,22.884608390512675,22.957944661460246,0.07333627094757134,1.0,-17.174402236938477,22.909871412553613,22.967277546752467,0.05740613419885321,1.0,-6.400728225708008,22.870085895916404,22.927703286969695,0.057617391053291556,1.0,-1.3535552024841309,443529,0,0.028619908948449364,2,0
141,149.91243877857718,2.2003182556353718,788013592715753510,i,1.0,True,False,788013592715726369,21.238138288647086,21.2753655786329,0.03722728998581459,0.0,-61.31475830078125,20.858272568549918,20.90871979726816,0.05044722871824092,1.0,-237.94198608398438,20.64308217472472,20.687353420188465,0.044271245463743725,1.0,-179.46044921875,20.382439082531246,20.4618338496959,0.07939476716465421,1.0,-186.20677185058594,20.214417213697523,20.279454935813888,0.06503772211636516,1.0,-82.10433959960938,20.219380111345615,20.288223793093334,0.06884368174771893,1.0,-29.086753845214844,856462,0,0.02027418163792443,2,1
142,150.58195485739512,2.2996877981193338,788013936313133198,i,1.0,True,False,788013936313108355,24.055003009519215,24.07374142141166,0.018738411892446294,0.0,-4.230865001678467,23.05097367914178,23.082162017125114,0.03118833798333398,1.0,-26.321598052978516,22.507840655379706,22.55210660099015,0.04426594561044439,1.0,-30.23708152770996,22.29280788247493,22.354715617410598,0.06190773493566937,1.0,-30.338258743286133,22.242692793143824,22.288056226690315,0.045363433546491194,1.0,-12.500288009643555,22.204358539234846,22.236037446318818,0.03167890708397181,1.0,-3.2944750785827637,33119,0,0.038238301271174995,2,0
143,150.17655244099697,1.7594488098020853,788012080887259502,i,1.0,True,False,788012080887235410,23.557868549522127,23.596690501065556,0.03882195154342938,1.0,-5.447136402130127,22.769341834090405,22.829678939165255,0.06033710507485068,1.0,-32.66783905029297,21.979527029661504,22.023414644014245,0.04388761435274091,1.0,-43.366973876953125,21.593373600257575,21.6660292761213,0.07265567586372512,1.0,-46.82390213012695,21.40546734043219,21.465263837322116,0.05979649688992694,1.0,-24.775171279907227,21.142329727156447,21.198921325786696,0.05659159863024854,1.0,-9.738201141357422,787902,0,0.007144188872036723,2,1
144,149.8676234023624,2.274379551094663,788014279910514538,i,1.0,True,False,788014279910491156,22.65078782978862,22.681924586466167,0.03113675667754734,1.0,-13.47666072845459,20.115929825693954,20.162714065185874,0.04678423949192023,1.0,-406.81854248046875,18.84023512468807,18.88392966643609,0.04369454174801746,1.0,-901.0072021484375,18.051872842508814,18.11441822020963,0.0625453777008147,1.0,-1487.451416015625,17.695911135758685,17.746863854192057,0.05095271843337201,1.0,-816.3720703125,17.50736258769828,17.561952860352914,0.054590272654632344,1.0,-287.8122863769531,881605,0,0.10315010524920612,2,1
145,150.5353627318805,2.680840238727508,788015379422146821,i,1.0,True,False,788015379422121013,22.370247743631943,22.402961639841724,0.03271389620978127,1.0,-20.251691818237305,19.885204284242644,19.926132675014447,0.040928390771803436,1.0,-598.0450439453125,18.680734967709405,18.724374722961194,0.04363975525178887,1.0,-1429.8160400390625,17.98096194902584,18.04167841644977,0.06071646742393,1.0,-1922.3497314453125,17.653251412243634,17.70409778127693,0.050846369033294536,1.0,-956.8553466796875,17.485368559701797,17.528094016580738,0.042725456878940804,1.0,-349.3370056152344,756404,0,0.14319672880942064,2,1
146,150.33445833467692,2.527322824189978,788014760946830659,i,1.0,False,True,0,24.519620876111215,24.55374960288001,0.0341287267687953,,0.0,23.105558486493933,23.154870518408515,0.04931203191458167,1.0,0.0,22.25501240599903,22.298624154562205,0.04361174856317618,1.0,0.0,21.262514736811163,21.327891232987525,0.06537649617636276,1.0,0.0,20.765063825920702,20.814898478524007,0.04983465260330533,1.0,0.0,20.52849817414313,20.58457093729775,0.05607276315462073,1.0,0.0,921626,0,0.08394107202556263,2,0
147,150.20000515570376,2.8271327150734495,788016204055866782,i,1.0,True,False,788016204055841322,24.288904144393605,24.319297578329245,0.030393433935639536,0.0,-3.6932082176208496,21.88141580576564,21.92181232407963,0.04039651831399027,1.0,-77.49736785888672,20.827805117296478,20.871359933864476,0.043554816567997534,1.0,-145.02684020996094,20.378640754455283,20.434397747153938,0.05575699269865453,1.0,-181.02688598632812,20.174703641727145,20.220483019896257,0.045779378169111595,1.0,-85.20171356201172,20.044440593569554,20.09841381553193,0.05397322196237653,1.0,-33.67026138305664,426471,0,0.04209118738810897,2,1
148,150.50992551097428,2.2059164412142986,788013317837847100,i,1.0,True,False,788013317837819439,26.31750978701528,26.26544484618238,-0.052064940832899254,1.0,,24.168648298657313,24.217684181420864,0.049035882763551086,1.0,-8.169731140136719,22.90431013001556,22.947364959750452,0.04305482973489205,1.0,-16.00016975402832,21.74540519053767,21.8096807078445,0.06427551730682879,1.0,-45.15799331665039,21.221881722357338,21.27081536778713,0.048933645429791284,1.0,-29.85018539428711,20.991492817068192,21.03752900768672,0.046036190618529815,1.0,-8.863805770874023,958403,0,0.09229718628651172,2,0
149,150.65093235104064,1.9690290391636196,788012561923599067,i,1.0,True,False,788012561923573802,24.52541267936589,24.570550914201718,0.04513823483582868,0.0,-2.1342337131500244,23.193761551026512,23.23930368215204,0.045542131125529295,1.0,-23.906211853027344,22.57770973935836,22.620682425260213,0.04297268590185155,1.0,-33.57637405395508,22.308439820066077,22.3808593138557,0.07241949378962431,1.0,-30.626062393188477,22.189153548018695,22.24449021151422,0.05533666349552391,1.0,-13.013765335083008,22.086380083212497,22.155922387803116,0.06954230459061961,1.0,-4.842623233795166,164647,0,0.043084597754523175,2,0
150,149.58588905818,1.8076007646017178,788012287045693049,i,1.0,True,False,788012287045666924,24.395463584640154,24.395573409606385,0.00010982496623057614,,-1.935194730758667,23.23763992261583,23.280522045196825,0.042882122580994775,1.0,-23.99262046813965,22.688544495892742,22.730520765745553,0.04197626985281033,1.0,-28.1937313079834,22.48372645243912,22.539605433942963,0.05587898150384163,1.0,-27.9894962310791,22.392312403884006,22.43944256746203,0.04713016357802502,1.0,-10.833112716674805,22.347015033192804,22.391782370119724,0.044767336926920365,1.0,-2.526078224182129,222862,0,0.05475687194926167,2,0
151,149.6319394253368,1.6987200182101232,788011599850926624,i,1.0,True,False,788011599850900686,25.68413978175596,25.702389646027495,0.018249864271535188,,-0.2685423493385315,23.590110241212347,23.63324733977158,0.043137098559231646,1.0,-16.603466033935547,22.563674590278033,22.605510289517564,0.04183569923953101,1.0,-25.282867431640625,22.08161704065008,22.134443288264563,0.05282624761448318,1.0,-45.23233413696289,21.85102538286726,21.887241978169097,0.03621659530183763,1.0,-19.16080093383789,21.736936845654373,21.77126381212555,0.034326966471176945,1.0,-6.647866249084473,636150,0,0.074543778665321,2,0
152,150.3496588139014,1.948303746779582,788012699362551281,i,1.0,True,False,788012699362526648,26.249293711177476,26.288233782247083,0.038940071069607285,,,23.66946292839172,23.708303908880843,0.03884098048912321,1.0,-15.098995208740234,22.556170884475137,22.597828938368426,0.041658053893289804,1.0,-30.604524612426758,22.13757881552912,22.191425156529373,0.053846341000252096,1.0,-32.50645065307617,21.936897922199194,21.981491918254886,0.04459399605569203,1.0,-16.06012535095215,21.817125369618864,21.871214830780254,0.05408946116138935,1.0,-4.926408290863037,954439,0,0.034833168421418495,2,0
153,149.9492536621558,1.881702407273138,788012149606744647,i,1.0,True,False,788012149606715470,24.815428912927665,24.811292013548574,-0.004136899379091119,1.0,-1.67827308177948,23.51677923259831,23.554943849825776,0.03816461722746567,1.0,-20.022010803222656,22.59788510294709,22.639488673920127,0.04160357097303802,1.0,-34.69024658203125,22.178092340968544,22.23285235340446,0.054760012435917105,1.0,-32.74879837036133,21.958591688734952,22.001739851868006,0.04314816313305414,1.0,-14.279097557067871,21.809962482140083,21.864484442586132,0.05452196044604918,1.0,-6.314722537994385,86140,0,0.06159536842364985,2,0
154,150.06839653844878,2.623617492624424,788015585580573985,i,1.0,True,False,788015585580549692,24.71992879398524,24.752240041653543,0.03231124766830362,1.0,-1.4943281412124634,23.669684495013918,23.70554949508509,0.03586500007117266,0.0,-17.95887565612793,22.72350743876906,22.765063248813014,0.04155581004395259,1.0,-27.498779296875,22.138932644421775,22.198626555048875,0.059693910627100166,1.0,-40.53303527832031,21.69644494238798,21.742392357541977,0.045947415153996474,1.0,-22.309114456176758,21.459943810390214,21.510166933648936,0.05022312325872136,1.0,-6.395603179931641,953581,0,0.006409643668904245,2,0
155,149.5317803027169,2.3663819582138594,788014417349475302,i,1.0,True,False,788014417349447391,22.74878406733928,22.781281710921217,0.0324976435819373,1.0,-11.873346328735352,21.939900958015443,21.985141097746173,0.04524013973072982,1.0,-82.88434600830078,21.534572186461844,21.576000971728014,0.04142878526617011,1.0,-78.40338134765625,21.39240368609709,21.451176188229667,0.058772502132576676,1.0,-88.05914306640625,21.352663822186468,21.39641102758915,0.04374720540268129,1.0,-26.780044555664062,21.319156775651056,21.35995309182844,0.040796316177384995,1.0,-8.232436180114746,781036,0,0.06603073813597024,2,0
156,149.89511408125952,2.107449935431346,788013592715748100,i,1.0,True,False,788013592715724090,25.803536468839575,25.756636809993694,-0.046899658845880765,,-0.45098286867141724,23.322388232641718,23.364838711366566,0.04245047872484875,1.0,-23.549968719482422,21.876580086407586,21.917128441843165,0.040548355435579,1.0,-69.09265899658203,20.408927609714773,20.469645494986324,0.06071788527155064,1.0,-242.2750701904297,19.734591666098986,19.782059660482496,0.047467994383509904,1.0,-170.16763305664062,19.432133469068717,19.484341226319614,0.05220775725089766,1.0,-65.3720932006836,817167,0,0.10493332817832042,2,0
157,150.1455903933966,2.0430538411142276,788012768082033353,i,1.0,True,False,788012768082005775,21.557732253748604,21.587083251898093,0.02935099814948927,1.0,-45.17766571044922,21.47057984881185,21.50763859341503,0.03705874460317915,1.0,-108.2060546875,21.081764854208323,21.122077874635327,0.040313020427003465,1.0,-152.38963317871094,21.027979530456754,21.0913210294324,0.063341498975646,1.0,-117.86522674560547,21.01117999055277,21.06275118214776,0.05157119159499146,1.0,-42.4522705078125,20.862106307613566,20.91371915881374,0.05161285120017567,1.0,-11.935200691223145,23706,0,0.019405916122284286,2,1
158,149.9556025192742,2.502051196364048,788014898385809368,i,1.0,True,False,788014898385783486,23.6827809697018,23.706816276624288,0.024035306922488786,1.0,-5.124217987060547,23.597072155033644,23.633813914648314,0.036741759614670855,1.0,-16.843055725097656,22.769288691978097,22.809428525759994,0.04013983378189678,1.0,-30.61443328857422,22.360476260852135,22.413139317843203,0.05266305699106866,1.0,-33.018245697021484,22.13361682263491,22.17184018198421,0.0382233593492991,1.0,-14.471672058105469,21.79172601790917,21.842822963923275,0.051096946014105527,1.0,-4.586713790893555,621428,0,0.014694905051558139,2,0
159,150.4545571985184,2.507482579146444,788014692227379299,i,1.0,True,False,788014692227353342,24.814594331853087,24.795924145188618,-0.018670186664468957,,-0.9612752199172974,22.92137556240631,22.95976669824849,0.038391135842179125,1.0,-26.604867935180664,21.72851208533487,21.767985670760357,0.039473585425486846,1.0,-60.96022415161133,21.12959551361312,21.187098136832233,0.05750262321911492,1.0,-90.63349914550781,20.844779821168732,20.89131307946274,0.04653325829400856,1.0,-46.11745834350586,20.72374166808956,20.75901577278205,0.03527410469249048,0.0,-15.924301147460938,686650,0,0.041438379983347734,2,0
160,150.42256058804477,2.0141311107497195,788012630643078523,i,1.0,True,False,788012630643051634,23.364550532438358,23.396154900233483,0.031604367795125654,1.0,-8.181136131286621,22.637953141049906,22.68215285250887,0.044199711458965396,1.0,-41.10333251953125,22.569901457422176,22.6089973754534,0.039095918031222254,1.0,-30.948760986328125,22.32049725499855,22.37434914097812,0.05385188597956869,1.0,-32.705482482910156,22.01981798589969,22.051853050888745,0.032035064989056394,1.0,-15.294038772583008,21.876594065472432,21.923385702779157,0.04679163730672542,0.0,-6.710164546966553,807327,0,0.0009601465461637885,2,0
161,149.5082298297663,2.7868488633556012,788016478933771043,i,1.0,True,False,788016478933747166,26.26328715743892,26.287410022590258,0.024122865151337436,0.0,,23.373563910005444,23.40984118162548,0.0362772716200368,1.0,-21.74227523803711,22.094525249222684,22.1335742082836,0.0390489590609171,1.0,-54.75586700439453,20.650876005486012,20.69746454576328,0.046588540277269885,1.0,-156.6811065673828,20.011375371297042,20.04900252504965,0.03762715375260939,1.0,-117.59606170654297,19.697451049089388,19.740606753100494,0.04315570401110591,1.0,-38.4963264465332,529445,0,0.037362420881719725,2,1
162,150.16379881957855,2.597664104576121,788015516861096259,i,1.0,True,False,788015516861072311,23.31380086816121,23.335661822120052,0.0218609539588428,0.0,-8.850210189819336,22.80650158874832,22.847791255821242,0.04128966707292392,1.0,-30.049880981445312,22.46990189137877,22.508790642612677,0.03888875123390889,1.0,-29.027355194091797,22.081936603404486,22.13638585754356,0.05444925413907242,1.0,-31.639162063598633,22.023964919901942,22.064097002371845,0.04013208246990274,1.0,-13.005853652954102,21.908856124522252,21.95583746905966,0.04698134453740721,1.0,-3.634178876876831,693437,0,0.013622783447034425,2,0
163,149.73889257961,2.73666362430134,788016410214291371,i,1.0,True,False,788016410214269315,22.279818943704967,22.317073538063344,0.037254594358376636,1.0,-19.754798889160156,21.574763525068335,21.61323600910834,0.038472484040006805,1.0,-131.0667724609375,21.252119784819342,21.29090404101698,0.038784256197637035,1.0,-120.66223907470703,21.050681442021105,21.114133752080527,0.06345231005942154,1.0,-112.4893569946289,20.95317136861427,21.005548813224312,0.052377444610041124,1.0,-46.39194107055664,20.890823603375555,20.948512554242498,0.057688950866943145,1.0,-14.191004753112793,371264,0,0.030539319981817168,2,1
164,150.3238011989126,2.552601750329437,788014760946858819,i,1.0,True,False,788014760946831317,24.609836304355966,24.649223754519312,0.039387450163346216,1.0,-1.5156317949295044,23.730607151790863,23.771131659936692,0.040524508145828975,1.0,-13.541359901428223,22.966586726157324,23.005238802794445,0.03865207663712056,1.0,-18.602880477905273,22.537105790955046,22.594108739955335,0.057002949000288794,1.0,-25.450254440307617,22.332164170641118,22.37072497794741,0.0385608073062933,1.0,-10.920389175415039,21.737011105561447,21.78034807636369,0.04333697080224397,0.0,-5.271442890167236,149039,0,0.01863969464120178,2,0
165,150.32698113432852,1.8443354782316965,788012012167788729,i,1.0,True,False,788012012167761050,23.276512378075683,23.31264231257812,0.03612993450243707,1.0,-10.911345481872559,21.885105284975204,21.92633768615881,0.04123240118360627,1.0,-109.53887176513672,21.207141225913325,21.245533041771523,0.03839181585819773,1.0,-109.81303405761719,20.87598419819919,20.936238957116483,0.06025475891729215,1.0,-128.3481903076172,20.73000124840167,20.776982482810055,0.046981234408384864,1.0,-72.73408508300781,20.661723981817083,20.711863257280292,0.05013927546320929,1.0,-17.808504104614258,730199,0,0.06403519848163249,2,0
166,149.7359158005861,2.0275665952447834,788012974240462058,i,1.0,True,False,788012974240435744,25.068042151118963,25.078240583040465,0.01019843192150205,1.0,-0.38096314668655396,23.50261736403644,23.55131521735293,0.048697853316490125,1.0,-14.8944091796875,22.85760461767033,22.89583680014875,0.03823218247842064,1.0,-19.42641258239746,22.460313288017396,22.523706942196803,0.06339365417940712,1.0,-21.087848663330078,21.91348183491604,21.956164099286156,0.04268226437011435,1.0,-14.209843635559082,21.499857824698164,21.5586470462363,0.058789221538134484,1.0,-5.658454418182373,796235,0,0.0106774988334769,2,0
167,150.30764922568815,1.6668442260413328,788011324973018884,i,1.0,True,False,788011324972993226,21.148230613861536,21.173657677904494,0.025427064042958136,1.0,-69.92060852050781,21.02874649136826,21.06949512898185,0.04074863761358927,1.0,-167.14585876464844,20.91517256479193,20.95339488083912,0.03822231604718951,1.0,-122.55001831054688,20.6942219883205,20.744895502273934,0.050673513953434224,1.0,-114.53720092773438,20.737114566947604,20.7779375622249,0.040822995277295604,1.0,-47.03312301635742,20.774588976716572,20.814759063434103,0.04017008671753075,1.0,-13.080662727355957,581035,0,0.015576411857193205,2,1
168,149.73895502108476,2.220688379503383,788013661435231204,i,1.0,True,False,788013661435203632,21.69480948532894,21.729759967231836,0.03495048190289651,1.0,-36.291748046875,21.277937291184827,21.32033009373069,0.042392802545862196,1.0,-188.5791778564453,20.726642180179372,20.76440444278086,0.03776226260148974,0.0,-163.52012634277344,20.50268296581488,20.570965628081492,0.06828266226661128,1.0,-162.92205810546875,20.50453182178712,20.55646690034775,0.051935078560632064,1.0,-74.04299926757812,19.971457917732995,20.028874455520537,0.05741653778754241,1.0,-32.89657974243164,260037,0,0.014626544688935105,2,1
169,150.53023317281298,2.630485743338082,788015379422143073,i,1.0,True,False,788015379422119394,24.94945057437111,24.953071209623083,0.0036206352519734253,,-1.0438861846923828,23.019858420620714,23.059842268641408,0.0399838480206931,1.0,-21.01827049255371,21.935130141593064,21.972834568593058,0.03770442699999421,1.0,-44.294029235839844,21.4517848845771,21.505817783067627,0.05403289849052584,1.0,-73.9476547241211,21.23979525238849,21.287405091028443,0.047609838639953495,1.0,-36.42859649658203,21.14844252780427,21.187269747252877,0.03882721944860634,1.0,-8.349407196044922,63308,0,0.126968533647616,2,0
170,150.68406202714314,2.0265282669482563,788012561923602087,i,1.0,True,False,788012561923575267,24.162917962010365,24.2082417497922,0.04532378778183599,1.0,-3.393289804458618,22.856020055460995,22.892751193835146,0.03673113837415087,0.0,-38.11872863769531,22.289429470616806,22.32678990319278,0.03736043257597288,1.0,-33.763038635253906,22.055917493561257,22.11355066017767,0.05763316661641227,1.0,-41.39320755004883,21.960161946970736,22.005898950709636,0.04573700373889977,1.0,-14.715170860290527,21.87758029036078,21.922600530004427,0.0450202396436481,0.0,-4.220783233642578,858879,0,0.03801463017920276,2,0
171,150.34389029522603,1.8818822365311727,788012012167791123,i,1.0,True,False,788012012167762046,24.602242419692328,24.616954737929888,0.01471231823756014,,-1.713963508605957,22.728406213306073,22.767695636907526,0.03928942360145271,1.0,-35.257442474365234,21.724523155778662,21.761479640412233,0.0369564846335706,1.0,-66.62223815917969,21.307188573780497,21.36115356030336,0.05396498652286397,1.0,-82.16912841796875,21.103044724318803,21.148231202454095,0.04518647813529242,1.0,-38.09027099609375,21.00969599627925,21.044127326604713,0.03443133032546086,0.0,-15.160572052001953,100332,0,0.08083209050982403,2,0
172,150.1411949094684,2.543503301046632,788014829666334187,i,1.0,True,False,788014829666307860,23.46944685267947,23.50075026828957,0.03130341561009686,1.0,-6.492030620574951,22.767418026394576,22.808274938711456,0.0408569123168796,1.0,-35.98319625854492,22.484171230289974,22.52106574844179,0.03689451815181499,1.0,-27.000545501708984,22.392639383759274,22.44745361273748,0.05481422897820565,1.0,-30.329648971557617,22.331862094270747,22.37442873883333,0.04256664456258363,1.0,-11.714338302612305,22.360110622513247,22.41745461707847,0.057343994565222545,0.0,-2.6681604385375977,26652,0,0.022266929555604265,2,0
173,149.9319768147503,2.5709925637230975,788015585580570761,i,1.0,True,False,788015585580548471,24.212690694757605,24.243012567762673,0.030321873005068056,1.0,-3.769782543182373,23.323398878846554,23.362141808703228,0.03874292985667438,1.0,-27.99222183227539,22.956013668253384,22.992576819486672,0.03656315123328824,1.0,-25.693622589111328,22.741066135180795,22.80460808645266,0.06354195127186557,1.0,-27.679492950439453,22.67960536710043,22.72920236222151,0.04959699512108173,1.0,-9.540756225585938,22.715685769309385,22.768878799224215,0.05319302991482999,1.0,-2.035454511642456,423145,0,0.014759434355186042,2,0
174,150.46296425564745,2.0090088864337137,788012630643077936,i,1.0,True,False,788012630643051392,21.504052881887837,21.53353786776261,0.029484985874773884,1.0,-50.07509994506836,21.15535530651596,21.19524149680447,0.03988619028850948,0.0,-167.61253356933594,20.96600007903269,21.002562290608147,0.03656221157545758,0.0,-140.8019561767578,20.99123767482325,21.049541293790014,0.0583036189667645,1.0,-91.48807525634766,20.938028830928623,20.98469986327583,0.04667103234720571,1.0,-40.678924560546875,20.558365581482008,20.6056482917485,0.047282710266493666,1.0,-19.14664649963379,745349,0,0.007988490089656042,2,1
175,150.0791629682746,2.8403744790163317,788016272775344835,i,1.0,True,False,788016272775318559,23.08975450690592,23.11278471214839,0.02303020524247046,1.0,-9.458124160766602,21.642701087314684,21.680184743053168,0.03748365573848389,1.0,-111.27545166015625,21.020443019434083,21.05681195947274,0.036368940038656206,1.0,-126.14104461669922,20.744421679256455,20.793306073948756,0.048884394692301214,1.0,-130.9047088623047,20.63854513234424,20.68046747403247,0.041922341688227505,1.0,-55.42496109008789,20.566918634858446,20.610885586406788,0.043966951548341626,1.0,-15.135489463806152,701298,0,0.06888580233775125,2,1
176,150.73943098496352,1.901525227865694,788012561923595214,i,1.0,True,False,788012561923571973,23.30045581826994,23.331195376163684,0.03073955789374594,0.0,-10.42524528503418,22.77303408729236,22.80853448353078,0.03550039623842238,1.0,-42.00600051879883,22.506421160269173,22.542712929010847,0.03629176874167328,1.0,-37.09598922729492,22.248545518202498,22.297981722081012,0.04943620387851411,1.0,-46.70628356933594,22.02196599564332,22.062179354103343,0.040213358460022164,1.0,-19.67325782775879,21.68769548470829,21.72016387003862,0.03246838533032914,1.0,-7.0412187576293945,339255,0,0.008781110998261246,2,1
177,150.1512627928307,1.6677947609855994,788011393692496607,i,1.0,True,False,788011393692469891,23.78792046029922,23.81081542681235,0.02289496651313172,1.0,-5.474371910095215,23.14423445537428,23.189405635335177,0.04517117996089581,1.0,-30.91060447692871,22.795338702984438,22.831487710798257,0.03614900781381891,1.0,-29.205671310424805,22.6311737882585,22.685523111126635,0.05434932286813421,1.0,-20.907114028930664,22.401895592067437,22.436881894516763,0.03498630244932599,1.0,-10.0798978805542,22.352659637782782,22.395743152484805,0.04308351470202254,1.0,-2.8694310188293457,516603,0,0.008295440052619726,2,0
178,149.7302349255337,2.4537977850831223,788015035824759704,i,1.0,True,False,788015035824735765,22.884377546369286,22.90739980286412,0.02302225649483347,1.0,-13.503437995910645,22.527217597119396,22.559763664767424,0.03254606764802759,1.0,-47.28688430786133,21.931560546265892,21.96739920616254,0.035838659896647584,0.0,-56.73665237426758,21.669425137011945,21.718221937591217,0.048796800579271604,1.0,-53.290828704833984,21.36501229887827,21.404868508276344,0.03985620939807433,1.0,-30.777801513671875,21.165003640305564,21.205020115548805,0.0400164752432417,1.0,-8.974403381347656,349301,0,0.00911216400432088,2,0
179,150.14268302209732,2.8719044688571675,788016204055869209,i,1.0,True,False,788016204055842431,25.962038707845988,25.928284594056812,-0.03375411378917548,,-0.4444858431816101,24.11318071758761,24.149918645268432,0.036737927680821514,1.0,-8.386881828308105,22.885616919474444,22.920928363540924,0.03531144406647968,1.0,-19.161258697509766,22.324825968164077,22.37772755233722,0.05290158417314217,1.0,-28.427268981933594,22.076099499018113,22.119827730463474,0.04372823144536042,1.0,-14.149396896362305,21.947898148007823,21.98052676554703,0.03262861753920632,1.0,-3.726526975631714,961926,0,0.1220322857260723,2,1
180,150.4127717093328,2.6806670205077032,788015448141624261,i,1.0,True,False,788015448141597846,25.504366722271573,25.475908860054666,-0.02845786221690716,,-0.4136989116668701,24.068240617261473,24.100888115675527,0.0326474984140539,1.0,-7.926121234893799,22.921085228020836,22.9561409015478,0.03505567352696559,1.0,-18.50167465209961,22.3471894297704,22.402041073433484,0.054851643663084815,1.0,-21.11464500427246,22.106624840724248,22.149807030352378,0.04318218962812992,1.0,-12.640135765075684,21.909271030698836,21.95902356286478,0.04975253216594311,1.0,-4.569163799285889,643927,0,0.07221729820602467,2,0
181,150.4653118324115,2.4395749303975163,788014692227374743,i,1.0,True,False,788014692227351661,23.387915255060303,23.420889931364368,0.03297467630406459,0.0,-6.153829097747803,22.561755658105376,22.597920496912177,0.036164838806801214,1.0,-34.00717544555664,22.199671559089815,22.234658584990008,0.0349870259001932,1.0,-32.220096588134766,22.04578318817105,22.104964476440667,0.05918128826961677,1.0,-28.46901512145996,21.986743338673946,22.03413062403916,0.04738728536521464,1.0,-16.914512634277344,21.94894220706467,21.99220549238165,0.04326328531698209,1.0,-3.5229239463806152,681294,0,0.012918402434775121,2,0
182,150.34769221435718,2.390999520701605,788014073752092527,i,1.0,True,False,788014073752064329,24.0423886613571,24.075869994856387,0.03348133349928517,1.0,-3.351362943649292,23.525358536799178,23.56345944877158,0.038100911972403395,1.0,-13.72252082824707,22.985639254619215,23.020246786288027,0.034607531668811475,1.0,-15.923086166381836,22.28755255847271,22.337276421350847,0.04972386287813535,1.0,-25.157821655273438,22.04346196139349,22.075750630235934,0.03228866884244397,1.0,-17.660303115844727,21.879996325189236,21.910327354860044,0.030331029670808363,1.0,-4.873533248901367,219725,0,0.01931263391395779,2,0
183,150.3206126231847,1.6344721940147553,788011324972992405,i,1.0,False,True,0,21.464746573675548,21.48948413079799,0.02473755712244241,0.0,0.0,20.98530577631886,21.02105784911017,0.03575207279131121,0.0,0.0,20.850242033210453,20.884722544301432,0.034480511090979604,1.0,0.0,20.766094929218905,20.821229332834868,0.05513440361596267,1.0,0.0,20.567043675312412,20.612251704326866,0.04520802901445364,1.0,0.0,20.598219391122573,20.646062122542716,0.04784273142014328,1.0,0.0,126888,0,0.004893182344801637,2,1
184,150.06839391720104,2.4839752889322124,788014898385808248,i,1.0,True,False,788014898385783035,23.17887734467071,23.224354327253046,0.045476982582336234,1.0,-11.733689308166504,22.223310770495054,22.261276245080516,0.03796547458546229,1.0,-48.141441345214844,21.798395060280477,21.83260959151758,0.034214531237104495,1.0,-53.90434265136719,21.59478442495867,21.658416860404678,0.0636324354460065,1.0,-47.0504035949707,21.540603947085764,21.596218553424663,0.055614606338899364,1.0,-18.812002182006836,21.4922193331885,21.556111366181028,0.06389203299252699,1.0,-6.403382778167725,172608,0,0.02274596716245798,2,0
185,149.8226929036996,2.0896443668983125,788013592715747222,i,1.0,True,False,788013592715723705,22.530673175770595,22.56080197924029,0.03012880346969382,1.0,-17.184019088745117,22.276725022183832,22.31164792577778,0.03492290359394801,1.0,-55.24732208251953,22.08390253682515,22.117905498533602,0.03400296170845252,1.0,-45.85870361328125,21.840212190403065,21.88840866271092,0.048196472307854066,1.0,-44.88047790527344,21.518762886375008,21.5563235488502,0.03756066247519385,1.0,-23.365581512451172,21.59818640381801,21.635123132040796,0.03693672822278771,1.0,-6.055690288543701,551595,0,0.02245102296736569,2,0
186,149.9510538439238,1.8830425701218145,788012149606744733,i,1.0,True,False,788012149606715513,25.388771203651675,25.39637085284382,0.007599649192144398,,-0.20473861694335938,23.663451609554542,23.70872555882523,0.04527394927068684,1.0,-14.999741554260254,22.828409689385495,22.862306584495332,0.03389689510983729,1.0,-24.029882431030273,22.44576897848045,22.504423300990787,0.05865432251033553,1.0,-30.052001953125,22.279886539319875,22.327796691065956,0.04791015174608049,1.0,-9.140033721923828,22.202986427101735,22.246959605356444,0.04397317825470992,0.0,-3.0159060955047607,105156,0,0.07257298009088811,2,0
187,150.05098927582196,2.321854398321584,788014211191040806,i,1.0,True,False,788014211191015860,23.05371918642036,23.072503204066045,0.018784017645685935,1.0,-12.07532024383545,22.199139413239433,22.234515535438305,0.03537612219887265,1.0,-56.27882766723633,21.824491629704998,21.85822329613082,0.03373166642582248,1.0,-52.62376022338867,21.693365058033677,21.74172480409206,0.04835974605838089,1.0,-50.797481536865234,21.679575475183654,21.716369032532363,0.036793557348708816,1.0,-19.210922241210938,21.67561209988516,21.717511120168076,0.0418990202829157,1.0,-6.281859874725342,476057,0,0.034211153795707196,2,1
188,150.4189961771105,1.8559650894021142,788011943448311088,i,1.0,True,False,788011943448284447,24.474220770223127,24.50138948904537,0.027168718822242255,1.0,-2.330422878265381,23.221962244379746,23.24949722899894,0.027534984619194347,1.0,-29.916221618652344,22.66136326275867,22.694941576145457,0.03357831338678707,1.0,-34.96527099609375,22.420383330510184,22.473911817564975,0.053528487054791185,1.0,-35.83823776245117,22.3804235103222,22.403803272065524,0.02337976174332468,0.0,-13.387109756469727,22.30333065284544,22.346552098611703,0.043221445766263855,1.0,-3.0030596256256104,868873,0,0.045476796502310256,2,0
189,149.72132506928304,2.540002744529137,788015035824765155,i,1.0,True,False,788015035824738088,22.7722910851894,22.79734233594808,0.02505125075867909,1.0,-15.566549301147461,22.241164637353943,22.273800638812975,0.032636001459032116,1.0,-60.90192413330078,22.015283398620717,22.048386678862833,0.033103280242116284,1.0,-53.017784118652344,21.5905675484495,21.632588297179044,0.04202074872954498,1.0,-61.80615234375,21.615683914065333,21.65173527351272,0.03605135944738791,1.0,-22.896217346191406,21.59263253631891,21.643525435697867,0.050892899378958134,1.0,-8.374489784240723,333032,0,0.003848161234854489,2,1
190,150.14748522676578,1.9871215334577204,788012768082030013,i,1.0,True,False,788012768082004408,23.830097104904244,23.833912239102368,0.0038151341981240705,0.0,-5.344394207000732,22.67445889791987,22.702965728426364,0.02850683050649394,1.0,-44.73412322998047,22.155834541032526,22.188867039266253,0.03303249823372667,1.0,-36.89530563354492,21.95975882694524,22.001205518875494,0.041446691930254076,1.0,-33.81925964355469,21.89964745067735,21.9333917480925,0.033744297415150726,1.0,-14.053550720214844,21.937425435032736,21.987234269503546,0.049808834470809416,1.0,-4.4566731452941895,374546,0,0.03361314074029654,2,0
191,150.49466159263997,2.698418808973631,788015379422121519,i,1.0,False,True,0,24.93421454853086,24.9663431063551,0.03212855782424029,1.0,0.0,23.49305705517624,23.535211037342343,0.04215398216610211,1.0,0.0,22.894618473873198,22.92757512128683,0.03295664741363069,1.0,0.0,22.654571462949683,22.708273767412614,0.05370230446293078,1.0,0.0,22.547148761777382,22.5959315964341,0.04878283465671629,1.0,0.0,22.59220182774886,22.638958499573484,0.04675667182462462,1.0,0.0,902109,0,0.037049192675070494,2,0
192,150.30062205902428,2.59825837235772,788015448141618912,i,1.0,True,False,788015448141595631,25.00129671165609,25.077374019469712,0.07607730781362321,1.0,-0.9354721307754517,23.692442405254113,23.72451873512626,0.03207632987214737,1.0,-13.159086227416992,22.7020607079892,22.734830511729776,0.03276980374057459,1.0,-24.905006408691406,22.194270898779436,22.245634965334318,0.051364066554882015,1.0,-34.17832565307617,21.80925547848027,21.851376583194796,0.042121104714524904,1.0,-19.93958282470703,21.584548099732068,21.60906628091768,0.024518181185612775,0.0,-7.953636646270752,586673,0,0.02411308834748399,2,0
193,150.68674748720068,2.746812967959154,788015997897431907,i,1.0,True,False,788015997897409111,22.03721834286749,22.060461339127833,0.023242996260343318,0.0,-33.3924674987793,21.743754599480393,21.772201391130174,0.028446791649781034,0.0,-102.05278015136719,21.47828563231489,21.51061871614575,0.03233308383085998,1.0,-91.2783203125,21.09484159526484,21.143328715367765,0.04848712010292644,1.0,-102.37116241455078,20.981519289400516,21.02088270345667,0.03936341405615451,1.0,-43.58122253417969,20.897239702685383,20.937723260137986,0.040483557452603236,1.0,-11.490506172180176,489426,0,0.013605908335057074,2,1
194,150.18070685936073,2.0759624513206947,788013455276791913,i,1.0,True,False,788013455276769615,24.706551336101914,24.726083752522793,0.019532416420879883,0.0,-2.7331767082214355,23.214093189021867,23.249598935804777,0.03550574678290985,1.0,-27.983325958251953,22.71481893703679,22.746942228364304,0.032123291327515346,1.0,-28.92009162902832,22.479571488832377,22.528121461888063,0.048549973055685314,1.0,-31.018972396850586,22.508877421042904,22.549739527677467,0.04086210663456313,1.0,-11.132203102111816,22.094241951631073,22.140073166594693,0.04583121496361997,0.0,-4.808940887451172,534755,0,0.011103827560120143,2,0
195,149.74298996749081,2.839893874232244,788016410214297180,i,1.0,True,False,788016410214271902,21.284823945412143,21.30671131404204,0.021887368629897708,1.0,-64.04312133789062,18.808599760372985,18.839901049932436,0.031301289559451106,1.0,-2734.76171875,17.737239341647246,17.76877760516369,0.0315382635164454,1.0,-5183.189453125,17.292033525953507,17.330306402970873,0.03827287701736637,1.0,-5587.00732421875,17.097932671599132,17.13017560713055,0.03224293553141777,1.0,-2111.678466796875,16.97294726334169,17.022065765181285,0.049118501839593876,0.0,-591.7884521484375,574334,0,0.03194932178873823,2,1
196,150.29776314714357,2.6735034887149647,788015448141623554,i,1.0,True,False,788015448141597533,23.457239479571864,23.48305774934228,0.025818269770415014,1.0,-5.898322582244873,23.09845757031136,23.124447029489684,0.02598945917832296,1.0,-22.189903259277344,22.80767509999987,22.839108809862637,0.0314337098627675,1.0,-19.930204391479492,22.339839145105774,22.38216043919365,0.04232129408787699,1.0,-26.42938995361328,22.255015668555323,22.286928281402623,0.03191261284730018,1.0,-10.724669456481934,22.23006800242274,22.260980839545162,0.030912837122421877,1.0,-2.4438724517822266,404042,0,0.01867259511026603,2,0
197,149.94832635055553,2.3177688446333953,788014211191040388,i,1.0,True,False,788014211191015697,23.33612140048148,23.35538445194879,0.01926305146730911,1.0,-8.068181991577148,20.81222771934948,20.846766295475046,0.03453857612556632,1.0,-244.47500610351562,19.595220229239878,19.626377631742518,0.031157402502639542,1.0,-503.0065002441406,18.822780846172932,18.863430107050533,0.04064926087760057,1.0,-836.140625,18.44122306329986,18.472822829138426,0.031599765838567606,1.0,-429.9134826660156,18.244071141576367,18.2856029587754,0.04153181719903287,0.0,-177.98658752441406,352706,0,0.02600362748390794,2,1
198,149.67122751317734,1.7412954053029208,788012287045689170,i,1.0,True,False,788012287045665164,24.935097291016017,24.916328236595394,-0.018769054420623377,,-0.9634092450141907,23.631490184670497,23.661440421384544,0.02995023671404695,,-13.211601257324219,22.649088745920658,22.67939270745955,0.030303961538891144,1.0,-26.021018981933594,22.190239195169063,22.237755518699807,0.04751632353074342,1.0,-32.38016128540039,21.961034761669616,21.998393721674347,0.037358960004731046,1.0,-15.683759689331055,21.890807949950307,21.936038469783536,0.04523051983322901,1.0,-5.1595635414123535,348499,0,0.10405462370624552,2,0
199,149.59972911514336,1.8423566849376944,788012287045694775,i,1.0,True,False,788012287045667684,25.955937292073372,25.987173771585297,0.031236479511925097,0.0,-1.0174028873443604,23.317870034127232,23.349013203392055,0.031143169264822745,0.0,-24.282241821289062,21.964604033733757,21.994731983198243,0.030127949464485937,1.0,-58.76094055175781,20.662615732354446,20.71678340891492,0.05416767656047483,1.0,-155.84063720703125,20.086957495369926,20.131678909209384,0.044721413839457824,1.0,-99.72052001953125,19.810508166253403,19.86056468473364,0.05005651848023618,1.0,-41.181663513183594,689869,0,0.1363282020222815,2,1
200,149.80166759029242,2.252370839707304,788014279910513703,i,1.0,True,False,788014279910490832,25.049273523288505,24.95555660019051,-0.09371692309799684,,-1.062757134437561,23.419987943278414,23.447378536260366,0.02739059298195201,,-13.74383544921875,22.15372505764067,22.183834398413353,0.030109340772682458,1.0,-44.69414520263672,21.111487656170354,21.16738925579038,0.055901599620025166,1.0,-111.13050842285156,20.621196230910446,20.66499329775394,0.04379706684349571,1.0,-66.03271484375,20.3753295889734,20.42194405918886,0.04661447021545939,1.0,-26.65088653564453,645496,0,0.07512482269972351,2,1
201,150.75223279385708,2.081074094422107,788013180398885668,i,1.0,True,False,788013180398862928,21.8033241464163,21.826480239215755,0.02315609279945363,1.0,-35.90496826171875,19.179205772869132,19.208301086628865,0.029095313759732733,1.0,-1716.3824462890625,17.874378062218653,17.904082139185157,0.029704076966503123,1.0,-3985.777587890625,16.865911820035528,16.908488939855054,0.04257711981952639,1.0,-11505.48828125,16.412724799952883,16.44582078682518,0.03309598687229709,1.0,-4890.42822265625,16.194461303559915,16.225708150978733,0.031246847418817225,0.0,-1235.250244140625,300826,0,0.10420963345299203,2,1
202,149.83582792250093,2.777231661295675,788016341494816247,i,1.0,True,False,788016341494793469,23.1681608963406,23.197266916546134,0.029106020205535543,0.0,-9.136765480041504,20.495345778918384,20.522598048520855,0.027252269602470847,1.0,-332.4059143066406,19.17645825871255,19.20597218897756,0.029513930265011368,1.0,-780.4195556640625,17.984529194253014,18.024995929720276,0.04046673546726254,1.0,-2115.75537109375,17.45253663160026,17.48737775368069,0.03484112208042944,1.0,-1290.2509765625,17.197997549702716,17.235923097884296,0.03792554818157967,1.0,-456.4222412109375,827092,0,0.11996587190937814,2,1
203,149.84401383746138,1.9745414794589835,788012905520983932,i,1.0,True,False,788012905520957553,26.067017725800813,26.061037306020484,-0.005980419780328816,,0.38829943537712097,23.950822633986785,23.982419052903886,0.03159641891710052,1.0,-10.960476875305176,22.70237549246704,22.731872859614544,0.02949736714750273,1.0,-26.673805236816406,22.078589293385484,22.125634581784336,0.047045288398852136,1.0,-41.07011795043945,21.786326483629427,21.82289014970025,0.03656366607082262,1.0,-17.81751823425293,21.62792817321904,21.665876682369625,0.0379485091505849,1.0,-7.171036720275879,187724,0,0.10943905900273412,2,0
204,150.2496868617906,2.247026188594386,788014073752082698,i,1.0,True,False,788014073752060403,25.725234217760388,25.72125337744815,-0.003980840312237888,,-0.05677267909049988,24.07740557093689,24.108522596775742,0.031117025838852896,1.0,-8.592758178710938,22.96517906015039,22.99463111553861,0.029452055388219378,1.0,-18.720186233520508,22.440383940563855,22.481237680316962,0.04085373975310702,1.0,-24.675861358642578,22.186321169477573,22.213860163212118,0.02753899373454516,1.0,-11.865907669067383,22.146400173865857,22.16423170958725,0.017831535721391845,0.0,-4.425946235656738,535400,0,0.0681047224455305,2,0
205,150.30601103349335,2.4843405751314886,788014760946854605,i,1.0,True,False,788014760946829587,24.011654422775464,24.04690319279259,0.035248770017126674,1.0,-3.631890058517456,23.207224149629333,23.233478265322248,0.02625411569291458,1.0,-17.208585739135742,22.876514739332407,22.905745706202413,0.02923096687000637,1.0,-15.786212921142578,22.730990573804675,22.77172739232842,0.04073681852374378,1.0,-13.848288536071777,22.710469868143363,22.73250069933777,0.02203083119440663,1.0,-5.7642645835876465,22.76480690136907,22.775693048087067,0.010886146717997036,1.0,-1.3236664533615112,216392,0,0.03653090137798438,2,0
206,150.6222326509847,2.1190934809638065,788013249118365138,i,1.0,True,False,788013249118340650,21.758276729052096,21.778135361208243,0.019858632156147138,0.0,-47.903663635253906,20.01232885644218,20.040897246359027,0.028568389916845405,0.0,-676.2120971679688,19.2800826102571,19.309205785208277,0.029123174951177333,1.0,-954.2028198242188,18.982506657091626,19.025863469144728,0.04335681205310138,1.0,-1063.9022216796875,18.851774855277334,18.887003206882625,0.0352283516052907,1.0,-356.719482421875,18.77302332302499,18.810272828424594,0.03724950539960403,1.0,-127.20721435546875,842116,0,0.05217385538200596,2,1
207,150.41594034517786,2.525759750922441,788014692227379536,i,1.0,True,False,788014692227353440,22.906615863087048,22.929924123079026,0.023308259991978275,0.0,-13.123156547546387,23.169687627598115,23.203841212550017,0.034153584951901905,1.0,-24.076980590820312,22.8420395681945,22.87086895617059,0.028829387976088583,0.0,-23.023757934570312,22.701293698600693,22.745692816207637,0.04439911760694315,1.0,-21.13242530822754,22.676457027909667,22.714408639241515,0.03795161133184877,1.0,-7.977906227111816,22.516651520132818,22.54795033938113,0.03129881924831324,0.0,-1.8015871047973633,899261,0,0.005888279466903972,2,0
208,149.93662520302956,2.680227357380713,788015585580577888,i,1.0,True,False,788015585580551128,22.027228799652182,22.042711008802158,0.015482209149976,0.0,-24.867612838745117,22.241056157218406,22.264936747748727,0.023880590530321655,1.0,-63.723602294921875,21.560017978719667,21.588532716450025,0.028514737730358064,1.0,-78.37991333007812,21.56060469928127,21.600634884703997,0.04003018542272585,1.0,-59.919471740722656,21.437634677846752,21.46778196480543,0.030147286958676744,1.0,-25.75564193725586,21.439224962350103,21.47040074641546,0.031175784065357703,1.0,-7.159040927886963,796228,0,0.02279794361620769,2,0
209,149.96503131022078,2.3275292008255573,788014211191041107,i,1.0,True,False,788014211191015959,26.917252618592414,26.940501863835912,0.02324924524349825,0.0,0.028683310374617577,23.967690679619402,23.998585373574905,0.030894693955502817,1.0,-11.086311340332031,22.63286369261464,22.6609910475526,0.028127354937957705,1.0,-26.324832916259766,21.954045936324086,21.992827480540083,0.03878154421599689,1.0,-40.42495346069336,21.612509121438986,21.643000711638827,0.0304915901998406,1.0,-26.490877151489258,21.42614115284405,21.457456296012424,0.03131514316837425,0.0,-7.2261152267456055,486575,0,0.0780444454527876,2,0
210,150.3883078325685,1.8363898783226258,788012012167788265,i,1.0,True,False,788012012167760862,23.27627961818234,23.297918955732627,0.021639337550286797,1.0,-8.344141006469727,22.443445795132973,22.474267816611587,0.030822021478613237,1.0,-51.04212951660156,22.122434614533162,22.150460182604782,0.02802556807161949,1.0,-52.14109420776367,21.98696688357785,22.028583374367372,0.04161649078952223,1.0,-41.01729202270508,21.973754324667574,22.004343225225917,0.030588900558342402,1.0,-16.38456153869629,22.003578352455982,22.02854421639218,0.02496586393619893,1.0,-3.4848439693450928,627781,0,0.020763729465957923,2,0
211,150.36182604972788,2.779127089863815,788016135336387838,i,1.0,True,False,788016135336363447,23.200816769068396,23.2234708491357,0.02265408006730496,0.0,-10.8569974899292,22.600078271129277,22.636428799983488,0.03635052885421075,1.0,-45.170108795166016,22.380765702397824,22.40851732701781,0.027751624619988036,1.0,-36.60673522949219,22.388252576576228,22.444621022223522,0.05636844564729415,1.0,-28.508838653564453,22.217791649029607,22.261512650835257,0.04372100180565042,1.0,-13.633966445922852,21.90657244787343,21.944599065047846,0.0380266171744168,0.0,-5.031659126281738,854301,0,0.022927332538878603,2,0
212,150.44368201829536,2.0490869864941335,788012630643080791,i,1.0,True,False,788012630643052497,20.685590989049416,20.703904357710847,0.018313368661431184,0.0,-102.90243530273438,20.278737369355206,20.311237414578176,0.0325000452229709,0.0,-422.8291320800781,20.27109679717075,20.29852572492422,0.02742892775347272,1.0,-235.83267211914062,20.229802893039153,20.277947695812202,0.04814480277304867,1.0,-206.8456573486328,20.107277648526825,20.143846313337278,0.036568664810452844,1.0,-86.96295928955078,20.121858236222366,20.159839267922404,0.037981031700038415,1.0,-25.10116195678711,205023,0,0.006580618874480098,2,0
213,149.6056932933413,1.8608667933627905,788012287045696223,i,1.0,True,False,788012287045668306,23.50496683447678,23.5234792217521,0.01851238727532234,0.0,-8.063828468322754,22.153493694265705,22.180798071039277,0.027304376773571448,1.0,-70.63590240478516,21.77985654872064,21.806949650452605,0.027093101731963998,1.0,-57.809234619140625,21.687735632043427,21.724290788952942,0.03655515690951461,1.0,-58.08808135986328,21.663966842447884,21.690795131362673,0.026828288914789056,1.0,-22.08282470703125,21.647029159985454,21.68611226570669,0.03908310572123597,0.0,-8.875462532043457,860530,0,0.03353405859282439,2,1
214,150.49751243550702,2.457246773566452,788014692227375540,i,1.0,True,False,788014692227351954,24.00216489691734,24.016807018273393,0.01464212135605436,1.0,-2.9606432914733887,23.150482813246075,23.17912042496402,0.028637611717943656,1.0,-21.182716369628906,22.736783006245883,22.763752143628537,0.02696913738265394,1.0,-29.154335021972656,22.688504805039763,22.732197583912907,0.04369277887314382,1.0,-16.498489379882812,22.538385675809945,22.57128376268532,0.03289808687537388,1.0,-9.474127769470215,22.352837111053127,22.37273918800527,0.019902076952142522,1.0,-2.439171314239502,764502,0,0.014994082523490777,2,0
215,150.62769514225087,2.741011822844273,788015997897431646,i,1.0,True,False,788015997897409014,21.0464179788977,21.066162630350213,0.019744651452512585,0.0,-83.18730163574219,20.501472935699546,20.528774647091087,0.027301711391540806,1.0,-342.2016906738281,20.181168819361048,20.208123102759128,0.026954283398080037,0.0,-306.1012268066406,20.114246538983352,20.159499148897112,0.04525260991376001,1.0,-256.44537353515625,19.773761919908587,19.807791139141866,0.03402921923327895,1.0,-132.59010314941406,20.026908064070028,20.062134225663236,0.035226161593207905,1.0,-31.63920783996582,424967,0,0.018210429818123236,2,1
216,149.65222443831632,2.7831599056293563,788016410214293935,i,1.0,True,False,788016410214270465,23.854824842683755,23.850583657688823,-0.004241184994931757,1.0,-2.6117982864379883,22.8638227797152,22.894593482868256,0.03077070315305619,1.0,-30.02198028564453,22.419029243193304,22.445955328698638,0.02692608550533393,1.0,-32.18656921386719,22.247254690730493,22.2872326331492,0.039977942418705226,1.0,-29.89324188232422,22.192983548024294,22.22113957626511,0.02815602824081509,1.0,-9.779358863830566,22.19492126564752,22.210091318604682,0.015170052957163449,1.0,-1.3338440656661987,853254,0,0.027741775803322773,2,0
217,149.53378606828238,2.248622469268532,788014417349468134,i,1.0,True,False,788014417349444176,25.79076843857161,25.77396935361442,-0.01679908495719218,1.0,-0.02699114941060543,23.183763025542373,23.206151128621155,0.02238810307878225,0.0,-24.349472045898438,21.854930072928532,21.881826387091092,0.026896314162559776,1.0,-60.89424133300781,20.681386574259676,20.716939731297884,0.03555315703820838,1.0,-137.68875122070312,20.141840178860065,20.17181235964972,0.029972180789656022,1.0,-88.94499206542969,19.896714231336368,19.938519505018412,0.04180527368204423,0.0,-34.2469482421875,477370,0,0.11068067989635638,2,1
218,150.61239868219303,2.6787104539785314,788015310702670199,z,1.0,True,False,788015310702644261,,31.812849262056005,,,,27.63876143863621,27.61238371644074,-0.026377722195469744,,,22.42623011732561,22.453077991750526,0.02684787442491654,1.0,-39.708866119384766,22.507865731481743,22.52821137275492,0.020345641273177506,,-45.871429443359375,21.05221386947058,21.08328487169618,0.03107100222559822,1.0,-52.07246017456055,20.851709726191753,20.884755197453476,0.033045471261722525,0.0,-14.422368049621582,655866,0,0.19225147405132026,2,1
219,150.6704290727158,2.7637681467008255,788015997897431931,y,1.0,True,False,788015997897409125,22.936758210209845,22.95957159249423,0.02281338228438301,1.0,-13.09482192993164,22.07243983834088,22.10161239582544,0.029172557484560713,0.0,-75.976318359375,21.66646502799309,21.693159334346447,0.026694306353356012,0.0,-75.1910171508789,21.495591375238988,21.53264385997118,0.037052484732193136,0.0,-73.81901550292969,21.455062584547697,21.487685786494684,0.03262320194698631,0.0,-31.56993293762207,21.40373992442901,21.439101958180416,0.035362033751404454,1.0,-8.074906349182129,639478,0,0.041635411238388695,2,1
220,150.16782136568455,2.5537216480765643,788014829666334840,i,1.0,True,False,788014829666308090,25.67657331077449,25.71247112344563,0.03589781267114134,1.0,-0.5280455946922302,23.783678617217795,23.809772349670226,0.02609373245243063,1.0,-13.449633598327637,22.568683290988623,22.595375633960472,0.02669234297184886,1.0,-33.770755767822266,21.90584503645384,21.946728596092708,0.040883559638867695,1.0,-51.15582275390625,21.604734270178085,21.629524538530987,0.02479026835290199,1.0,-26.677751541137695,21.425952183098513,21.46412415778032,0.038171974681805665,0.0,-7.784269332885742,102008,0,0.13351644472521543,2,0
221,149.57425663310363,2.4366885502042925,788015104544236127,i,1.0,True,False,788015104544212185,23.41028286384566,23.441748565993993,0.031465702148334884,0.0,-8.421613693237305,22.307678411416546,22.334469973009906,0.026791561593359603,1.0,-66.0654296875,21.845296931228223,21.871974094911973,0.026677163683750393,1.0,-53.70027160644531,21.66368773581017,21.70062816491844,0.03694042910827022,1.0,-67.18536376953125,21.609951022114622,21.637822939637733,0.027871917523111023,1.0,-25.45575523376465,21.576890361534723,21.61721230721407,0.04032194567934866,1.0,-6.7107977867126465,458405,0,0.04660235826926878,2,0
222,149.97767939092628,1.6449098357134262,788011462411970545,i,1.0,True,False,788011462411945932,23.67045309308352,23.68447941249868,0.014026319415158639,1.0,-7.133591175079346,22.673095314132865,22.70683580639012,0.03374049225725528,1.0,-53.45612716674805,22.224391257826568,22.25102091263524,0.026629654808672854,0.0,-36.965023040771484,22.07649157910108,22.11865595736107,0.04216437825999009,1.0,-31.63499641418457,22.017571592152002,22.050543756523318,0.03297216437131567,1.0,-17.635644912719727,22.00806820655511,22.040721971903974,0.032653765348864994,0.0,-5.429492473602295,266738,0,0.01815672296612219,2,0
223,149.52865978247777,2.575579055035226,788015791739000153,i,1.0,True,False,788015791738978603,22.04490013210163,22.068403455991263,0.02350332388963139,0.0,-28.38239097595215,20.670959114493634,20.69927684504978,0.028317730556146614,1.0,-288.5403137207031,20.084041239132382,20.1106474930711,0.026606253938716407,1.0,-336.92828369140625,19.853048204319926,19.890471069026948,0.03742286470702183,1.0,-325.60809326171875,19.76371835629915,19.796977921735206,0.03325956543605457,1.0,-138.32997131347656,19.704771000740337,19.75294072936331,0.048169728622973196,0.0,-43.87092590332031,432038,0,0.08361640681223266,2,1
224,150.63537111084358,2.6499082353580876,788015310702668604,i,1.0,True,False,788015310702643590,21.756538365898965,21.77492284612692,0.01838448022795447,1.0,-31.686403274536133,21.63161772573003,21.657284579756958,0.0256668540269267,1.0,-90.27596282958984,21.311336339835748,21.33769702486513,0.02636068502938116,1.0,-86.26358795166016,21.21330461843285,21.248157949076322,0.034853330643471736,1.0,-69.33757019042969,21.169544796654577,21.196745414220313,0.027200617565735996,1.0,-34.581886291503906,21.011747253959285,21.03451459400081,0.022767340041525586,1.0,-11.233210563659668,328438,0,0.012155218418983097,2,1
225,149.82191707196847,1.8386324961794072,788012218326216882,i,1.0,True,False,788012218326191039,21.165169999972996,21.183000973514055,0.017830973541059336,0.0,-74.50797271728516,21.230976391841462,21.257005124266122,0.02602873242465975,1.0,-164.81036376953125,20.931443262543432,20.957667240097592,0.02622397755416017,1.0,-142.91481018066406,20.93915071019543,20.97444544059632,0.035294730400888596,1.0,-141.1134796142578,20.912988174598663,20.939265569967894,0.026277395369231016,1.0,-42.36872482299805,20.831415138095092,20.86005290354789,0.02863776545279606,1.0,-12.198860168457031,626867,0,0.04902152143510817,2,1
226,150.67174435757423,2.6856394635152494,788015310702670228,z,1.0,True,False,788015310702644274,25.460527109039287,25.458299248280134,-0.002227860759152378,,-0.48683130741119385,23.6278844215585,23.651729288503535,0.023844866945033516,1.0,-11.372542381286621,22.369792541613954,22.395811864886845,0.026019323272890915,1.0,-35.33998489379883,21.451344476703156,21.48622303368814,0.03487855698498521,0.0,-77.25167846679688,21.0171797812067,21.05091127592527,0.03373149471856962,1.0,-39.040950775146484,20.80550466739154,20.83479676607846,0.029292098686919843,0.0,-10.740646362304688,619483,0,0.0378332553559394,2,0
227,149.64922158526858,2.1912515616505113,788013661435229550,i,1.0,True,False,788013661435202932,22.699148950469002,22.715757101483696,0.016608151014693817,0.0,-15.92654800415039,22.697458964752585,22.72557148329764,0.028112518545054144,1.0,-53.03436279296875,22.70326475240363,22.7292032638871,0.025938511483470705,0.0,-23.302297592163086,22.71814779037724,22.7551137865371,0.036965996159857184,1.0,-29.50655746459961,22.426559013883292,22.464730217977074,0.03817120409378205,1.0,-14.34925365447998,22.727461560979396,22.78162335419251,0.05416179321311532,1.0,-2.0053021907806396,730031,0,0.03119329874224939,2,0
228,150.38195918553475,2.7584046089905634,788016135336386462,i,1.0,True,False,788016135336362899,23.268398881913612,23.288284470488428,0.019885588574815927,1.0,-10.27645492553711,22.83675943243437,22.861444221372665,0.024684788938294844,1.0,-37.23857879638672,22.22524027882708,22.250942437199924,0.025702158372844508,0.0,-49.22709274291992,22.011387912339593,22.0515116922076,0.04012377986800786,1.0,-46.579551696777344,21.929740545140824,21.957723404701312,0.027982859560488293,0.0,-20.38401985168457,21.65520494226941,21.695406904428644,0.04020196215923377,1.0,-7.06209135055542,595061,0,0.01741617609129783,2,0
229,150.0050348434647,2.1409964997678728,788013523996272836,i,1.0,True,False,788013523996248088,24.52643701935422,24.519651364338735,-0.006785655015484338,,-1.4697918891906738,22.40395742936951,22.439863072759536,0.03590564339002711,1.0,-36.136474609375,21.158882402191583,21.18454679254524,0.02566439035365775,1.0,-105.57589721679688,19.94497805108655,19.993637309639126,0.04865925855257558,1.0,-371.173095703125,19.377896964065847,19.416597677129907,0.038700713064059755,1.0,-208.44432067871094,19.11468930783701,19.159621251805067,0.044931943968055776,1.0,-69.61736297607422,203899,0,0.11192393451420546,2,1
230,149.96087260816498,1.7437409963768662,788012149606736300,i,1.0,True,False,788012149606711823,24.316775540519014,24.32791399953336,0.01113845901434729,1.0,-3.4456732273101807,23.14370757997092,23.16745925407263,0.023751674101710307,1.0,-32.48320770263672,22.552803236742246,22.578356065957685,0.025552829215438777,1.0,-40.38407897949219,22.31619842864877,22.348491757436676,0.032293328787904585,1.0,-42.22694396972656,22.197644115314386,22.219065483982988,0.02142136866860156,0.0,-19.99143409729004,22.18602797147419,22.201967745198367,0.01593977372417754,1.0,-5.624499797821045,232741,0,0.0409630797336526,2,0
231,150.35306579833005,1.9607610317166522,788012699362552144,i,1.0,True,False,788012699362526957,22.336373454150596,22.360710498421422,0.02433704427082617,1.0,-22.13510513305664,21.938628012543823,21.967722000426917,0.02909398788309403,1.0,-93.23953247070312,21.51637863401886,21.5416258147121,0.02524718069323839,1.0,-74.27654266357422,21.408137603421032,21.44565394942504,0.03751634600400777,1.0,-65.75115203857422,21.424642788160924,21.45536915298336,0.03072636482243496,1.0,-22.737499237060547,21.20598379938752,21.23811755377364,0.03213375438611976,1.0,-10.396471977233887,53476,0,0.011511973760382009,2,0
232,149.6106864346854,2.4108276756623357,788015035824757227,i,1.0,True,False,788015035824734661,23.492260242485077,23.511697814193887,0.019437571708809998,0.0,-6.930642604827881,23.128891855090405,23.15450913422557,0.025617279135165205,0.0,-28.45587730407715,22.95694498292546,22.981971575025753,0.025026592100292788,0.0,-22.428085327148438,22.996475918262277,23.03436905349149,0.03789313522921134,1.0,-16.281782150268555,22.851379685748803,22.884995286736178,0.033615600987374705,1.0,-6.580157279968262,22.86083077526273,22.89116299942095,0.03033222415821868,0.0,-1.7040448188781738,127567,0,0.01930322728127888,2,0
233,150.52077462934128,2.646604059589889,788015379422144834,i,1.0,True,False,788015379422120153,22.01215830853344,22.029177159615628,0.017018851082188036,0.0,-32.001739501953125,20.396551411341477,20.422163838291773,0.025612426950296197,0.0,-355.89892578125,19.68799087727876,19.713006674005264,0.025015796726503225,1.0,-464.15032958984375,19.389484715205782,19.421631540192664,0.032146824986881484,1.0,-610.2376098632812,19.261328938889324,19.29135498486566,0.03002604597633507,1.0,-283.1683349609375,19.181057728553967,19.219594744586743,0.038537016032776705,1.0,-62.182861328125,233705,0,0.0713714978415742,2,1
234,150.10528460580696,2.723892897454892,788015516861104411,i,1.0,True,False,788015516861075393,25.48516505021435,25.49349360615928,0.008328555944931537,,-0.7469133138656616,22.923428949798275,22.943066468804098,0.019637519005822668,0.0,-26.794673919677734,21.546574743899598,21.571330740736812,0.02475599683721441,1.0,-64.27725982666016,20.51939602825189,20.554892115503336,0.035496087251445374,1.0,-161.09939575195312,20.05595098939363,20.084564387919297,0.028613398525667577,1.0,-86.2125244140625,19.828496113611784,19.857094263912035,0.028598150300251035,1.0,-38.681583404541016,277722,0,0.03473794455541104,2,1
235,149.85640173579426,1.5931729706893363,788011531131445627,i,1.0,True,False,788011531131421614,24.07641417294912,24.07395833804039,-0.0024558349087300257,0.0,-4.1327362060546875,23.242304484228885,23.265663341450864,0.023358857221978724,1.0,-28.820484161376953,22.914010076717148,22.938511660004735,0.02450158328758789,0.0,-26.825271606445312,22.799655197638327,22.839497091435987,0.03984189379766079,1.0,-23.2391300201416,22.818420930734725,22.852869168821,0.03444823808627717,1.0,-8.207832336425781,22.677037032307897,22.698108742352957,0.021071710045060144,0.0,-2.3274004459381104,563353,0,0.030471175320854194,2,1
236,150.70000996607973,2.225801482316953,788013249118371631,i,1.0,True,False,788013249118343427,24.441777639777378,24.433972001492336,-0.007805638285041994,1.0,-1.8042926788330078,22.001058143856234,22.03068190392871,0.029623760072475136,1.0,-107.48828125,20.848090635377325,20.8725409799287,0.024450344551375736,1.0,-112.94329833984375,20.32929458736342,20.3724982158306,0.043203628467178845,1.0,-204.73373413085938,20.086626487065875,20.11676145743302,0.030134970367146963,1.0,-85.76097106933594,19.940450339974163,19.966559699680676,0.026109359706513402,1.0,-31.876121520996094,275182,0,0.25862820148083926,2,1
237,149.72163935705464,1.920618990944045,788012974240455731,i,1.0,True,False,788012974240432913,23.305424060773646,23.318507381192056,0.013083320418409983,1.0,-8.366451263427734,22.503541286869904,22.528748595458204,0.02520730858829978,1.0,-52.15032958984375,22.156506441090407,22.180941724554494,0.02443528346408641,1.0,-37.988712310791016,22.023939584514594,22.062539600668785,0.03860001615419151,1.0,-37.116336822509766,22.012547346490678,22.04049712297926,0.02794977648858321,1.0,-17.907825469970703,22.03319477139179,22.068869820456243,0.035675049064451514,0.0,-4.064442157745361,684951,0,0.0452163588288158,2,0
238,149.66359405082036,2.0852032001476126,788013661435223255,i,1.0,True,False,788013661435200223,20.920480795216644,20.935755909722374,0.015275114505730158,1.0,-92.25491333007812,20.852020247315203,20.877678091500147,0.025657844184944878,1.0,-278.82421875,20.629734891423883,20.654126959741166,0.024392068317283133,1.0,-222.66259765625,20.584128639490547,20.618887985180468,0.03475934568992045,1.0,-185.2635955810547,20.560295378543998,20.58862412634938,0.028328747805382193,1.0,-74.48196411132812,20.49622249136918,20.52815859558548,0.031936104216299555,1.0,-21.398853302001953,482342,0,0.02591915083188508,2,1
239,149.6364501047429,2.3293639287849697,788014348629994165,i,1.0,True,False,788014348629969455,23.27238607757768,23.29796820685018,0.025582129272500254,,-7.943173408508301,20.680994125527004,20.705316820173707,0.02432269464670256,0.0,-337.843505859375,19.35953823905844,19.38363343440512,0.024095195346678366,1.0,-757.4523315429688,18.424446163724525,18.46893637397192,0.04449021024739608,1.0,-1081.6192626953125,17.99911815974449,18.03482702405956,0.03570886431506892,1.0,-591.9701538085938,17.794617636615797,17.837540066055446,0.04292242943964908,1.0,-278.90643310546875,376976,0,0.04903819418657231,2,1
240,149.64111898951748,2.7359126556669513,788016410214291111,i,1.0,True,False,788016410214269199,23.552969823139794,23.56910361850734,0.016133795367547776,0.0,-6.865428924560547,23.291422132095157,23.318710110848244,0.02728797875308686,1.0,-20.36058807373047,22.834082285626216,22.858088712402612,0.02400642677639553,1.0,-21.195390701293945,22.602561895186255,22.634550198683776,0.031988303497520576,1.0,-21.72892951965332,22.306369371720436,22.335201232713402,0.028831860992966085,1.0,-10.535325050354004,22.261667039737905,22.28331235912258,0.02164531938467462,1.0,-2.83550763130188,327592,0,0.019918180680104723,2,0
241,149.8597533809976,1.8657390905582654,788012218326218377,i,1.0,True,False,788012218326191712,24.624959546312564,24.634472081016156,0.009512534703592479,0.0,-2.070039987564087,23.472948891259826,23.495544238662177,0.02259534740235125,1.0,-19.715166091918945,22.966935392516756,22.990900858272557,0.023965465755800608,1.0,-22.837770462036133,22.73654795496951,22.77329764342714,0.03674968845762905,1.0,-20.00757598876953,22.734024792525403,22.75263237910321,0.018607586577807922,1.0,-8.107208251953125,22.85026907899865,22.85678289194684,0.0065138129481887574,1.0,-1.411553978919983,894059,0,0.04297057730616298,2,0
242,150.37085943481574,2.5662349998008254,788015448141616841,i,1.0,True,False,788015448141594729,25.416153030579387,25.40530512297667,-0.010847907602716589,1.0,-0.29450082778930664,24.127925328402103,24.147042788002487,0.019117459600384024,1.0,-9.608168601989746,22.918684606741344,22.94259817528379,0.023913568542447194,1.0,-23.674463272094727,22.285773097583842,22.324180639085903,0.03840754150206038,1.0,-32.95793533325195,21.95736414977253,21.9888655018846,0.031501352112069725,1.0,-20.459733963012695,21.767409797884568,21.78857075864545,0.021160960760880698,0.0,-4.365720748901367,318922,0,0.09641556949903884,2,0
243,150.17788588384553,1.5976182662543406,788011393692492002,i,1.0,True,False,788011393692468121,25.353731798646695,25.278585643009365,-0.07514615563733074,,-0.4415091574192047,22.85827930334051,22.880112495153988,0.02183319181347798,1.0,-37.60857009887695,21.618124258791145,21.641865506768074,0.023741247976929003,1.0,-87.08302307128906,20.42062279034202,20.456628615405414,0.03600582506339478,1.0,-225.1202850341797,19.87903115831537,19.907952294387933,0.028921136072561637,1.0,-148.83702087402344,19.620284710918654,19.650967847641812,0.03068313672315881,1.0,-43.33597183227539,765058,0,0.10449387868938989,2,1
244,149.57266335789524,2.742498451137615,788016478933768768,i,1.0,True,False,788016478933746162,24.657050337253573,24.64489549958974,-0.012154837663832296,,-1.2758771181106567,23.3421603088564,23.367762787302066,0.02560247844566632,1.0,-22.251482009887695,22.69871323216715,22.72243459112623,0.023721358959079453,1.0,-30.3720760345459,22.40468146626728,22.440857837098562,0.036176370831281446,1.0,-36.04567337036133,22.290009218306437,22.32060518230535,0.030595963998912623,1.0,-14.656210899353027,22.259577560449053,22.27899085163091,0.01941329118185564,1.0,-3.49719500541687,411354,0,0.02453885439963225,2,0
245,149.9823733546393,2.342317580228394,788014211191041332,i,1.0,True,False,788014211191016081,22.57118857637261,22.58233411238156,0.011145536008950074,0.0,-21.181556701660156,21.734698995985603,21.75383537547872,0.01913637949311564,0.0,-99.73323059082031,21.42313684857199,21.446589658307715,0.023452809735726277,1.0,-87.48455047607422,21.3194216584439,21.35095854883288,0.03153689038898122,1.0,-77.35111999511719,21.318908881853055,21.34129875594313,0.022389874090073647,1.0,-36.36083984375,21.30790495438172,21.34343961671786,0.03553466233613989,1.0,-8.335980415344238,755213,0,0.03791238418283025,2,1
246,150.1672943304522,2.797662442017457,788016204055864967,i,1.0,True,False,788016204055840592,21.091989163685227,21.111649591327293,0.01966042764206577,0.0,-98.32164764404297,21.027869492747584,21.05278735514991,0.024917862402325852,0.0,-215.4695587158203,20.836133448307862,20.859470777752012,0.0233373294441499,1.0,-163.7317657470703,20.934223890090802,20.97790335959778,0.04367946950697643,1.0,-122.65306091308594,20.955607046795425,20.980789503698126,0.02518245690270149,1.0,-39.37554168701172,20.73880596616297,20.758172993197576,0.01936702703460469,1.0,-12.406128883361816,68854,0,0.027178720165673617,2,1
247,150.55428959051463,1.7881464168400287,788011943448307267,i,1.0,True,False,788011943448282829,24.141509491983815,24.162780020165826,0.02127052818201136,1.0,-2.996549367904663,23.122292351422878,23.147045824846256,0.024753473423377415,1.0,-32.83043670654297,22.66129736417292,22.68459607521421,0.023298711041288556,1.0,-34.35105895996094,22.44436248655674,22.47811396653591,0.03375147997916983,1.0,-32.35984802246094,22.337779679914945,22.35720901501567,0.019429335100724643,0.0,-14.276473999023438,22.291661855809473,22.331910996171864,0.040249140362391245,1.0,-3.098566770553589,884457,0,0.03160373585253483,2,1
248,150.6721406021538,2.722439499309141,788015310702672693,i,1.0,True,False,788015310702645308,24.1818956380348,24.200928928146144,0.019033290111345025,0.0,-3.490326404571533,22.914169900556676,22.93806827775481,0.023898377198133147,1.0,-30.321352005004883,22.36797053651872,22.391247311083653,0.023276774564934044,1.0,-34.937461853027344,22.10145397969524,22.147529891302526,0.04607591160728575,1.0,-40.74174499511719,21.95734262483022,21.98996004309339,0.03261741826317177,1.0,-17.141338348388672,21.916850465455763,21.953459094514894,0.036608629059131204,0.0,-4.3762664794921875,163223,0,0.024328491584247887,2,1
249,150.63840591505078,2.5784526537740695,788015310702664413,i,1.0,True,False,788015310702641766,23.689953192727987,23.698769137750954,0.008815945022966787,0.0,-5.400786876678467,23.074975416629332,23.094056498697345,0.019081082068012734,1.0,-26.869001388549805,22.447243012155432,22.47044099806892,0.02319798591348743,0.0,-36.66172409057617,22.02836896865318,22.064077651769477,0.03570868311629738,1.0,-42.90724563598633,21.71365609823606,21.74203473787522,0.028378639639157655,1.0,-21.35917091369629,21.417264127177678,21.43887291516544,0.021608787987762668,1.0,-6.932289123535156,388608,0,0.01207348312798334,2,0
250,149.93014918251603,2.5329380651935933,788014898385811270,i,1.0,True,False,788014898385784199,21.767201229038683,21.78652960148161,0.019328372442927844,1.0,-41.365577697753906,20.977495610051765,21.00602683591967,0.028531225867904908,1.0,-199.32801818847656,20.65700872712618,20.680193370861964,0.023184643735785215,1.0,-226.2992401123047,20.511702292393558,20.54964011470786,0.03793782231430143,1.0,-189.98399353027344,20.46230170890859,20.492452161575752,0.03015045266716143,1.0,-75.6779556274414,20.447845040997727,20.484263796674597,0.03641875567686981,1.0,-19.164941787719727,954184,0,0.047161855035058056,2,0
251,149.81660202283297,2.590241917833045,788015654300048896,i,1.0,True,False,788015654300025618,25.349091007625255,25.28561890511421,-0.06347210251104585,,-0.5481698513031006,23.811430662828954,23.83239745324137,0.020966790412416003,1.0,-9.26183795928955,22.681698439759394,22.704606488212605,0.022908048453210483,1.0,-24.399749755859375,21.512559091939067,21.555594000424282,0.04303490848521463,1.0,-65.25484466552734,20.99261889520698,21.017775018644144,0.025156123437163558,1.0,-42.89385986328125,20.715368376365,20.757804724827878,0.04243634846287847,0.0,-14.589273452758789,561136,0,0.026923705022284673,2,1
252,149.59972883542866,2.7156977598171395,788015723019533840,i,1.0,True,False,788015723019505712,24.367368603830155,24.35258375641904,-0.014784847411114299,,-1.578348159790039,22.828379952957697,22.851053405335204,0.022673452377507175,1.0,-30.949302673339844,21.823446029780406,21.846118150635604,0.022672120855197875,1.0,-53.68017578125,21.36422410536805,21.400609307118625,0.03638520175057636,1.0,-74.76173400878906,21.151826302260112,21.17910432877993,0.02727802651981648,1.0,-36.13055419921875,21.016527593851848,21.047042796772864,0.030515202921016282,1.0,-12.042555809020996,72623,0,0.049068269423173314,2,1
253,150.6136261104519,1.893844442320113,788011874728836175,i,1.0,True,False,788011874728808773,23.913733810944215,23.920240752171917,0.006506941227701901,1.0,-4.696171760559082,22.56796939952202,22.593330838447876,0.02536143892585585,1.0,-48.64541244506836,21.99677742331287,22.01944256058013,0.022665137267260604,1.0,-57.664772033691406,21.780661181035885,21.815882390171154,0.03522120913526905,1.0,-59.69939422607422,21.723920791505662,21.75051666351937,0.026595872013707833,1.0,-22.23069953918457,21.65469639630004,21.679296578757167,0.024600182457128028,1.0,-4.957836627960205,18917,0,0.042743947344007514,2,1
254,150.31708754713935,2.483491678757116,788014760946854537,i,1.0,True,False,788014760946829574,24.25524428580718,24.264961399579477,0.00971711377229667,0.0,-3.481480836868286,22.695050264526625,22.717199354649964,0.022149090123338766,0.0,-41.30060577392578,22.026393454911,22.049049034186574,0.022655579275575377,1.0,-51.31647491455078,21.71943747947543,21.753838239615124,0.034400760139693176,1.0,-54.79658126831055,21.596836738136417,21.626998151799718,0.030161413663300607,1.0,-25.308082580566406,21.514163903577117,21.53453642112259,0.020372517545471425,0.0,-8.269691467285156,394023,0,0.042894769211879256,2,0
255,150.6816649317423,2.1839044456403025,788013249118368896,i,1.0,True,False,788013249118342255,25.170762176541672,25.192371765181086,0.021609588639414312,0.0,-1.3706412315368652,22.693554570815166,22.713639704094227,0.020085133279060585,0.0,-38.430816650390625,21.401756304505994,21.424260089806282,0.022503785300287404,1.0,-98.43276977539062,20.674462262753934,20.711774488774157,0.037312226020222994,1.0,-158.6074676513672,20.342809400293994,20.372120477739692,0.02931107744569772,1.0,-98.33832550048828,20.183452880582458,20.21332563588109,0.029872755298633535,1.0,-23.481340408325195,725660,0,0.08496554378667794,2,1
256,150.5558596816057,2.564387674612259,788014692227383403,i,1.0,True,False,788014692227354851,24.066988792798117,24.08374532740624,0.016756534608123985,1.0,-3.4847278594970703,22.922353671574342,22.945488327919712,0.02313465634536982,0.0,-30.994470596313477,22.103044044505445,22.125431463481302,0.022387418975856832,1.0,-46.09082794189453,21.790548301324655,21.829358867016943,0.03881056569228747,1.0,-51.15024185180664,21.661952112738952,21.692784242468093,0.0308321297291414,1.0,-16.563386917114258,21.37289432342581,21.40172869270652,0.028834369280708927,1.0,-7.429051876068115,307913,0,0.0030452717166666154,2,0
257,150.15839622961795,2.1395566515163424,788013455276796254,i,1.0,True,False,788013455276771385,21.61235013528962,21.62910637181586,0.0167562365262377,1.0,-57.06435012817383,21.24234963637666,21.266929382903932,0.024579746527273016,1.0,-179.39556884765625,20.967839593433386,20.990169653896245,0.02233006046285979,1.0,-150.81915283203125,20.60357545749803,20.636494349126522,0.0329188916284906,1.0,-165.88809204101562,20.576807389487524,20.600237650396693,0.02343026090916922,1.0,-67.34800720214844,20.531580135483225,20.559709008237565,0.028128872754340506,1.0,-21.244482040405273,127221,0,0.01826257165838338,2,1
258,150.55152070704918,2.843380376327735,788016066616915152,i,1.0,True,False,788016066616888332,23.20543751175546,23.223116806448232,0.01767929469277263,1.0,-11.575790405273438,22.427156822347918,22.452373576042387,0.025216753694468963,1.0,-61.470726013183594,22.090555579357176,22.112836941104682,0.022281361747506168,1.0,-57.96186447143555,21.957730582151445,21.996369110385395,0.03863852823394964,1.0,-59.23863983154297,21.90324646251581,21.933830354652173,0.030583892136363033,1.0,-25.61606216430664,21.85248651870882,21.897661275211902,0.04517475650308356,0.0,-4.55505895614624,615828,0,0.045505425925790426,2,1
259,149.5072679853102,2.792517526488551,788016478933771036,i,1.0,True,False,788016478933747166,23.44593831567478,23.473659158494154,0.027720842819373814,0.0,-7.985937595367432,22.77101217699616,22.798716964900727,0.027704787904568207,1.0,-36.541038513183594,22.582410432152436,22.6046834171822,0.02227298502976538,0.0,-33.19581985473633,22.513003748800877,22.549605402447824,0.03660165364694734,1.0,-21.552549362182617,22.326528022375733,22.354132447662256,0.027604425286522627,1.0,-9.747557640075684,22.05089852103117,22.084521194431574,0.033622673400405034,0.0,-3.06284236907959,575889,0,0.01392841284917793,2,0
260,149.60040472807242,2.064257905221826,788012974240464206,i,1.0,True,False,788012974240436655,24.569222032859884,24.557516367601536,-0.011705665258347153,,-1.3266444206237793,23.4143466073947,23.43971113069894,0.025364523304236997,1.0,-17.355024337768555,22.811789390697005,22.83384992278923,0.022060532092226026,1.0,-21.073158264160156,22.545425799255476,22.580822999220885,0.03539719996540924,1.0,-21.716514587402344,22.48090377830114,22.50415225287757,0.02324847457643031,0.0,-10.31460189819336,22.38356116725356,22.416585235113985,0.03302406786042411,0.0,-3.743652105331421,284914,0,0.035119470217914624,2,0
261,150.54637211782025,2.14739253265585,788013317837843173,i,1.0,True,False,788013317837817987,24.60592987816832,24.598842259432736,-0.0070876187355821685,1.0,-1.4874036312103271,21.938180501588782,21.96142608574973,0.023245584160946464,1.0,-65.75472259521484,20.673937030958527,20.695994727238293,0.022057696279766503,1.0,-143.5802001953125,19.216621623662867,19.25194931617976,0.03532769251689416,1.0,-464.6116943359375,18.537562874754624,18.566261507727816,0.028698632973192417,1.0,-373.3941345214844,18.213250405981825,18.242950829291004,0.02970042330917977,1.0,-154.81080627441406,397870,0,0.09530755984591578,2,1
262,150.21041636109604,1.7803985874590944,788012080887261056,i,1.0,True,False,788012080887236018,24.853236276904532,24.849398953424206,-0.0038373234803259493,,-1.026715874671936,23.285677175631548,23.30556387674928,0.01988670111773061,1.0,-23.57215690612793,22.479198204826773,22.501147627949656,0.021949423122883616,1.0,-32.38876724243164,22.112289597259213,22.144651168438777,0.03236157117956395,1.0,-36.45186233520508,21.973415258220996,21.992885598546522,0.01947034032552608,0.0,-19.050085067749023,21.86124095244007,21.89353891266014,0.032297960220070365,1.0,-5.100124835968018,953376,0,0.06682585053397762,2,0
263,150.70375348886137,2.1348523922650062,788013249118366123,i,1.0,True,False,788013249118341090,24.80950638986406,24.830778719340742,0.02127232947668034,1.0,-1.4884170293807983,23.12242646051959,23.138859740440495,0.016433279920903487,0.0,-32.92774963378906,22.376357909004053,22.39826919992082,0.02191129091676558,1.0,-40.09001922607422,22.056995187521522,22.09029684305889,0.03330165553736819,1.0,-44.13724899291992,21.920032626749197,21.94521144362856,0.025178816879360966,1.0,-23.191993713378906,21.817269786284136,21.8350258632274,0.01775607694326453,1.0,-6.206483364105225,92113,0,0.032299659896195286,2,0
264,149.75945484592805,2.5494475513860877,788014967105288545,i,1.0,True,False,788014967105261464,25.20750593732968,25.213423894629063,0.005917957299381271,1.0,-0.5206366181373596,23.65562920916035,23.68058337998458,0.02495417082423046,1.0,-14.452035903930664,22.98637761619087,23.00828545595447,0.021907839763599668,1.0,-21.317106246948242,22.70510710161728,22.741599809224603,0.03649270760732293,1.0,-24.979421615600586,22.61906936443295,22.64157628116067,0.022506916727721205,0.0,-8.838723182678223,22.62681234404993,22.644906569490793,0.018094225440862033,0.0,-1.7036969661712646,97522,0,0.23219909106920802,2,0
265,150.24013614438738,2.215142766227255,788013455276801030,i,1.0,True,False,788013455276773319,22.82180914899711,22.829510510150037,0.007701361152925301,1.0,-12.611381530761719,21.970481378392428,21.98925312263709,0.018771744244663324,0.0,-89.77027130126953,21.602885528536493,21.624468764148933,0.021583235612439466,1.0,-71.65009307861328,21.460150333438524,21.49859035167519,0.03844001823666687,1.0,-66.64756774902344,21.411756074724657,21.42780637657729,0.016050301852633453,1.0,-16.51942253112793,21.407020665077944,21.41600798742476,0.008987322346815318,,-4.452025413513184,83049,0,0.06538803589731967,2,1
266,149.74219199044276,1.9986733934130358,788012974240460518,i,1.0,True,False,788012974240435011,22.72295532818299,22.742537222989448,0.019581894806457,0.0,-15.665811538696289,22.24147955572922,22.261424857067656,0.019945301338434973,0.0,-64.50194549560547,22.025353807714794,22.046655806820517,0.021301999105723723,1.0,-47.851417541503906,21.98145704882148,22.01189114117068,0.030434092349199915,1.0,-40.28902053833008,22.021339402127552,22.04413561485292,0.02279621272536758,0.0,-14.223081588745117,22.033951050368568,22.048671652182996,0.014720601814428136,1.0,-4.057185173034668,387019,0,0.14113374362722864,2,0
267,150.5498461820492,1.8065536842820054,788011943448308270,i,1.0,True,False,788011943448283270,23.375519406247214,23.38203657645506,0.00651717020784659,1.0,-6.5008721351623535,22.406965970103236,22.430545818472186,0.023579848368949996,1.0,-50.377593994140625,21.86146287933187,21.88275651067734,0.021293631345468356,1.0,-76.92715454101562,21.620421230873085,21.648132734474515,0.02771150360143082,1.0,-53.46068572998047,21.543922274605016,21.567152110047893,0.02322983544287638,1.0,-31.37702178955078,21.424190158099577,21.45594113224803,0.031750974148451405,1.0,-8.66122055053711,208636,0,0.05267129031873105,2,1
268,149.67514644901954,1.982718539166133,788012974240459244,i,1.0,True,False,788012974240434468,22.147432906778548,22.16541887521462,0.01798596843607214,0.0,-27.31157684326172,22.309214746306946,22.331365445789523,0.02215069948257664,1.0,-59.21887969970703,21.70378709829607,21.725000696683658,0.021213598387589627,0.0,-74.86534118652344,21.66642891193319,21.701992670726263,0.035563758793074385,1.0,-58.75041961669922,21.678462854082305,21.705247362927263,0.02678450884495831,1.0,-28.748159408569336,21.69378600320269,21.72208225041516,0.02829624721247015,0.0,-7.191092491149902,404636,0,0.014123367952505019,2,1
269,150.10554279733782,2.126301733585251,788013455276795354,i,1.0,True,False,788013455276771056,22.13635869836522,22.151275110760487,0.014916412395265866,0.0,-29.892614364624023,21.732391007625516,21.755805481881332,0.023414474255815776,1.0,-94.79890441894531,21.31583062546456,21.33701164736639,0.021181021901828245,0.0,-98.34293365478516,21.200304196722893,21.23655444462242,0.036250247899527466,1.0,-81.72718811035156,21.224287112729378,21.2506584591928,0.026371346463420764,1.0,-29.99596405029297,20.971928151523592,21.00505854609157,0.033130394567976396,1.0,-15.007675170898438,18117,0,0.01620949790355455,2,1
270,150.11609174718333,2.205563458668269,788013455276800742,i,1.0,True,False,788013455276773194,24.97052913444042,25.003385468272256,0.0328563338318375,1.0,-1.445733904838562,23.51829228662518,23.53741909886378,0.01912681223859991,0.0,-17.94269561767578,22.900065304664835,22.921111374304346,0.02104606963951028,1.0,-20.134490966796875,22.66753970699826,22.70318948250457,0.03564977550631099,1.0,-19.687374114990234,22.550959566795818,22.57473527889772,0.023775712101901547,0.0,-8.262983322143555,22.640740440703993,22.679778264503568,0.03903782379957477,1.0,-1.6703726053237915,932028,0,0.04157493707252614,2,0
271,150.20237922532905,2.5529360750318326,788014829666334365,i,1.0,True,False,788014829666307952,22.350135952903123,22.365159808049423,0.01502385514629978,1.0,-22.12762451171875,19.989388127786178,20.008694421612844,0.019306293826666376,0.0,-624.3526611328125,18.933530993030118,18.954546388624593,0.02101539559447474,1.0,-1317.91455078125,18.45014908108153,18.479026792160553,0.028877711079022816,1.0,-1487.0228271484375,18.22560416754153,18.247943809440194,0.022339641898664553,1.0,-500.3467102050781,18.09365754363578,18.12272813247691,0.029070588841133116,1.0,-173.5733642578125,110990,0,0.06998012130623625,2,1
272,149.85087048932607,1.592242945317139,788011531131445559,i,1.0,True,False,788011531131421572,25.00743200022894,24.994092741849496,-0.013339258379442498,,-1.2220938205718994,23.540959612277604,23.56278471823135,0.021825105953745094,1.0,-14.59367561340332,22.443123590930544,22.463832117610337,0.020708526679793948,1.0,-30.334325790405273,21.464124045300657,21.505553425830293,0.041429380529635296,1.0,-64.62855529785156,20.997835590771057,21.029738184196795,0.031902593425737535,1.0,-40.50239562988281,20.748711706610152,20.774945335226633,0.02623362861648104,1.0,-12.464815139770508,563714,0,0.10699085134594645,2,1
273,149.94551237683197,2.3692648517661143,788014211191043749,i,1.0,True,False,788014211191016998,21.353031639177743,21.36913674649197,0.016105107314228206,0.0,-61.96529769897461,21.030854696003942,21.05212474424433,0.021270048240388917,0.0,-311.6930847167969,20.94661684424916,20.967300003069653,0.020683158820492764,0.0,-195.7283172607422,21.03420810887225,21.06633782769782,0.03212971882556914,1.0,-146.77780151367188,20.882260030087387,20.908362293599414,0.02610226351202627,1.0,-58.37861633300781,20.725609910394677,20.75434942182833,0.02873951143365261,0.0,-15.168697357177734,957947,0,0.019298618087500104,2,1
274,150.02538880838455,2.0819136943293577,788013523996269655,i,1.0,True,False,788013523996246661,25.898751472945815,25.923914156418547,0.02516268347273254,,0.052700042724609375,23.785998571967845,23.806059921637384,0.020061349669539652,0.0,-11.524065017700195,22.63816662516122,22.658772177907203,0.020605552745983857,1.0,-23.791568756103516,22.138731629429053,22.168474409791266,0.029742780362212784,1.0,-30.861730575561523,21.88857501860476,21.913767884960425,0.025192866355663313,1.0,-18.80929946899414,21.70289701162603,21.734493297997894,0.03159628637186529,1.0,-4.867825984954834,513159,0,0.077719935552229,2,0
275,149.79512948489773,2.043364403160314,788012905520987770,i,1.0,True,False,788012905520959360,24.729239648902286,24.717688631408315,-0.011551017493971472,,-1.0965265035629272,23.48658791735552,23.509538620942127,0.02295070358660567,1.0,-18.973602294921875,22.464080216595434,22.48437314172363,0.020292925128195805,1.0,-34.41206741333008,21.873794528370475,21.90462352777301,0.030828999402533697,1.0,-49.41714859008789,21.58689557691001,21.607871995548916,0.02097641863890587,0.0,-22.37946891784668,21.384606306811875,21.414214101003076,0.0296077941912003,0.0,-9.245872497558594,27171,0,0.2758162586165016,2,1
276,150.42157784100155,2.5559635599403605,788014692227382158,i,1.0,True,False,788014692227354409,23.94444424412089,23.951133508906146,0.006689264785254778,0.0,-4.441973686218262,21.374738841921314,21.391093304687157,0.01635446276584318,0.0,-163.84375,20.075781112500685,20.095812502583144,0.020031390082458245,1.0,-350.43438720703125,18.831554540324326,18.859425963684536,0.0278714233602102,1.0,-799.51220703125,18.263247627534355,18.28805089931947,0.02480327178511388,1.0,-503.02471923828125,18.006098870193405,18.03383371091966,0.02773484072625365,1.0,-233.9569091796875,228889,0,0.04867747623885544,2,1
277,150.0200852604942,2.3536201125144456,788014211191043150,i,1.0,True,False,788014211191016702,23.944325023721717,23.96128767019221,0.016962646470492615,0.0,-4.336517333984375,22.608877921329746,22.634960991647546,0.02608307031779944,1.0,-54.135047912597656,22.086146176618072,22.106030437325607,0.019884260707534906,0.0,-60.3654899597168,21.819952965452423,21.853135900337755,0.03318293488533186,1.0,-61.935977935791016,21.787020449882448,21.809393132218204,0.022372682335756622,1.0,-22.477216720581055,21.602027979424683,21.63369911110165,0.03167113167696556,0.0,-9.769031524658203,878839,0,0.019233869781563634,2,1
278,150.25489086124315,2.848498974817512,788016135336392249,i,1.0,True,False,788016135336365315,24.809198838780816,24.821417208890807,0.012218370109991383,,-0.990719199180603,23.058669038850724,23.07494913301156,0.01628009416083742,1.0,-30.078624725341797,22.20509198421386,22.22493547506766,0.01984349085380188,1.0,-50.24848937988281,21.80392300667919,21.831692240404536,0.027769233725344122,1.0,-65.36760711669922,21.632345901289113,21.645378357538647,0.013032456249533197,1.0,-27.98348617553711,21.54954579030513,21.569897597550195,0.02035180724506347,1.0,-6.505433559417725,596758,0,0.08424946723487083,2,1
279,150.59152314178337,2.01220647965799,788012561923601273,i,1.0,True,False,788012561923574899,25.02063960404406,25.023941176620596,0.0033015725765359605,1.0,-0.8313767313957214,23.374909155853008,23.39850924627806,0.0236000904250524,1.0,-18.991769790649414,22.523451851141495,22.54324544911759,0.019793597976097033,1.0,-25.359092712402344,22.163949237225083,22.19810962674998,0.03416038952489586,1.0,-35.19188690185547,22.006731740202042,22.03286644485268,0.026134704650637275,1.0,-22.323816299438477,21.896840693560602,21.92560397010945,0.028763276548847472,0.0,-6.8210225105285645,702573,0,0.03550837823091931,2,0
280,150.74296057703262,1.82518550537811,788011874728832683,i,1.0,True,False,788011874728807009,24.55128993421318,24.568220306684275,0.0169303724710943,0.0,-2.023023843765259,23.40285535504004,23.424537385829638,0.021682030789598628,0.0,-22.668195724487305,22.91686017959623,22.93661379976099,0.01975362016476012,1.0,-22.994159698486328,22.708270583392938,22.74323775495035,0.0349671715574118,1.0,-21.57107162475586,22.62233285926512,22.649327635479587,0.026994776214465332,1.0,-9.435113906860352,22.60995178532537,22.635801328242323,0.025849542916951407,0.0,-2.65136981010437,405755,0,0.02211631781936483,2,0
281,149.9666897701753,2.146060366073187,788013523996273105,i,1.0,True,False,788013523996248182,24.29229728467634,24.30261002479888,0.01031274012254002,1.0,-2.4671754837036133,21.99525946991956,22.01202583448996,0.016766364570401038,0.0,-84.20504760742188,20.79507609169172,20.81475003361524,0.019673941923521454,1.0,-176.6575927734375,20.206323465550025,20.23626033379336,0.02993686824333608,1.0,-249.98519897460938,19.91991991253534,19.936571272992936,0.016651360457593967,1.0,-141.3544921875,19.754985490283673,19.773171704654004,0.0181862143703313,1.0,-32.697513580322266,266202,0,0.10544499769298635,2,1
282,150.03202479870782,2.1976644555486105,788013523996276261,i,1.0,True,False,788013523996249488,27.1190959276907,27.140740870114836,0.021644942424135394,,,23.812060792301033,23.83535458824263,0.02329379594159775,1.0,-10.372657775878906,22.510852603096332,22.530331079029835,0.019478475933503603,1.0,-30.874380111694336,21.360828696513238,21.397144687803905,0.036315991290667426,1.0,-80.37242126464844,20.825162654028034,20.854236150542754,0.029073496514719466,1.0,-49.98093795776367,20.559008498708184,20.591627597442276,0.03261909873409152,0.0,-15.011150360107422,814537,0,0.07988270166376119,2,1
283,150.1991253908622,2.262883343870602,788014142471561951,i,1.0,True,False,788014142471537670,25.06598371094418,25.029153843073026,-0.036829867871155386,,-1.2060061693191528,23.678377477572297,23.694982216625604,0.016604739053306616,1.0,-12.417933464050293,22.583531194035558,22.602981148154708,0.019449954119149737,1.0,-26.704349517822266,21.517310727228892,21.551645696305147,0.034334969076255106,1.0,-63.18088150024414,21.02089287339659,21.04796356303399,0.027070689637398004,1.0,-39.615962982177734,20.805076714406983,20.83728321142441,0.03220649701742673,1.0,-14.6734037399292,782709,0,0.06488278659660515,2,1
284,150.47226106080637,1.7413696654788056,788011943448304481,i,1.0,True,False,788011943448281567,26.41455130361262,26.350625465228934,-0.06392583838368537,,,23.415691368460603,23.433903236944612,0.01821186848400913,0.0,-25.51053237915039,22.155989500718434,22.175231902244413,0.01924240152597889,1.0,-55.853816986083984,21.36046436327355,21.390294467355275,0.02983010408172504,1.0,-92.29734802246094,20.9872389987908,21.01274082707832,0.025501828287520567,1.0,-52.186378479003906,20.79421578643249,20.822368644357876,0.02815285792538802,1.0,-17.798812866210938,400247,0,0.10787826885226885,2,1
285,150.00927502094453,2.1522395866523363,788013523996273964,i,1.0,True,False,788013523996248502,25.799331206033973,25.850939346843536,0.051608140809563,0.0,-0.6908240914344788,23.731788985155383,23.75901736668189,0.02722838152650553,1.0,-15.979533195495605,22.83109990557038,22.850255571525892,0.019155665955512546,1.0,-25.749958038330078,22.446572950941665,22.484003526994613,0.037430576052948084,1.0,-31.17180824279785,22.271927331174183,22.300885025659376,0.02895769448519303,1.0,-12.922323226928711,22.145881277666632,22.183750047313325,0.03786876964669261,1.0,-2.9600119590759277,317267,0,0.053420165271003336,2,0
286,150.1840438777848,2.1165389251665556,788013455276794272,i,1.0,True,False,788013455276770628,24.695881891878834,24.71332626138154,0.017444369502705115,1.0,-1.4965531826019287,22.400797273438545,22.42085285141735,0.020055577978805417,1.0,-55.33237075805664,21.275996467413293,21.29481390930879,0.0188174418954965,1.0,-111.3720474243164,20.201424539758804,20.23060965520957,0.02918511545076541,1.0,-257.49945068359375,19.71129893006361,19.734669700420564,0.023370770356955006,1.0,-157.5938262939453,19.47425901132033,19.49854559331707,0.024286581996737056,1.0,-51.606319427490234,938901,0,0.07526465629662918,2,1
287,150.06105169709974,2.654803845622693,788015585580576222,i,1.0,True,False,788015585580550496,23.11939359908046,23.136687518404997,0.017293919324536944,0.0,-9.18221378326416,20.377957974622717,20.40062747958637,0.022669504963651832,1.0,-285.6677551269531,19.037283650257137,19.055886593286893,0.01860294302975518,0.0,-721.2492065429688,17.45152397311955,17.478977979468556,0.027454006349007187,1.0,-2730.13330078125,16.71059695992289,16.73357098621717,0.022974026294281913,1.0,-2188.05078125,16.349172683606408,16.378792732334333,0.029620048727924342,0.0,-1670.4171142578125,315968,0,0.23324066343607786,2,1
288,149.79617074948953,2.564112230089132,788014967105289094,i,1.0,True,False,788014967105261652,21.329467824867507,21.345430827257182,0.015963002389675296,0.0,-52.40559387207031,20.936258809187187,20.956083510992837,0.01982470180564988,1.0,-285.89080810546875,20.73626973934091,20.754854755024212,0.018585015683303396,0.0,-185.2755889892578,20.583030327490814,20.61744067707832,0.03441034958750677,1.0,-204.36985778808594,20.39440012653592,20.420186566058604,0.025786439522683224,1.0,-77.75825500488281,20.491780303365104,20.525427779273592,0.033647475908487934,1.0,-19.88779067993164,283350,0,0.009973026510039684,2,1
289,150.01304662057174,2.5067777382590166,788014898385809326,i,1.0,True,False,788014898385783451,24.3786734194266,24.32980057072877,-0.048872848697829596,1.0,-1.2889007329940796,22.439368068890772,22.453427433510978,0.014059364620205628,1.0,-48.15034103393555,21.257156263487936,21.275525440976125,0.018369177488189337,1.0,-92.4515380859375,20.54375516109652,20.571414853518434,0.027659692421913462,1.0,-188.7350311279297,20.20905834677476,20.226939306535993,0.017880959761232162,1.0,-90.09110260009766,20.044296276926744,20.06922839430216,0.024932117375417562,0.0,-29.699691772460938,600767,0,0.07496692716008857,2,0
290,150.44601707877987,2.04348576980299,788012630643079394,i,1.0,True,False,788012630643051948,21.351849038227034,21.362458802349693,0.010609764122659016,1.0,-57.18464279174805,21.107800986894134,21.131058312820862,0.023257325926728356,1.0,-201.02886962890625,20.713412530142136,20.73165168768147,0.018239157539333917,0.0,-162.23744201660156,20.618018109836612,20.64790054866971,0.02988243883309849,1.0,-192.13040161132812,20.596813827726834,20.618517485459368,0.0217036577325338,1.0,-64.8674545288086,20.44895018205495,20.472616163733505,0.023665981678554715,1.0,-18.823137283325195,52715,0,0.00528458399595168,2,1
291,149.87920471701605,2.225798919140266,788013592715755198,i,1.0,True,False,788013592715727170,,37.330828039769735,,,,23.734108284217445,23.75433435859027,0.02022607437282531,0.0,-13.614018440246582,22.610017710065996,22.627995850865055,0.017978140799058906,1.0,-28.027442932128906,22.516283871356574,22.545377992994922,0.029094121638348014,1.0,-24.12873077392578,22.836124947329793,22.86252585048254,0.0264009031527479,1.0,-6.41078519821167,23.037585514042604,23.066705483929688,0.029119969887084096,1.0,-0.7620728611946106,417095,0,0.04309642181106887,2,0
292,150.11605526344496,1.8020229406881563,788012080887262508,i,1.0,True,False,788012080887236637,24.135929062373172,24.154894037171868,0.018964974798695522,0.0,-3.0148398876190186,21.981005206026857,22.00105408625382,0.020048880226962495,0.0,-78.87821960449219,21.154477455397178,21.172393081841296,0.01791562644411826,0.0,-106.11699676513672,20.862010050263137,20.8876491952246,0.025639144961463245,1.0,-105.04230499267578,20.715664377649578,20.737886064895395,0.022221687245817634,1.0,-43.87074279785156,20.66144705087865,20.686739679387674,0.025292628509024695,1.0,-16.237974166870117,109961,0,0.025218678044901053,2,1
293,150.1586165997761,2.265177797758413,788014142471562007,i,1.0,True,False,788014142471537690,23.886988935054454,23.882956398046844,-0.004032537007610415,1.0,-4.506880283355713,22.844030116777887,22.863076810225074,0.019046693447187124,0.0,-35.54727554321289,22.458235355116294,22.47612526649095,0.01788991137465601,0.0,-34.50408935546875,22.281451833028058,22.30865403571154,0.02720220268348328,1.0,-31.001562118530273,22.254363701663287,22.275507135141368,0.021143433478080453,0.0,-13.364341735839844,22.249602033563285,22.278286118458034,0.028684084894749162,0.0,-3.7208523750305176,809576,0,0.03309033916106748,2,0
294,150.4284617528239,1.5831483305335723,788011256253539191,i,1.0,True,False,788011256253514373,24.631600673837973,24.62905785622258,-0.002542817615392323,0.0,-2.018542766571045,23.493164568108835,23.503924523235586,0.010759955126751208,0.0,-17.896053314208984,22.93226430299419,22.949981174884005,0.017716871889813746,1.0,-21.61300277709961,22.708397774553298,22.727406018782723,0.019008244229425486,1.0,-20.524606704711914,22.672425758926583,22.687608542953733,0.01518278402715012,0.0,-8.251255989074707,22.65601100016061,22.689001088465016,0.03299008830440542,0.0,-2.2580411434173584,486491,0,0.035716230146339706,2,1
295,149.7577342758556,2.743494515323885,788016341494814502,i,1.0,True,False,788016341494792684,23.246199219891622,23.26014315392417,0.013943934032546679,0.0,-8.432287216186523,22.495471425682133,22.514364040728747,0.01889261504661377,0.0,-48.697566986083984,22.21084117766015,22.228442882057315,0.017601704397165463,1.0,-44.3941535949707,22.09897907586069,22.126317954585843,0.027338878725153393,1.0,-38.175628662109375,22.11632163320727,22.13237460792225,0.016052974714980905,0.0,-14.722743034362793,22.065502504304778,22.10740700226794,0.04190449796316287,1.0,-3.569169282913208,459376,0,0.020465448062052086,2,0
296,149.74135434598045,2.5257348450208665,788015035824764178,i,1.0,True,False,788015035824737654,26.54328208202225,26.47615650920096,-0.06712557282129339,0.0,,24.117948167268068,24.13269315952797,0.014744992259903,0.0,-11.600411415100098,22.789671301842855,22.80725055595476,0.01757925411190442,1.0,-26.62069320678711,22.16510627523621,22.193709126191216,0.028602850955007142,1.0,-37.63067626953125,21.893092903985178,21.91694860680455,0.02385570281937177,1.0,-18.06178855895996,21.711695948370156,21.74505612031838,0.033360171948224604,1.0,-5.98146915435791,851983,0,0.10353495899446,2,0
297,149.5124463088172,1.6389826591959105,788011668570402054,i,1.0,True,False,788011668570376166,25.163953052865843,25.193941110154253,0.02998805728840992,1.0,-1.1208833456039429,22.23955235687187,22.254519523071778,0.014967166199909343,0.0,-55.12923049926758,20.919882395317238,20.937343408217316,0.017461012900078288,0.0,-126.29126739501953,19.7279975309482,19.750061115870817,0.022063584922616286,1.0,-307.9032897949219,19.186785719908457,19.20728307777849,0.020497357870034705,1.0,-194.95594787597656,18.94116754886233,18.96270830994139,0.021540761079059223,1.0,-86.42424011230469,152863,0,0.0960312225560505,2,1
298,149.9697923308187,2.183448104434188,788013523996275456,i,1.0,True,False,788013523996249126,25.215751446389977,25.19340193037185,-0.022349516018127957,0.0,-0.9232509136199951,23.784758651464962,23.80085375520571,0.016095103740749295,0.0,-14.924864768981934,22.914120293850495,22.931554223126504,0.017433929276009508,1.0,-26.745834350585938,22.255902048675814,22.284922487259472,0.029020438583657437,1.0,-39.961368560791016,22.072076784673733,22.08878740924919,0.016710624575456023,0.0,-12.155088424682617,21.79060808744579,21.821661507102583,0.03105341965679287,0.0,-6.86842155456543,658798,0,0.01897510135830909,2,0
299,149.56466619424785,1.977883646076154,788013042959935104,i,1.0,True,False,788013042959911042,21.93350933377154,21.94608713275811,0.012577798986569633,1.0,-31.178495407104492,21.480187063000734,21.49902537774064,0.018838314739905826,1.0,-124.92298126220703,21.362279265379257,21.379697110247925,0.017417844868667487,1.0,-91.56339263916016,20.98740945258872,21.01294955365733,0.025540101068607157,1.0,-98.30431365966797,21.06322396945212,21.08137610955584,0.01815214010371946,1.0,-35.054508209228516,21.032661407088938,21.05591802907049,0.023256621981552428,1.0,-11.526493072509766,280696,0,0.03585641091601378,2,1
300,150.36208474760485,1.6300629411782688,788011324973016402,i,1.0,True,False,788011324972992276,23.78812883338419,23.80327075273545,0.015141919351261635,1.0,-4.205996990203857,23.14176723029621,23.16222084597012,0.020453615673908132,0.0,-29.401872634887695,22.819589861887174,22.837005961477587,0.017416099590413125,0.0,-25.255327224731445,22.69962450296613,22.731895366601762,0.03227086363563103,1.0,-22.618061065673828,22.65616736674833,22.682880014963352,0.026712648215021062,1.0,-6.836538791656494,22.630146802133662,22.66560331442112,0.03545651228745683,0.0,-2.1876473426818848,144734,0,0.1352169382685886,2,0
301,150.53049382866595,2.844004995323171,788016066616915188,i,1.0,True,False,788016066616888349,21.929369624781152,21.944423025252156,0.015053400471003897,0.0,-32.390098571777344,22.166427446558373,22.18819245793611,0.02176501137773812,1.0,-72.45223999023438,21.80091781456064,21.818286384576005,0.01736857001536407,0.0,-72.0987777709961,21.676448834935478,21.702224445296153,0.025775610360675216,1.0,-68.27191925048828,21.72417458845631,21.75030289628903,0.026128307832717468,1.0,-21.369638442993164,21.804200905760162,21.836174736028696,0.03197383026853373,1.0,-5.497364044189453,632705,0,0.024033047637291985,2,1
302,150.41952778494422,2.59087389464341,788015379422141408,i,1.0,True,False,788015379422118717,25.561128843194016,25.639710219599838,0.07858137640582186,,-0.6840870976448059,22.820467264292674,22.837368986776998,0.016901722484323756,0.0,-33.06084442138672,21.59559132553752,21.61284935006168,0.017258024524160476,0.0,-73.58404541015625,20.851082682883746,20.87608962102848,0.025006938144734647,1.0,-113.38750457763672,20.485953316754138,20.508763225945156,0.022809909191018107,1.0,-66.06879425048828,20.29934374834407,20.331424127002222,0.03208037865815072,1.0,-24.695646286010742,710698,0,0.035177431063177965,2,1
303,150.57488944060205,1.976750053371102,788012630643076367,i,1.0,True,False,788012630643050701,21.347336804976017,21.3549629198145,0.007626114838483744,0.0,-60.13480758666992,21.12637259020894,21.141289965607008,0.014917375398066923,0.0,-178.31178283691406,21.036209167042383,21.053439582947405,0.017230415905022056,1.0,-126.4719467163086,20.78519166080289,20.809262314774188,0.024070653971296707,1.0,-145.48013305664062,20.792286495868716,20.811263585886625,0.01897709001790915,1.0,-47.990501403808594,20.73771989941334,20.758426169438344,0.02070627002500558,1.0,-20.305612564086914,269118,0,0.00910020304765995,2,1
304,150.4580263026169,2.5460011595968117,788014692227382030,i,1.0,True,False,788014692227354341,25.4154021221603,25.378511526263875,-0.03689059589642696,,-0.2713348865509033,23.20344836546204,23.220144690166737,0.016696324704696508,1.0,-27.3842830657959,21.970234937728694,21.987422580755883,0.01718764302718867,1.0,-49.13872528076172,20.85148975281037,20.87874794238247,0.0272581895721018,1.0,-148.70436096191406,20.344647418147435,20.365362048823787,0.02071463067635193,1.0,-67.91040802001953,20.105163249769987,20.130737085166217,0.025573835396230038,1.0,-30.40232276916504,74549,0,0.09107353676908723,2,0
305,149.7634715481811,2.3341383427919475,788014279910519279,i,1.0,True,False,788014279910492868,21.296442238110778,21.31280011178748,0.016357873676703605,1.0,-55.74147033691406,21.11256052004876,21.136929131360112,0.024368611311352595,1.0,-146.44723510742188,20.861616711266244,20.878718749450673,0.017102038184429347,0.0,-129.7838897705078,20.82576602890149,20.855927259886066,0.030161230984575127,1.0,-112.64546203613281,20.830176210990757,20.850393877331292,0.020217666340535345,1.0,-41.351707458496094,20.668806448381062,20.69606835389065,0.027261905509586626,1.0,-14.582646369934082,604124,0,0.01412371699584733,2,1
306,150.34590117964248,2.1475115416628263,788013386557321688,i,1.0,True,False,788013386557295045,20.962585544352713,20.966781454524362,0.004195910171649331,0.0,-121.7651138305664,20.801961302542537,20.816996070288518,0.01503476774598056,0.0,-285.7677917480469,20.694507739681708,20.711548268783393,0.017040529101684854,1.0,-285.69305419921875,20.67289134517386,20.69547914794194,0.022587802768079257,1.0,-178.25794982910156,20.6161965834248,20.629464018192046,0.01326743476724701,1.0,-82.83975982666016,20.49994023899095,20.511648865404617,0.0117086264136681,1.0,-24.743093490600586,394945,0,0.016016942193061465,2,1
307,149.85181490688444,2.71843836038863,788015654300056695,i,1.0,True,False,788015654300028903,22.949583342259917,22.962895292558684,0.013311950298767528,0.0,-12.768951416015625,22.483319672269438,22.504004663459234,0.020684991189796165,1.0,-54.09699630737305,21.97474119590901,21.99173516634615,0.016993970437138017,0.0,-56.98832702636719,21.751684047716775,21.779049129854332,0.02736508213755684,1.0,-69.46604919433594,21.671131720365537,21.692291792662015,0.021160072296478205,1.0,-22.43195152282715,21.49550546446406,21.53070113275767,0.03519566829361054,1.0,-6.619035720825195,133524,0,0.009921358031958817,2,0
308,150.72361220709348,2.688586862285288,788015310702670852,i,1.0,True,False,788015310702644532,24.928033928353663,24.920821493932827,-0.007212434420836189,1.0,-1.0919675827026367,23.9340975535265,23.958174343477307,0.024076789950807864,1.0,-10.76921272277832,22.80558770236374,22.82256452892178,0.01697682655803945,0.0,-23.830209732055664,22.207959316628557,22.243168809504525,0.03520949287596764,1.0,-46.53864669799805,21.906979970650433,21.933167876596627,0.02618790594619469,1.0,-21.319351196289062,21.803390021021137,21.819250738312384,0.01586071729124683,0.0,-4.426849842071533,645066,0,0.006311133950582737,2,0
309,150.00104509915863,1.767796431678146,788012149606738042,i,1.0,True,False,788012149606712589,23.968883804241703,23.975327782171178,0.006443977929475153,1.0,-4.932013511657715,23.133143878695435,23.15026625807912,0.017122379383685882,1.0,-32.05900955200195,22.749670095389206,22.766452826949163,0.016782731559956687,1.0,-31.491674423217773,22.591598600916136,22.61487417082566,0.02327556990952573,1.0,-27.302936553955078,22.59391266006143,22.61373884133952,0.019826181278087773,1.0,-10.483092308044434,22.60924092500894,22.613569985763394,0.0043290607544541615,0.0,-2.5412511825561523,740800,0,0.023430309483388315,2,0
310,149.75129931204336,2.4694646663151407,788014967105283508,i,1.0,True,False,788014967105259302,23.899856936643516,23.92173027805682,0.021873341413304104,,-4.83059024810791,22.49930111916703,22.516230068692487,0.016928949525457426,0.0,-45.09294891357422,21.894035324188486,21.91076777220959,0.016732448021102186,0.0,-59.942325592041016,21.62656234158614,21.65103673603376,0.02447439444761912,1.0,-62.86018371582031,21.506551588908653,21.526156327413034,0.019604738504380492,1.0,-24.192203521728516,21.389333781943108,21.41175200177,0.022418219826892738,1.0,-6.471024036407471,171177,0,0.025467348895659346,2,1
311,150.38670713540716,1.9665920331855653,788012699362552844,i,1.0,True,False,788012699362527273,21.29748840310497,21.31085979322797,0.01337139012299815,1.0,-65.2848129272461,21.250445213188854,21.26960885287375,0.019163639684894207,1.0,-172.95852661132812,21.046526160984097,21.063125617087465,0.01659945610336777,1.0,-132.2029571533203,20.81653246565159,20.84069459605356,0.024162130401968795,1.0,-144.44171142578125,20.848805422413385,20.867418970831647,0.018613548418262127,1.0,-47.15681457519531,20.87631790864024,20.888621072656164,0.01230316401592546,1.0,-16.101320266723633,152480,0,0.010950495766509478,2,0
312,150.4585033798689,1.6650463200541705,788011256253543842,i,1.0,True,False,788011256253516560,25.889074714934804,25.876939610640974,-0.012135104293829357,0.0,-1.8187789916992188,23.824315363077403,23.843594321955838,0.019278958878434338,0.0,-14.037786483764648,22.932538939563642,22.949044219514477,0.016505279950834506,1.0,-25.29805564880371,22.534840893374195,22.554672922150345,0.019832028776150423,1.0,-28.74176025390625,22.360102920782587,22.37390047171457,0.013797550931982983,1.0,-16.957294464111328,22.216064497216443,22.225750441290266,0.009685944073822839,0.0,-4.441026210784912,327601,0,0.06668297241078444,2,0
313,149.51480989603743,1.8072470092765203,788012355765168293,i,1.0,True,False,788012355765143591,24.868887627077807,24.88611829174385,0.01723066466604095,,-1.5214020013809204,23.509579137453,23.526011619190548,0.01643248173754941,1.0,-19.42384147644043,22.384785366728444,22.401276797032786,0.016491430304341748,1.0,-45.5581169128418,21.82521035344093,21.84776533796221,0.022554984521278243,1.0,-53.941707611083984,21.53129124408189,21.54892439311847,0.01763314903658042,1.0,-22.031084060668945,21.348180657062386,21.370939685470884,0.022759028408497528,1.0,-7.874838829040527,216773,0,0.037593124017290515,2,0
314,149.85165183359692,2.145131010147034,788013592715750385,i,1.0,True,False,788013592715725113,20.947076104339573,20.958934546786022,0.011858442446449402,0.0,-85.5377197265625,20.11224767607678,20.13063010240046,0.01838242632367937,0.0,-550.9866333007812,19.790322403601913,19.806731060891707,0.01640865728979435,0.0,-447.0135192871094,19.63693014533817,19.665163424747874,0.028233279409704437,1.0,-467.8388977050781,19.577995426917305,19.596745024319613,0.018749597402308638,1.0,-144.9822235107422,19.52993435668055,19.54883051055053,0.018896153869981447,1.0,-44.25728988647461,386064,0,0.034743611706196414,2,1
315,149.6381664876696,1.6627630153451158,788011599850925417,i,1.0,True,False,788011599850900116,25.117600780445485,25.11644945179624,-0.001151328649246608,,-0.523006021976471,23.785990099879818,23.799251728941677,0.01326162906185857,1.0,-14.382635116577148,22.63285156362129,22.64919402842439,0.016342464803098977,1.0,-32.05337142944336,21.37012706405127,21.39196987397144,0.021842809920169515,1.0,-71.82463836669922,20.781100658892775,20.798834935292398,0.017734276399622217,0.0,-59.85350799560547,20.503723889288867,20.523139840212295,0.019415950923427516,0.0,-23.53134536743164,326609,0,0.0857398134530843,2,1
316,149.83258953167592,2.710736826246643,788015654300055929,i,1.0,True,False,788015654300028615,21.221399322269367,21.232882677009655,0.011483354740288831,0.0,-76.03019714355469,21.266102769649287,21.283083163818358,0.016980394169070934,1.0,-156.9580078125,21.208568745918647,21.224748782906236,0.01618003698758841,1.0,-113.432373046875,20.97235448132951,20.99622233366879,0.02386785233927924,1.0,-134.53518676757812,20.712252731892704,20.731442825442336,0.01919009354963208,1.0,-54.927730560302734,20.874313458659834,20.89528973970033,0.020976281040496758,1.0,-15.269407272338867,21180,0,0.013240355889953426,2,1
317,150.03062703137238,2.6787374585735693,788015585580577347,i,1.0,True,False,788015585580550945,21.90211643250697,21.91482399578834,0.012707563281370682,0.0,-34.35468292236328,21.82829063869176,21.84656686671947,0.018276228027708896,1.0,-91.40331268310547,21.747568561055964,21.763704732033972,0.016136170978008124,0.0,-66.41650390625,21.538188882048857,21.565653944452656,0.027465062403798868,1.0,-64.48311614990234,21.396223886175086,21.415437621983358,0.019213735808271792,1.0,-27.959754943847656,21.43265329665826,21.4609085190048,0.028255222346540876,1.0,-6.164243221282959,778566,0,0.01682555669979097,2,0
318,150.47848357830392,2.163843581095499,788013317837844293,i,1.0,True,False,788013317837818406,29.654406256439074,29.85515559421337,0.2007493377742975,,,24.2966112545714,24.31060225519751,0.013991000626109695,0.0,-9.597679138183594,22.937104961030958,22.953225172777366,0.016120211746407875,1.0,-22.63822364807129,21.859891313566724,21.878345997267985,0.018454683701261132,1.0,-51.88174819946289,21.381610254206898,21.39892105577688,0.01731080156998388,1.0,-33.03780746459961,21.169625234644215,21.193552996537388,0.023927761893173027,1.0,-11.303256034851074,649917,0,0.03934615974201845,2,0
319,150.19503059312845,1.7937277158489129,788012080887261878,i,1.0,True,False,788012080887236338,23.569446566116603,23.562627247521952,-0.006819318594651236,1.0,-5.008981704711914,22.913821204891924,22.929615986237856,0.015794781345931597,1.0,-40.34093475341797,22.383862561274164,22.399764434768926,0.015901873494762242,1.0,-35.316490173339844,21.777029154378404,21.802293579494993,0.025264425116588995,1.0,-49.246055603027344,21.595810731543725,21.612250087815383,0.0164393562716576,1.0,-22.70343589782715,21.448754568681668,21.47171828642258,0.022963717740910994,1.0,-5.773196220397949,22501,0,0.00665589828183718,2,0
320,150.15627775871556,1.8264343099077762,788012080887263871,i,1.0,True,False,788012080887237149,23.22722495385254,23.227826722827114,0.0006017689745725363,0.0,-8.771659851074219,22.493121226065877,22.508453236857484,0.01533201079160662,1.0,-53.518123626708984,22.19746983479299,22.213099024089257,0.015629189296266333,1.0,-46.031551361083984,21.966719684776866,21.989391696430268,0.022672011653401825,1.0,-44.87260818481445,21.903308658415376,21.9212351039763,0.017926445560924265,0.0,-22.169082641601562,21.835994592488525,21.852525927483967,0.016531334995441682,1.0,-5.002438545227051,471671,0,0.012095688795649515,2,0
321,149.7233633982593,1.8515945767584565,788012287045695672,i,1.0,True,False,788012287045668079,25.172491181142448,25.177831185362464,0.005340004220016681,1.0,-1.05750572681427,23.074408104611415,23.092168862858948,0.017760758247533204,1.0,-32.083885192871094,22.166917042244556,22.182533305455905,0.015616263211349235,1.0,-55.31632995605469,21.80913399288014,21.8306383463974,0.021504353517258323,1.0,-57.77113342285156,21.64313765535117,21.660198913474872,0.017061258123703738,1.0,-25.146072387695312,21.50840643619527,21.530255621624146,0.02184918542887715,1.0,-9.208312034606934,793683,0,0.04418773719399458,2,0
322,149.51675515303435,2.0069543936302026,788013042959936920,i,1.0,True,False,788013042959911818,25.089727687695976,25.093626365819272,0.0038986781232956957,0.0,-0.9664482474327087,23.606207917668286,23.625520117866255,0.01931220019796953,1.0,-21.639671325683594,22.840285257904412,22.855867856430255,0.015582598525842428,1.0,-31.656917572021484,22.51889977483414,22.542430406727252,0.023530631893112997,1.0,-37.75403594970703,22.420869752255385,22.43728521521423,0.01641546295884666,0.0,-15.202813148498535,22.330375827327302,22.351048024952988,0.02067219762568584,0.0,-3.8491604328155518,570053,0,0.06372396669673283,2,0
323,149.90168403016747,2.697224697159693,788015654300055442,i,1.0,True,False,788015654300028371,25.321127425448164,25.330959601750727,0.009832176302563056,,-0.6932497620582581,23.816018909137856,23.827363086915213,0.011344177777356634,1.0,-11.945518493652344,22.682123496395327,22.6976723026,0.015548806204673582,1.0,-27.626205444335938,21.47329092113326,21.501798494355405,0.028507573222146476,1.0,-47.31684494018555,20.94238481140095,20.964861630471024,0.022476819070075038,1.0,-46.864990234375,20.678468699477573,20.699842745461382,0.021374045983808543,0.0,-17.652463912963867,918169,0,0.07414173047428103,2,1
324,149.94699781473952,2.7176439977125435,788015585580579931,i,1.0,True,False,788015585580551904,22.700121946167428,22.66433148745564,-0.03579045871178721,,-13.556922912597656,20.96522565922485,20.973470108135956,0.008244448911106872,1.0,-157.23147583007812,19.930248273271914,19.945718600652484,0.015470327380569415,1.0,-301.65869140625,19.48153187909692,19.502366330474516,0.020834451377595542,1.0,-377.5404052734375,19.262980475213112,19.280053960653227,0.017073485440114666,1.0,-240.9641571044922,19.152916866533356,19.17334032402257,0.020423457489211927,1.0,-68.43476867675781,93559,0,0.17447235128427707,2,1
325,150.73404598192832,2.337167678920985,788013936313109358,i,1.0,False,True,0,25.41908400176952,25.488109591907016,0.0690255901374961,1.0,0.0,24.102903502535156,24.124159138868155,0.021255636332998762,0.0,0.0,22.93897863142545,22.954318832423503,0.015340200998053888,0.0,0.0,22.444586681367902,22.463309197943794,0.018722516575891746,1.0,0.0,22.207491013709767,22.223945368471178,0.016454354761410883,1.0,0.0,22.17644796323154,22.201633684482527,0.02518572125098828,0.0,0.0,483280,0,0.0515924797737601,2,0
326,149.54120531069984,2.25469168240928,788014417349444424,i,1.0,False,True,0,24.57693238112001,24.5259350486696,-0.05099733245041094,,0.0,23.025146449323834,23.03427017028214,0.009123720958307047,1.0,0.0,21.885443394812853,21.90071630881821,0.015272914005358018,1.0,0.0,21.17883946760095,21.204876416292915,0.0260369486919636,1.0,0.0,20.843593641991742,20.86494754309288,0.021353901101139883,1.0,0.0,20.688138999821668,20.71586322473733,0.027724224915662177,1.0,0.0,539706,0,0.08462926382444849,2,1
327,150.1773276576482,2.102886208031767,788013455276794260,i,1.0,True,False,788013455276770628,25.14268788617604,25.155240938842933,0.012553052666891773,0.0,-1.345835566520691,23.56792313960783,23.56983675308954,0.001913613481708154,0.0,-20.63863182067871,22.91354645345074,22.928794173458748,0.015247720008009225,1.0,-25.029190063476562,22.608387490067386,22.629919336580397,0.021531846513010322,1.0,-26.22681999206543,22.435414903252774,22.454729756838834,0.01931485358606011,1.0,-12.49016284942627,22.443351895649077,22.450150515557898,0.006798619908821024,0.0,-3.304194450378418,939252,0,0.045432899530208994,2,0
328,149.81292920120967,2.345466786045334,788014279910519104,i,1.0,True,False,788014279910492798,23.343082086866985,23.338454136898275,-0.004627949968710965,1.0,-6.9812211990356445,22.830531770960974,22.849673498645437,0.019141727684463206,1.0,-34.49319839477539,22.498279576223602,22.513348780303808,0.015069204080205623,1.0,-31.344263076782227,21.854972230590498,21.87990905596579,0.02493682537529196,1.0,-53.17532730102539,21.76377802920474,21.780518692161415,0.016740662956674868,1.0,-19.24781608581543,21.619434022229353,21.640189063007284,0.020755040777931555,1.0,-5.727321624755859,722970,0,0.008063176827978276,2,1
329,150.38450146598603,1.9492448225687171,788012699362551562,i,1.0,True,False,788012699362526753,24.212336592106254,24.23524454409207,0.022907951985814634,0.0,-3.1885151863098145,23.32340861989917,23.337480146367863,0.014071526468693918,0.0,-21.72299575805664,22.906511394692203,22.921535936029038,0.015024541336835284,1.0,-22.700366973876953,22.74247789211467,22.759887752802648,0.017409860687976675,1.0,-16.652685165405273,22.675195937278197,22.689282123865368,0.014086186587171312,1.0,-8.817261695861816,22.65632072059996,22.700511423853506,0.04419070325354468,1.0,-2.1816232204437256,938860,0,0.018685208804786843,2,0
330,150.597332199608,2.6179326651026926,788015310702666197,i,1.0,True,False,788015310702642545,21.757642968464467,21.773772631056886,0.016129662592419436,1.0,-50.76620864868164,21.65457447453516,21.672829335057642,0.018254860522482375,1.0,-114.30238342285156,21.398457738840122,21.413211526092667,0.014753787252544726,0.0,-106.0576171875,21.24829144954939,21.276585798217262,0.028294348667870395,1.0,-99.60277557373047,21.256155938393377,21.275364255210853,0.019208316817476145,1.0,-27.266162872314453,21.187243337179446,21.201670282442848,0.014426945263402047,1.0,-10.629500389099121,847999,0,0.001814729074699659,2,1
331,150.13096919281034,1.6594041887404916,788011393692496091,i,1.0,True,False,788011393692469711,23.006856130844696,22.99085450324865,-0.016001627596047285,1.0,-8.74642276763916,21.648726806223635,21.666297874253488,0.0175710680298522,1.0,-104.61410522460938,21.015241279892017,21.029940326345965,0.014699046453948483,1.0,-116.294677734375,20.73378075278736,20.758583788546574,0.024803035759212833,1.0,-149.9838104248047,20.60859852029308,20.622822266351804,0.01422374605872534,1.0,-57.57083511352539,20.537999230741356,20.552710661679534,0.014711430938177728,1.0,-21.40249252319336,373065,0,0.05811167642153091,2,1
332,150.11073734734543,1.8766042643445,788012080887267356,i,1.0,True,False,788012080887238568,24.855282391485662,24.85787288985085,0.0025904983651869884,1.0,-1.107707142829895,22.39148564041267,22.40627844655612,0.014792806143447024,0.0,-69.14179992675781,21.282001512856773,21.296668858619967,0.014667345763193396,0.0,-105.37540435791016,20.78389324590016,20.804858020765888,0.02096477486572823,1.0,-144.28616333007812,20.548753481538817,20.566362231794272,0.017608750255455163,1.0,-60.19257354736328,20.41361567443036,20.436945372023917,0.02332969759355663,0.0,-26.602294921875,53404,0,0.03096391182573638,2,1
333,150.07016569324045,1.8581734728443429,788012149606743124,i,1.0,True,False,788012149606714817,26.14450190324816,26.089615554811477,-0.05488634843668194,1.0,,23.694604370620922,23.710367720283063,0.01576334966214077,0.0,-16.27972984313965,22.789295954338286,22.80392797115782,0.014632016819533078,1.0,-25.58668327331543,22.426992987766717,22.4505177800009,0.023524792234184133,1.0,-33.909873962402344,22.21465282178544,22.234955950517822,0.020303128732383158,1.0,-12.921832084655762,22.13466635102858,22.160201334039826,0.02553498301124435,1.0,-2.8566462993621826,847211,0,0.027792210459541996,2,1
334,150.69631741451548,2.1537368346332704,788013249118367065,i,1.0,True,False,788013249118341513,25.71096287201882,25.724297030476123,0.013334158457304568,0.0,-0.1647697389125824,23.66674670724675,23.686127619223203,0.019380911976451642,1.0,-17.19176483154297,22.538404887085495,22.552958684587548,0.0145537975020531,0.0,-38.20844268798828,22.048904464804014,22.07467045084256,0.02576598603854663,1.0,-44.65375900268555,21.821275633632364,21.83807400224398,0.01679836861161732,1.0,-18.816728591918945,21.723578202565,21.743641535411932,0.020063332846930848,0.0,-8.394091606140137,348774,0,0.03372812133711749,2,0
335,150.1052002510469,1.9811330662427264,788012768082029461,i,1.0,True,False,788012768082004188,19.038709174473844,19.02622147333725,-0.012487701136592477,0.0,-847.7974243164062,19.07357043236925,19.085824561167154,0.012254128797902553,0.0,-1988.8154296875,19.02617459646065,19.040727273613925,0.014552677153275795,0.0,-952.9060668945312,19.126068456276542,19.152665915774573,0.026597459498031384,1.0,-606.2708129882812,18.35861400267368,18.376251001260542,0.017636998586862518,0.0,-504.68365478515625,18.902693674258046,18.927346663121348,0.024652988863302028,0.0,-104.86886596679688,424292,0,0.017592349866380527,2,1
336,149.56458954836313,1.8230577048971983,788012355765169217,i,1.0,True,False,788012355765144008,20.055964395230475,20.066234894404708,0.010270499174232839,0.0,-187.52000427246094,20.516565693682644,20.529685062734313,0.013119369051668883,1.0,-334.609375,20.103433985149668,20.117917906515324,0.014483921365656016,1.0,-323.9922180175781,19.86074294122684,19.881119100124284,0.02037615889744515,1.0,-316.0337829589844,19.852509955512367,19.86755345843164,0.015043502919272811,1.0,-121.82694244384766,19.834776813867276,19.853399530830707,0.01862271696343143,1.0,-38.07696533203125,441254,0,0.03151464156679358,2,1
337,149.61015314337956,2.160415172604742,788013661435227753,i,1.0,True,False,788013661435202167,25.820218076909363,25.722259733114207,-0.09795834379515611,,-0.11588455736637115,23.686995741300546,23.69820153902046,0.01120579771991359,1.0,-14.817809104919434,22.40115268041172,22.415580571070826,0.014427890659106879,1.0,-40.22946548461914,21.779493143443396,21.80351324877821,0.024020105334813024,1.0,-48.776737213134766,21.491114439261494,21.51060768050647,0.019493241244976645,1.0,-23.9294376373291,21.319526999549574,21.346771807936918,0.02724480838734422,0.0,-8.970497131347656,453819,0,0.22445643233605886,2,0
338,150.05183198112985,1.6827538829619737,788011462411973235,i,1.0,True,False,788011462411947031,21.346164019722607,21.356404954810706,0.010240935088098979,0.0,-66.93678283691406,20.92837757104214,20.945994516366795,0.01761694532465441,1.0,-289.51959228515625,20.672597444368876,20.686931649166056,0.01433420479717995,0.0,-189.875732421875,20.37470381626405,20.396419381694848,0.021715565430799444,1.0,-229.19174194335938,20.104160306000928,20.117987637362013,0.013827331361085271,0.0,-93.71113586425781,20.07960122873441,20.09685462985319,0.017253401118779266,0.0,-33.657867431640625,710279,0,0.012849524006254706,2,0
339,150.48115169723704,2.6313594489896506,788015379422143712,i,1.0,True,False,788015379422119722,25.02916621713618,25.02089345834869,-0.008272758787487788,0.0,-1.0261144638061523,22.940882605887502,22.954995783250475,0.014113177362972351,1.0,-35.93640899658203,22.04975538777975,22.063952760723254,0.014197372943502984,1.0,-46.12453079223633,21.669419633393208,21.69248367923965,0.023064045846442838,1.0,-76.15719604492188,21.50974677682283,21.525391185210477,0.015644408387647246,1.0,-32.894832611083984,21.3317601926069,21.354742920134047,0.022982727527146807,1.0,-10.936402320861816,73129,0,0.10373746199416264,2,0
340,149.89483014139384,2.174432415874441,788013592715752340,i,1.0,True,False,788013592715725897,22.273624482504413,22.280527416510033,0.006902934005619699,0.0,-28.884672164916992,22.163447697704868,22.178639464107597,0.015191766402729456,0.0,-72.44400787353516,21.589045452309904,21.603225822843022,0.014180370533118491,0.0,-87.8445816040039,21.502874220500484,21.52735375484717,0.024479534346685483,1.0,-69.9780502319336,21.483993642795724,21.50261279313967,0.018619150343944568,1.0,-28.43535804748535,21.395959449383646,21.415549799586376,0.019590350202729923,1.0,-8.933568954467773,544585,0,0.019451068326757293,2,0
341,149.54331651955982,2.427073903559738,788015104544235453,i,1.0,True,False,788015104544211957,24.244711695622716,24.275581143724146,0.030869448101430663,0.0,-3.195486307144165,23.12678211708654,23.14217003260535,0.015387915518807915,0.0,-27.716976165771484,22.612104809590406,22.62627684050483,0.014172030914423317,0.0,-40.62486267089844,22.421590148977707,22.445235594970235,0.02364544599252838,1.0,-28.38967514038086,22.358831600716965,22.378542334794513,0.019710734077548864,0.0,-11.127684593200684,22.210503369436182,22.244141425678013,0.03363805624183058,1.0,-3.8053030967712402,633468,0,0.03163334257604129,2,0
342,149.90914602999166,2.780414650156236,788016341494816764,i,1.0,True,False,788016341494793675,26.424646902982516,26.518936228334702,0.09428932535218593,,0.2952038645744324,24.05167712219623,24.05979871585082,0.008121593654589532,0.0,-9.841470718383789,22.74404476682801,22.758189971934353,0.014145205106341763,0.0,-25.276721954345703,22.076658357360543,22.098746677288542,0.022088319927998867,1.0,-37.27771759033203,21.851833426048096,21.867545425952766,0.015711999904670648,0.0,-18.082111358642578,21.690983426765584,21.715789114150912,0.024805687385327957,0.0,-5.682099342346191,861926,0,0.051751164824484754,2,0
343,150.59575992561773,2.111097179250472,788013249118364643,i,1.0,True,False,788013249118340429,23.347933086988697,23.35558800523417,0.007654918245474818,0.0,-7.556308269500732,22.674513511203095,22.68615503644275,0.01164152523965356,0.0,-37.36704635620117,21.98428002250177,21.99842352761468,0.014143505112908628,1.0,-58.57596206665039,21.650600854016425,21.671088439542057,0.020487585525632568,1.0,-70.5118637084961,21.319995940694106,21.337812464665834,0.01781652397172806,1.0,-36.44369888305664,21.104611649482045,21.126628829290063,0.022017179808017318,1.0,-11.562469482421875,785519,0,0.00619538382364321,2,1
344,150.20573305373904,2.082378239867024,788013455276792727,i,1.0,True,False,788013455276769948,25.210871454332594,25.22005861776792,0.009187163435324663,1.0,-0.4476529061794281,23.606653018011333,23.61985226925773,0.013199251246398092,1.0,-18.873682022094727,22.867913846516302,22.882054569885284,0.014140723368981867,1.0,-24.217998504638672,22.567336448739304,22.58788722438473,0.02055077564542529,1.0,-28.395906448364258,22.428186200698644,22.439174217048773,0.01098801635012947,0.0,-11.967885971069336,22.307779689698265,22.32994427633521,0.02216458663694354,0.0,-2.909688949584961,627365,0,0.04866346461360695,2,0
345,149.62452595496242,2.42477962702439,788015035824757926,i,1.0,True,False,788015035824734946,23.71968436395883,23.731331392576983,0.011647028618153143,0.0,-7.413259983062744,22.776175569614384,22.78777540004186,0.0115998304274747,0.0,-52.03068542480469,22.40117254345006,22.415279832489666,0.014107289039607451,0.0,-51.033302307128906,22.246330951178855,22.269626576989047,0.023295625810192178,1.0,-46.71696853637695,22.26877730741179,22.278812302956204,0.010034995544415892,0.0,-17.1626033782959,22.151142000029857,22.176101183126818,0.024959183096960658,0.0,-6.432453632354736,307144,0,0.03530495563914259,2,0
346,149.75510398603953,1.6990675172176046,788011531131451846,i,1.0,True,False,788011531131424359,23.650913239875866,23.648687142211937,-0.0022260976639287833,1.0,-5.618494510650635,22.37276113530713,22.385361787863374,0.01260065255624454,1.0,-58.20022201538086,21.806660715466187,21.820714693035317,0.014053977569130183,1.0,-67.95308685302734,21.593128085008143,21.612527174866155,0.01939908985801253,1.0,-66.39462280273438,21.526211111658274,21.54052586442461,0.014314752766335204,0.0,-21.336828231811523,21.45321218364208,21.476206894143797,0.022994710501716753,1.0,-7.530694484710693,723914,0,0.047288431164885965,2,1
347,149.52213965632293,2.125042010605366,788013730154704029,i,1.0,True,False,788013730154678019,24.47761128754253,24.51122320771423,0.033611920171701115,0.0,-3.9829633235931396,22.055143340111385,22.06847076812044,0.013327428009056064,0.0,-69.83990478515625,20.85832265531753,20.872356984496356,0.014034329178826965,0.0,-188.6348419189453,19.919686433500136,19.938264666471028,0.018578232970892117,1.0,-463.00592041015625,19.477144547118563,19.4941375656172,0.016993018498638435,1.0,-236.7268524169922,19.27246108195304,19.297473983917563,0.025012901964522882,1.0,-79.02870178222656,882761,0,0.0411614629870282,2,1
348,149.91692007821146,2.38518585033802,788014211191044921,i,1.0,True,False,788014211191017515,20.297927462093753,20.309281243934084,0.011353781840330868,0.0,-247.23110961914062,20.098547089170353,20.111568353826094,0.01302126465574105,0.0,-462.2984313964844,19.8286617995187,19.84266652225199,0.01400472273329001,1.0,-386.6716613769531,19.83169939561609,19.84859135250353,0.016891956887437942,1.0,-314.7886962890625,19.8469522572817,19.859274302726718,0.012322045445017693,1.0,-131.23434448242188,19.727341705098354,19.74797558685391,0.02063388175555758,1.0,-52.94783020019531,193930,0,0.02489617205482968,2,1
349,149.56486605945372,1.7436879741087068,788012355765164562,i,1.0,True,False,788012355765142019,24.573082372535332,24.54507991741704,-0.02800245511829047,1.0,-1.8729697465896606,23.68737530679971,23.700763147840583,0.013387841040874093,,-14.307554244995117,22.79169018516156,22.80563500853212,0.013944823370561465,1.0,-26.65193748474121,21.629516155279855,21.65390692918999,0.024390773910134556,1.0,-67.68490600585938,21.094955912594745,21.1125523020078,0.01759638941305397,0.0,-46.36484909057617,20.817883555835905,20.838385521415603,0.020501965579697412,0.0,-15.185914039611816,284028,0,0.05107342249990433,2,1
350,149.6346578484371,2.7598879412159967,788016410214292670,i,1.0,True,False,788016410214269924,22.88746590921224,22.901089885390636,0.013623976178397612,0.0,-14.045563697814941,22.548056024883977,22.570053688093466,0.021997663209489815,1.0,-46.97583770751953,22.260466386028646,22.274321806801083,0.013855420772436844,1.0,-41.467220306396484,22.11468222186349,22.141801579151064,0.02711935728757453,1.0,-41.77423858642578,22.095340581854096,22.113938289623746,0.01859770776965064,0.0,-15.602640151977539,22.063721193278376,22.08729005508945,0.02356886181107498,1.0,-3.6227667331695557,605856,0,0.020656627171324386,2,0
351,150.7456237951831,2.224268882117408,788013249118371670,i,1.0,True,False,788013249118343434,23.79945757655085,23.81119639729924,0.011738820748391277,1.0,-4.93031120300293,22.572007404696826,22.583880535746005,0.011873131049178198,0.0,-37.45863342285156,22.024291224713906,22.038103662960317,0.013812438246411318,1.0,-51.41621780395508,21.79571151921368,21.815897708684297,0.020186189470617677,1.0,-47.00776672363281,21.732955297977202,21.74624360685077,0.013288308873566024,0.0,-19.145854949951172,21.704786572385927,21.72961272826293,0.0248261558770011,1.0,-6.4632368087768555,224909,0,0.04518434987466344,2,0
352,149.7827210591471,2.1970157859918804,788013592715753699,i,1.0,True,False,788013592715726456,24.3127287394541,24.347533643757238,0.03480490430313665,1.0,-2.082413911819458,23.151891641993352,23.16335700574934,0.011465363755988278,0.0,-27.100601196289062,22.652705350378994,22.66645554509233,0.013750194713335162,0.0,-29.58008575439453,22.434167067652705,22.458216035996116,0.024048968343411303,1.0,-22.153640747070312,22.355678846033072,22.377356385007076,0.021677538974003596,0.0,-11.629009246826172,22.28019965608893,22.3135148538003,0.033315197711370814,1.0,-2.896933078765869,890784,0,0.029512983545596325,2,0
353,150.48562190427972,1.871898286074569,788011943448312240,i,1.0,True,False,788011943448284919,31.11790781004469,,,,,24.75255991868793,24.76578448837203,0.013224569684101795,0.0,-8.544705390930176,22.734337749713248,22.74803591070737,0.013698160994120911,0.0,-27.672883987426758,22.236340687356254,22.253862499704212,0.017521812347958132,1.0,-35.675445556640625,22.024522636514504,22.04182996813237,0.017307331617864463,1.0,-15.854174613952637,22.056510117120915,22.069356320911638,0.012846203790722655,0.0,-5.429877281188965,720943,0,0.010395280959046247,2,1
354,150.58122552853794,1.9269446418685954,788012630643072806,i,1.0,True,False,788012630643049236,20.00572294077812,20.016035245319593,0.010312304541471917,0.0,-266.57415771484375,20.047489350418548,20.06036651332532,0.0128771629067721,0.0,-545.57275390625,19.86324840711002,19.876883710288197,0.013635303178176628,0.0,-440.0169982910156,19.687312351401154,19.707249556321255,0.01993720492010098,1.0,-389.03167724609375,19.824479318520865,19.839104781256186,0.014625462735320838,1.0,-129.0608367919922,19.89853217527893,19.9150468089327,0.01651463365377026,1.0,-40.88715744018555,387218,0,0.012795359028871953,2,1
355,149.8562738658892,1.8343704670232703,788012218326216574,i,1.0,True,False,788012218326190905,24.53216978032392,24.541241856276848,0.009072075952929026,1.0,-2.462813138961792,23.445237578063054,23.45638967825738,0.011152100194326664,0.0,-24.015300750732422,22.986801852885712,23.000427383811797,0.01362553092608465,0.0,-26.489824295043945,22.795783060110125,22.81387852170804,0.018095461597916085,1.0,-22.495832443237305,22.74103104023818,22.75137971858119,0.010348678343010675,0.0,-10.236339569091797,22.771173457684704,22.77489095182873,0.0037174941440270004,1.0,-2.123608350753784,545137,0,0.03660586386406644,2,0
356,150.42194241676916,2.3855078777328136,788014005032614323,i,1.0,True,False,788014005032587192,22.562939768186304,22.564608558895458,0.0016687907091537113,0.0,-18.227087020874023,22.984690083082413,22.995276307510323,0.010586224427910906,0.0,-28.127227783203125,22.726275178376227,22.739858245585076,0.013583067208848831,0.0,-30.772287368774414,22.45806549913725,22.478005573616716,0.019940074479467995,1.0,-20.87342643737793,22.508686944492805,22.521621639682053,0.012934695189247947,1.0,-6.785505294799805,22.448321623574675,22.473657614158125,0.02533599058345004,0.0,-2.8723537921905518,103089,0,0.02262278784037123,2,0
357,150.35903188924163,1.8677079099166887,788012012167790381,i,1.0,True,False,788012012167761732,23.28007948875153,23.295509978675856,0.015430489924327162,0.0,-11.961112976074219,22.39335286566477,22.404981757986587,0.011628892321816409,0.0,-68.3714828491211,22.462870131505216,22.47627911416925,0.013408982664035562,0.0,-37.32535934448242,22.516361467497184,22.537130872240347,0.020769404743163022,1.0,-29.85137176513672,22.54299385379683,22.556301978629875,0.013308124833045554,1.0,-11.334405899047852,22.65704385789244,22.688185420315627,0.031141562423186997,0.0,-2.257326602935791,931574,0,0.020965464472322174,2,0
358,149.52293053701288,2.4739104294010357,788015104544238370,i,1.0,True,False,788015104544213096,25.016025239076317,25.0351030670474,0.019077827971084815,1.0,-0.8533890247344971,23.298327571644588,23.313899510951664,0.015571939307076121,0.0,-21.128070831298828,22.47937197258709,22.492762400807894,0.013390428220805717,1.0,-39.90776062011719,22.150597549033073,22.170650074968176,0.020052525935103205,1.0,-39.146995544433594,22.021077293142383,22.03600332427353,0.014926031131146544,1.0,-15.15047836303711,21.90214758185023,21.916314770084977,0.014167188234747385,1.0,-4.693469047546387,198739,0,0.047069760443640474,2,0
359,150.16998682217317,2.7280737838933042,788015516861104725,i,1.0,True,False,788015516861075521,20.776582939776066,20.78798321794226,0.011400278166192379,0.0,-90.39965057373047,19.940084502585606,19.952715326238128,0.012630823652521883,0.0,-815.5462036132812,19.628642362910202,19.642020173757825,0.013377810847622129,0.0,-631.53515625,19.51365243390369,19.53305687544888,0.019404441545191276,1.0,-404.7232971191406,19.50155140304909,19.51794378584995,0.016392382800862748,1.0,-218.65805053710938,19.499622072975587,19.522780854182685,0.02315878120709769,1.0,-58.894718170166016,229206,0,0.04850739742312919,2,1
360,150.27168125958286,2.7696773684579643,788016135336387081,i,1.0,True,False,788016135336363145,23.591169796519587,23.614679472265927,0.023509675746339553,,-5.975816249847412,21.027716045643583,21.040822926183505,0.013106880539922372,0.0,-183.0634002685547,19.7887055275517,19.80208171877608,0.013376191224381273,0.0,-426.0951232910156,19.158043520331066,19.177309115527635,0.01926559519656834,1.0,-620.7384643554688,18.868547088691876,18.884465359291447,0.015918270599570405,0.0,-310.94110107421875,18.71159858225821,18.73500176160003,0.023403179341823233,0.0,-100.35807037353516,733331,0,0.08717173389782105,2,1
361,149.94928370697411,1.6563873316336482,788011462411971548,i,1.0,True,False,788011462411946345,23.854362679068323,23.857648869738135,0.0032861906698116172,0.0,-4.301987648010254,22.916279212202852,22.930907904397078,0.014628692194225579,1.0,-36.716827392578125,22.492301404281136,22.505669614867962,0.013368210586826024,0.0,-27.042043685913086,22.30200640010645,22.327521985982784,0.025515585876334512,1.0,-29.3376522064209,22.283805688104493,22.298005967064974,0.014200278960480262,0.0,-13.368240356445312,22.277392938998588,22.296450536406326,0.019057597407737603,0.0,-2.630389451980591,329399,0,0.04378020729222226,2,0
362,150.23746493454843,2.480170916766513,788014829666330256,i,1.0,True,False,788014829666306219,26.165009882069093,26.156963747896555,-0.008046134172538189,,0.5057494044303894,23.599799765196778,23.61399670289923,0.014196937702450896,1.0,-18.349489212036133,22.49729504145573,22.510565348551093,0.013270307095364586,1.0,-34.03188705444336,22.02670245567529,22.04829218596933,0.0215897302940391,1.0,-48.15648651123047,21.81197530389939,21.82648738466082,0.014512080761427626,0.0,-21.720930099487305,21.674707524722226,21.69313725019053,0.018429725468305236,1.0,-4.246004104614258,183072,0,0.05689046171733825,2,0
363,150.2285421556819,2.3247668549440834,788014142471565499,i,1.0,True,False,788014142471539159,24.079949703606044,24.087182093454164,0.007232389848120135,0.0,-3.7523887157440186,23.26152130794164,23.274135262820728,0.012613954879089562,0.0,-24.694435119628906,22.79796607825801,22.81121677976266,0.013250701504649243,0.0,-25.98827362060547,22.620717835931003,22.642284584306708,0.021566748375704492,1.0,-23.402048110961914,22.544385270936548,22.55953366283979,0.015148391903242242,0.0,-10.040663719177246,22.545539385628448,22.56215588726291,0.01661650163446282,0.0,-2.2989044189453125,471706,0,0.03056093434345196,2,0
364,150.41969802485107,1.7766326388734983,788011943448306344,i,1.0,True,False,788011943448282451,27.935391882868387,27.90636742539653,-0.02902445747185567,0.0,,23.746390316611066,23.756153825547994,0.009763508936927678,1.0,-15.587148666381836,22.464117016063568,22.47720852051917,0.013091504455601921,1.0,-35.57578659057617,21.519294707487084,21.540645585421714,0.021350877934629864,1.0,-75.2711181640625,21.08505403054066,21.100908689532005,0.015854658991344195,1.0,-41.613929748535156,20.899663365307294,20.912643611708887,0.01298024640159312,0.0,-15.49025821685791,809429,0,0.10297660415344864,2,1
365,150.1878822506326,2.0561831514147784,788012768082034073,i,1.0,True,False,788012768082006028,21.80466294636804,21.810292677946137,0.005629731578096653,0.0,-39.43866729736328,19.79679539776094,19.805412933851688,0.008617536090749667,0.0,-720.4030151367188,18.95683759729237,18.969902990146096,0.013065392853725655,0.0,-1487.9061279296875,18.60625786580767,18.627345663805116,0.021087797997445534,1.0,-1628.1920166015625,18.452379461616445,18.470041456402136,0.017661994785690638,1.0,-683.231689453125,18.35253337774943,18.378137140588862,0.025603762839431,1.0,-160.01913452148438,252693,0,0.08053943167785806,2,1
366,150.656749322253,1.8904672309387411,788011874728836023,i,1.0,True,False,788011874728808697,26.205578221318483,26.161998513060944,-0.043579708257539096,,0.42872893810272217,23.865951796852528,23.87618959853403,0.01023780168150168,1.0,-10.291472434997559,22.597907873198576,22.610951022971335,0.013043149772759222,1.0,-29.41958999633789,22.044610003293798,22.067722621388192,0.023112618094394577,1.0,-31.265832901000977,21.79751716437963,21.81393791738464,0.016420753005007782,1.0,-19.149316787719727,21.66575918692733,21.68763025709162,0.02187107016429124,1.0,-6.503531455993652,111183,0,0.1186435954714621,2,1
367,150.45782573753806,2.842590834437744,788016066616915276,i,1.0,True,False,788016066616888381,24.342049694448654,24.324220791089843,-0.017828903358811488,1.0,-1.5860141515731812,23.035495978725823,23.050074469782842,0.01457849105701925,1.0,-37.064002990722656,22.424146965354986,22.4371776529716,0.01303068761661308,1.0,-44.95732116699219,22.16170375474136,22.186392922636465,0.024689167895104447,1.0,-53.5764045715332,22.04580375302025,22.06227311208474,0.01646935906448732,0.0,-18.270877838134766,21.954196957920423,21.961122135075406,0.0069251771549829755,1.0,-3.9135138988494873,621406,0,0.038456184848806994,2,1
368,150.68676566584844,2.001766414766109,788012561923600813,i,1.0,True,False,788012561923574662,25.625540115992422,25.614132066363158,-0.011408049629263672,0.0,-0.28827691078186035,24.020333574622455,24.035309974328236,0.014976399705780352,1.0,-11.223441123962402,22.925315332286765,22.937997239737435,0.012681907450669883,0.0,-25.047847747802734,22.299057143870378,22.321501442810547,0.02244429894016875,1.0,-32.517696380615234,21.98474594847779,22.001291389264466,0.016545440786675414,1.0,-18.62350082397461,21.799096709336702,21.81698478618584,0.017888076849139622,0.0,-5.292008399963379,590623,0,0.07319311426594526,2,0
369,150.05644347011284,1.627477613087105,788011462411969915,i,1.0,True,False,788011462411945642,20.77144013103304,20.778932138978597,0.0074920079455580435,0.0,-125.05022430419922,20.461832151682316,20.47439070298254,0.012558551300223542,1.0,-381.7798156738281,20.388235010998706,20.400908718487617,0.01267370748891139,0.0,-319.3089294433594,20.16161412054665,20.17985715001378,0.018243029467132743,1.0,-206.02053833007812,20.110665213223925,20.12422504678564,0.01355983356171464,1.0,-81.61223602294922,20.130973354159728,20.14909117475757,0.018117820597840506,1.0,-38.88496780395508,27964,0,0.008263794685873013,2,1
370,150.55102516610316,1.9679858662664929,788012630643075604,i,1.0,True,False,788012630643050449,25.754764273968625,25.8159758881214,0.061211614152774985,,-0.8333307504653931,23.39920101226616,23.41611286050268,0.016911848236517812,1.0,-17.153343200683594,22.293767572980116,22.30639246090197,0.012624887921855787,0.0,-34.704925537109375,21.824034628724913,21.84286194377729,0.018827315052377003,1.0,-33.40284729003906,21.598812713728098,21.611472326906174,0.012659613178076512,0.0,-20.098112106323242,21.486082766293965,21.50001243913991,0.013929672845943486,0.0,-6.330542087554932,177408,0,0.2748385391993724,2,0
371,150.33865204525267,2.0799320013318066,788013386557317177,i,1.0,True,False,788013386557293108,22.233817710191904,22.241000943496296,0.007183233304392189,0.0,-29.107898712158203,19.639778864869697,19.653800951320562,0.01402208645086489,0.0,-1117.31640625,18.33236133504854,18.344947716876884,0.012586381828345594,0.0,-2589.943359375,17.41767384855227,17.43814014954372,0.020466300991451192,1.0,-6784.42822265625,16.99863105115542,17.01385859667066,0.01522754551523775,1.0,-2604.15869140625,16.790084114484426,16.80851717017276,0.018433055688333866,0.0,-878.7696533203125,466808,0,0.16651276996637077,2,1
372,150.5766364480391,2.476749335830531,788014692227376897,i,1.0,True,False,788014692227352496,22.760755879875596,22.772804478488016,0.012048598612420136,0.0,-13.435577392578125,22.02374483257801,22.0374797052087,0.013734872630688955,1.0,-77.3694076538086,21.748061754365775,21.760644308341796,0.012582553976020705,1.0,-68.26719665527344,21.641643548868746,21.662352478035217,0.020708929166470824,1.0,-59.304378509521484,21.667060133419593,21.681588986467055,0.01452885304746232,1.0,-20.792463302612305,21.62025276996433,21.646733678751374,0.026480908787043234,1.0,-6.425533771514893,237438,0,0.025408755342599787,2,1
373,149.83328122417862,2.5883361737835378,788015654300048959,i,1.0,True,False,788015654300025635,23.394049302071814,23.403745901194803,0.009696599122989369,1.0,-7.738202095031738,22.454038125146333,22.46878510913519,0.01474698398885721,1.0,-51.706207275390625,22.3187009503283,22.331270068273355,0.012569117945055552,0.0,-40.97924041748047,22.320640582818207,22.342312337307813,0.021671754489606343,1.0,-34.775428771972656,22.37715464738973,22.393778598059537,0.01662395066980693,0.0,-11.857134819030762,22.420985689593937,22.432958481954294,0.011972792360356976,0.0,-3.002856731414795,494989,0,0.013749211739024493,2,0
374,149.76241262301133,1.7280005378511931,788011531131453115,i,1.0,True,False,788011531131424951,24.57621020504402,24.592816310493,0.01660610544897878,1.0,-1.769345998764038,22.90918635908382,22.92075861393844,0.011572254854620212,0.0,-38.187191009521484,22.158664629654098,22.17117706467223,0.01251243501813093,0.0,-38.99602508544922,21.894296988140667,21.912204548520336,0.017907560379669007,1.0,-54.010433197021484,21.79082796459833,21.80285545293043,0.012027488332101655,0.0,-15.54397964477539,21.677938574304118,21.693569222806254,0.015630648502135358,1.0,-6.326629161834717,302404,0,0.037325754696923626,2,0
375,150.11929074227623,2.1096418737753813,788013455276794231,i,1.0,True,False,788013455276770613,26.326224512343018,26.323060947533133,-0.003163564809884889,,,23.72670005842058,23.73467505516582,0.007974996745240048,,-10.342041015625,22.49961233816314,22.512116289822906,0.012503951659766699,1.0,-25.26706314086914,21.306883060562658,21.336747240150704,0.02986417958804566,1.0,-68.69984436035156,20.757656490102818,20.77659727061606,0.018940780513243993,1.0,-44.218021392822266,20.49442298990429,20.515758903265194,0.021335913360903902,0.0,-21.64031982421875,790056,0,0.11780552601033828,2,1
376,149.56728346622768,2.2597531238417137,788014417349469073,i,1.0,True,False,788014417349444546,26.28874507102663,26.265158384324067,-0.023586686702561366,,,24.021313501399863,24.03246055588051,0.011147054480645124,1.0,-10.499775886535645,22.842902468825358,22.8553043383354,0.012401869510043184,0.0,-23.925100326538086,22.35606179360486,22.373871676353552,0.01780988274869344,1.0,-29.822614669799805,22.132491593929604,22.14793575839395,0.015444164464344823,1.0,-13.380221366882324,21.984562642238636,22.006392690823056,0.021830048584419615,,-5.382719039916992,486695,0,0.07288584374362181,2,0
377,150.63797087031182,2.1232394161820065,788013249118365264,i,1.0,True,False,788013249118340713,23.483933930623877,23.4855058199461,0.0015718893222214092,1.0,-5.862145900726318,22.242847409318266,22.256955244798995,0.014107835480729136,0.0,-63.28281784057617,21.700345346561623,21.71248348606199,0.012138139500368794,1.0,-67.04691314697266,21.49784055578747,21.517460286132014,0.01961973034454445,1.0,-67.72030639648438,21.417818099934905,21.432455215179655,0.01463711524474931,1.0,-30.184314727783203,21.397132949567023,21.407983997637054,0.010851048070030345,1.0,-9.04128360748291,872719,0,0.02469748103863365,2,1
378,150.29167754131083,2.0432646665439904,788012699362557594,i,1.0,True,False,788012699362529085,26.199885522890106,26.24447807019247,0.04459254730236495,0.0,0.49514299631118774,23.68607973102215,23.701310344173724,0.015230613151572925,1.0,-15.716869354248047,22.409758048741445,22.421887613289137,0.012129564547691984,1.0,-35.134273529052734,21.383783500291145,21.404625277111833,0.02084177682068855,1.0,-66.07482147216797,20.897858598350226,20.91221573424644,0.014357135896215567,1.0,-45.60679244995117,20.672309698361683,20.692365053997605,0.020055355635921757,1.0,-19.718791961669922,27664,0,0.028526203835547652,2,0
379,150.3985334532489,1.6928796822754655,788011324973020507,i,1.0,True,False,788011324972993849,23.95536032454311,23.9608535262984,0.005493201755289334,1.0,-3.3548154830932617,22.48555874349239,22.498566222985247,0.013007479492856078,0.0,-54.786495208740234,21.8598778718019,21.871765727346222,0.011887855544323145,0.0,-66.50975799560547,21.608392663726846,21.62506574391634,0.016673080189494982,1.0,-63.840694427490234,21.517183984507668,21.52753236798527,0.010348383477602141,0.0,-26.24836540222168,21.412817385585004,21.424228430243076,0.011411044658071745,1.0,-11.247783660888672,735485,0,0.04459618724016469,2,1
380,150.46496283798774,2.484902446745086,788014692227377925,i,1.0,True,False,788014692227352860,23.41719572565928,23.435961083521335,0.0187653578620548,0.0,-6.727221965789795,22.629795172346476,22.640342493192364,0.010547320845887498,0.0,-60.32530975341797,22.323552572508028,22.33531339188971,0.011760819381681387,0.0,-43.271095275878906,22.213872952484653,22.234256584793346,0.020383632308693223,1.0,-42.032955169677734,22.190563728554718,22.199057184714267,0.008493456159548884,0.0,-12.598617553710938,22.278819091795093,22.30328192503752,0.024462833242427706,0.0,-3.088257074356079,404270,0,0.024381762999331504,2,0
381,149.8706948221086,2.4172778573286355,788014967105280799,i,1.0,True,False,788014967105258188,23.143628531085852,23.150766413661938,0.007137882576085275,0.0,-11.621244430541992,22.812717083362827,22.827737706597613,0.015020623234786257,1.0,-39.2188835144043,22.437788990863265,22.449484999726764,0.011696008863498975,1.0,-41.872127532958984,22.034248232844497,22.053247813266903,0.018999580422406126,1.0,-53.64181137084961,21.87223508154547,21.88869026056942,0.016455179023949995,1.0,-21.566455841064453,21.768949017621324,21.79823285842724,0.02928384080591684,1.0,-5.4560017585754395,509859,0,0.009417184381290565,2,0
382,149.89718115192224,2.365753905064136,788014279910521393,i,1.0,True,False,788014279910493705,23.852282076088226,23.867580150681995,0.015298074593768973,0.0,-5.1276350021362305,23.20012897843789,23.209899417944854,0.009770439506965545,0.0,-24.644933700561523,22.877581826499217,22.88925264180984,0.011670815310623084,0.0,-22.7032413482666,22.726581142104237,22.74926763312292,0.02268649101868192,1.0,-24.812410354614258,22.684554192020823,22.70180650192615,0.017252309905327223,0.0,-8.221856117248535,22.68842030396476,22.720298599327833,0.03187829536307163,1.0,-1.428805947303772,944299,0,0.03881198339300641,2,0
383,150.33436728412482,2.0614500318703866,788012699362559114,i,1.0,True,False,788012699362529675,20.507995687009497,20.516031962936346,0.008036275926848191,0.0,-129.62449645996094,20.30301640198171,20.31935050807082,0.01633410608910779,0.0,-389.54364013671875,20.144896958292076,20.15656436086083,0.011667402568754426,0.0,-308.3288269042969,20.170349649014703,20.190458064605146,0.02010841559044252,1.0,-245.9191436767578,20.029390283319565,20.042013735129053,0.012623451809488984,1.0,-95.55543518066406,19.917409176084963,19.934597934768135,0.017188758683172267,1.0,-39.61240005493164,237814,0,0.015254801275878072,2,1
384,150.63843838715803,2.3913196764965443,788013936313138590,i,1.0,True,False,788013936313110672,72.7085077601918,,,,,23.808441405108326,23.82096496728294,0.012523562174614256,1.0,-17.7716121673584,22.569031777038543,22.58069252825928,0.011660751220738064,1.0,-39.50137710571289,22.352884161633877,22.372350054203785,0.01946589256990805,1.0,-30.018718719482422,22.657722057409337,22.67539378981352,0.01767173240418174,1.0,-7.6631927490234375,22.752824770787086,22.781743726032502,0.0289189552454161,1.0,-2.028407335281372,127171,0,0.010117766545056667,2,0
385,149.6319708012512,2.185445205418187,788013661435229335,i,1.0,True,False,788013661435202832,25.438307546128375,25.437545806143262,-0.0007617399851120865,,-0.5514319539070129,23.065185649881016,23.073622017899858,0.008436368018841733,0.0,-28.282987594604492,21.816381247143877,21.828034734741486,0.011653487597609313,0.0,-69.0244140625,20.96349376075603,20.985520151548393,0.02202639079236235,1.0,-104.62274932861328,20.569238164030185,20.58510301384566,0.015864849815475424,1.0,-60.20989990234375,20.386461248228883,20.40836401432232,0.021902766093436554,1.0,-25.935256958007812,783560,0,0.06755563631652886,2,1
386,149.61086211936635,2.548978357178319,788015035824765619,i,1.0,True,False,788015035824738268,24.684396638207506,24.660115182324198,-0.02428145588330821,,-1.9550228118896484,23.219498085914154,23.227158198382924,0.007660112468769853,1.0,-22.186134338378906,21.973111168563534,21.98470143618914,0.011590267625606998,1.0,-50.6434440612793,20.285468592927295,20.31107281373044,0.02560422080314595,1.0,-318.3188781738281,19.45899141252614,19.4799058676359,0.020914455109760866,1.0,-179.5716552734375,19.043048781447716,19.068805084557752,0.025756303110036072,0.0,-74.33491516113281,64474,0,0.2792967104077061,2,0
387,149.67192941472248,1.8930454212742998,788012287045698367,i,1.0,True,False,788012287045669205,24.32440592736769,24.34564560385463,0.02123967648694247,,-3.261829137802124,23.016225010685474,23.027140093328242,0.01091508264276797,0.0,-31.008258819580078,22.425045660259467,22.43647176892698,0.011426108667514256,0.0,-40.712684631347656,22.169498532714424,22.187261008325358,0.017762475610933137,1.0,-37.44894027709961,22.086164029545515,22.101634146971072,0.015470117425557817,0.0,-14.29079532623291,22.084995830430298,22.102588287508674,0.017592457078375645,0.0,-4.355523109436035,234599,0,0.04735942264365274,2,0
388,150.4475056342546,1.695654798874041,788011256253545721,i,1.0,True,False,788011256253517524,22.667481524907693,22.677501620103996,0.010020095196303203,0.0,-18.715356826782227,22.43574810820055,22.447752613314883,0.012004505114333597,0.0,-59.306678771972656,22.153139740045688,22.16435882469306,0.011219084647372313,0.0,-56.50853729248047,22.069852766229296,22.086505286337033,0.01665252010773699,1.0,-56.524173736572266,21.894902458339125,21.909586065365446,0.014683607026320544,0.0,-21.729463577270508,21.831491303355108,21.86369984218034,0.03220853882523045,0.0,-6.211287498474121,749934,0,0.008644932258689012,2,1
389,150.53187693311114,2.1889033820617754,788013317837845710,i,1.0,True,False,788013317837818953,21.774854483205903,21.783514892546528,0.008660409340624398,0.0,-32.818790435791016,21.50898091648893,21.51768596296555,0.008705046476620737,0.0,-99.61212158203125,21.283969594167484,21.295165237544897,0.011195643377412523,0.0,-110.85685729980469,21.169184099552925,21.187063277694723,0.01787917814179707,1.0,-99.00508880615234,20.88136813539336,20.89391690734697,0.012548771953611038,0.0,-44.52233123779297,20.89501467472339,20.910519891611038,0.015505216887646611,0.0,-11.012811660766602,883142,0,0.007551528784851318,2,1
390,150.53449027643583,2.667266359751984,788015379422145848,i,1.0,True,False,788015379422120596,26.11790059940427,26.17521802807269,0.05731742866841927,,,23.90518491545452,23.91835285039916,0.01316793494464008,0.0,-13.679433822631836,22.81716877505393,22.82833806648086,0.011169291426931238,0.0,-24.342863082885742,22.355661971317467,22.375420624600018,0.01975865328255111,1.0,-42.72372055053711,22.15129269064493,22.163615637296417,0.012322946651487143,1.0,-17.7259578704834,21.9462348593474,21.944826181914532,-0.0014086774328667673,1.0,-3.61670184135437,580315,0,0.05152769676415614,2,0
391,149.52439374332758,1.866375291138834,788012355765171978,i,1.0,True,False,788012355765145116,21.92070957354899,21.93059148132673,0.00988190777773923,0.0,-34.32679748535156,21.39260933633225,21.404983540238632,0.012374203906382775,1.0,-118.61937713623047,21.23963416201005,21.25075123612654,0.01111707411649121,1.0,-92.18547058105469,20.994572566618736,21.011825857996193,0.017253291377457458,1.0,-95.00505065917969,20.928976000465873,20.943117348138507,0.014141347672634197,1.0,-47.94485092163086,20.920192390721862,20.942048178684793,0.02185578796293086,1.0,-12.051124572753906,861145,0,0.030706779903180312,2,0
392,150.47222904645614,2.747918839120593,788016066616908947,i,1.0,True,False,788016066616885872,24.92574626587787,24.932149315557595,0.006403049679725825,1.0,-0.9316701292991638,23.125425996153346,23.13781630552162,0.012390309368274899,1.0,-22.034305572509766,22.23067454666429,22.241771889084966,0.01109734242067617,1.0,-35.920082092285156,21.838185117637106,21.854814329141554,0.01662921150444774,1.0,-43.61211395263672,21.671722785122096,21.68012922864892,0.008406443526823182,0.0,-24.007930755615234,21.571004143740176,21.58174756256441,0.010743418824233686,1.0,-6.036533355712891,538381,0,0.040784425851860096,2,0
393,150.38621671378866,2.5157852778255037,788014760946855724,i,1.0,True,False,788014760946830042,76.4350013690204,,,,,23.876586758754172,23.88650430451921,0.009917545765038227,1.0,-12.82874870300293,22.68254949687031,22.693642352060376,0.011092855190067752,1.0,-27.78557777404785,22.07162419616016,22.088587969213698,0.01696377305353991,1.0,-40.145599365234375,21.79551507093505,21.809339568077483,0.0138244971424335,1.0,-21.27105140686035,21.62811758285783,21.642223808503516,0.014106225645686976,0.0,-4.409049987792969,831133,0,0.07206014133795566,2,0
394,150.46610734738903,2.4177630062578293,788014692227373159,i,1.0,True,False,788014692227351097,24.345917663842542,24.335320903548354,-0.010596760294188101,1.0,-1.5554040670394897,22.08024717574971,22.090231467831714,0.009984292082002355,1.0,-56.862178802490234,20.932094650017316,20.943178188936734,0.0110835389194186,1.0,-119.24608612060547,20.415699026595558,20.43568241552479,0.01998338892923357,1.0,-146.32679748535156,20.18462973870401,20.199863208644246,0.015233469940234556,1.0,-76.00455474853516,20.03627339085203,20.05182641774382,0.01555302689178717,1.0,-31.819833755493164,456736,0,0.07305771688363902,2,1
395,150.35082117231153,2.525844568507153,788014760946857315,i,1.0,True,False,788014760946830666,23.62059662288056,23.634331494018642,0.013734871138083804,1.0,-6.293060302734375,22.79760753869622,22.81068558286389,0.013078044167670555,0.0,-43.96664810180664,22.423267108321056,22.43432525369309,0.011058145372032868,0.0,-40.79069900512695,22.281531112187338,22.300133753385403,0.018602641198064873,1.0,-38.549774169921875,22.262526250936496,22.281848525596985,0.01932227466048886,0.0,-15.989888191223145,22.22747263409824,22.255362604146335,0.02788997004809346,0.0,-3.7882046699523926,910388,0,0.02720623094133689,2,0
396,149.69469754323123,2.2758022387638257,788014348629990922,i,1.0,True,False,788014348629968163,25.569284264797588,25.496040334087933,-0.07324393070965485,1.0,-0.06510524451732635,23.56974004873553,23.576742584979435,0.007002536243906121,1.0,-16.412378311157227,22.423967860159234,22.434954790336178,0.010986930176944298,1.0,-35.892738342285156,21.92194289465398,21.939950557474173,0.018007662820192394,1.0,-48.39268112182617,21.684263716069978,21.693648009135842,0.009384293065863858,0.0,-23.603872299194336,21.57071710253547,21.59107694770362,0.02035984516815148,0.0,-8.400280952453613,893855,0,0.09174638297206261,2,0
397,150.11498755928062,2.556824917741649,788014829666335286,i,1.0,True,False,788014829666308248,28.743958827591193,28.97902833341424,0.23506950582304853,,,24.217217941432416,24.22909647228439,0.011878530851973323,0.0,-9.332998275756836,22.958694718545466,22.9696494331286,0.01095471458313213,1.0,-23.76139259338379,21.604981912044533,21.626423554045218,0.02144164200068488,1.0,-65.51525115966797,20.999185800009627,21.016190925283297,0.01700512527366982,0.0,-39.882598876953125,20.66219926882731,20.687243534979583,0.025044266152271177,1.0,-17.469186782836914,297927,0,0.05055495847309397,2,1
398,150.76100457489085,1.8147479052581874,788011806009356067,i,1.0,True,False,788011806009330088,24.189288714268738,24.19852909517307,0.009240380904330436,1.0,-4.1866912841796875,23.141509499403135,23.15545971841489,0.013950219011753973,0.0,-38.38644790649414,22.696598069858986,22.707536385560473,0.010938315701487511,0.0,-37.803985595703125,22.499564974582047,22.517641900197837,0.018076925615790884,1.0,-39.309722900390625,22.408096375941547,22.418782013582153,0.010685637640605705,0.0,-11.614917755126953,22.535716347125025,22.567132096722357,0.03141574959733262,1.0,-2.820988416671753,266371,0,0.027130029310057157,2,0
399,150.30594807884123,2.0209810893364377,788012699362556187,i,1.0,True,False,788012699362528530,23.337819506418743,23.34981792800707,0.01199842158832709,0.0,-8.179682731628418,22.84457246990671,22.857194285755355,0.012621815848646634,0.0,-42.4564094543457,22.89306938431494,22.903982061907495,0.010912677592553877,1.0,-22.84933090209961,23.002898180219592,23.019600726219252,0.016702545999660146,1.0,-17.875083923339844,23.115028959657085,23.12775128306906,0.012722323411974656,0.0,-5.817649841308594,23.092453947281037,23.079942772092025,-0.01251117518901168,,-1.4891421794891357,811319,0,0.046493545609359074,2,1
400,150.6612777935278,1.9261181120483548,788012561923596587,i,1.0,True,False,788012561923572663,22.74771338592108,22.75394579843832,0.006232412517238828,0.0,-17.200944900512695,21.96564616977459,21.9779158956153,0.012269725840710066,0.0,-99.42070770263672,21.736031673640646,21.746877386620586,0.010845712979939748,0.0,-82.38522338867188,21.650321289687888,21.670891451930974,0.020570162243085832,1.0,-56.783172607421875,21.63709721632234,21.651705660248567,0.014608443926228176,1.0,-23.178346633911133,21.59418325643186,21.602959151921752,0.008775895489890218,1.0,-7.47636604309082,491822,0,0.023654022307039457,2,0
401,150.41599622632015,1.7962174603570635,788011943448307637,i,1.0,True,False,788011943448282986,24.784677666408083,24.765421942813944,-0.01925572359413863,,-1.4947584867477417,22.774353166165838,22.78372923064726,0.009376064481422475,1.0,-31.6964054107666,21.775421134419485,21.786161989046107,0.01074085462662211,0.0,-61.67379379272461,21.311607922322985,21.329673618887284,0.01806569656429957,1.0,-69.35086822509766,21.111384426984834,21.12254626163875,0.011161834653915292,0.0,-35.98588943481445,21.00226013499335,21.021949570565518,0.01968943557216818,0.0,-12.555168151855469,64765,0,0.09606915648906397,2,1
402,149.761392996914,2.3378106727925796,788014279910519326,i,1.0,True,False,788014279910492891,24.28852287508348,24.3084040517806,0.019881176697118974,0.0,-2.123981237411499,23.114517350382613,23.129424623604272,0.014907273221659523,0.0,-41.581199645996094,22.59669244978035,22.607404067694212,0.010711617913862881,0.0,-46.53776168823242,22.388228996580978,22.408937904296003,0.02070890771502576,1.0,-25.601472854614258,22.33959651885774,22.35397850327289,0.01438198441515226,0.0,-8.373464584350586,22.236249179344306,22.25157005110581,0.015320871761502985,0.0,-2.5935075283050537,684526,0,0.025282024919835437,2,0
403,150.67691940128208,2.422314241612956,788014623507897041,i,1.0,True,False,788014623507874619,25.546872605176738,25.57205886050647,0.025186255329732177,0.0,-0.610094428062439,23.18556518110259,23.19776081411061,0.012195633008019513,0.0,-29.3618106842041,21.92422857796134,21.93493957768673,0.010710999725390025,0.0,-63.734886169433594,20.91870741092678,20.93561300761837,0.016905596691593416,1.0,-126.0533676147461,20.465490822919257,20.479959858416862,0.01446903549760492,0.0,-78.02383422851562,20.265814618075897,20.282809864130854,0.01699524605495739,1.0,-26.75087547302246,623097,0,0.1057433001702386,2,1
404,149.8574704240239,1.8563120246313005,788012218326217815,i,1.0,True,False,788012218326191466,26.01199222441029,26.020945519314346,0.008953294904056719,1.0,,23.958188606354344,23.97063624163411,0.012447635279766445,0.0,-13.424018859863281,22.99977334026736,23.010303017343652,0.010529677076291932,0.0,-22.739267349243164,22.570415155969513,22.59114894144805,0.020733785478537214,1.0,-30.676218032836914,22.36855575523117,22.38433400564492,0.015778250413749362,0.0,-12.637068748474121,22.289556726325678,22.302340811092623,0.01278408476694537,0.0,-3.7074644565582275,820657,0,0.04594854729716922,2,0
405,149.670207507289,2.210543165579365,788013661435230789,i,1.0,True,False,788013661435203475,23.445871056640275,23.430492543138374,-0.01537851350190067,1.0,-7.8107194900512695,22.435915746955455,22.443642559944976,0.007726812989520937,0.0,-57.790287017822266,21.95901265080537,21.969515299819452,0.010502649014082266,0.0,-49.9804573059082,21.754355009402705,21.770903569496518,0.016548560093813336,1.0,-62.29495620727539,21.676525841490182,21.68842562423684,0.011899782746656484,0.0,-23.530454635620117,21.634546719695447,21.663598861255053,0.02905214155960678,0.0,-9.06666374206543,21586,0,0.0410032987408779,2,1
406,150.4114511739579,2.7050752021837527,788015448141625890,i,1.0,True,False,788015448141598466,26.270364449524116,26.272403168466887,0.0020387189427708563,1.0,,23.98692402519876,23.995718777686395,0.008794752487634838,0.0,-10.61613941192627,22.788155458018217,22.798557788142865,0.010402330124648529,1.0,-22.88617515563965,21.755587507920254,21.77371772901465,0.018130221094395438,1.0,-58.2880859375,21.296678113376338,21.309079138277305,0.012401024900967172,0.0,-31.804908752441406,21.07129630367963,21.08935970915391,0.018063405474279648,0.0,-10.364892959594727,885910,0,0.030376285321423866,2,1
407,150.3456779891604,2.5196506497945053,788014760946856780,i,1.0,True,False,788014760946830466,22.54852070528821,22.546978286431443,-0.0015424188567685349,1.0,-18.010950088500977,21.68720271247595,21.69964319887154,0.012440486395590256,1.0,-103.9710464477539,21.308916501208998,21.31931268545752,0.010396184248520512,1.0,-98.99285888671875,21.171226744562674,21.192157240810324,0.020930496247650865,1.0,-94.04098510742188,21.12931130456403,21.143209022589396,0.013897718025365435,1.0,-39.19062423706055,21.11902358180345,21.13122385580981,0.0122002740063607,1.0,-9.051870346069336,862002,0,0.033764629228578175,2,0
408,149.87711437784375,2.389001528107604,788014279910522697,i,1.0,True,False,788014279910494159,23.82087156211885,23.775733576176318,-0.0451379859425316,,-2.8291735649108887,21.73517677548151,21.742003064932344,0.006826289450835077,1.0,-74.1050796508789,20.46424403990578,20.474631759565312,0.010387719659533445,1.0,-171.95343017578125,19.408744397231608,19.432414538106045,0.02367014087443664,1.0,-448.1888122558594,18.923390329714188,18.938182034356476,0.014791704642288295,0.0,-341.08648681640625,18.696865546809196,18.719778258625574,0.022912711816378106,0.0,-124.2828140258789,179175,0,0.03549179886988374,2,0
409,149.8222332143582,1.648719754574607,788011531131449020,i,1.0,True,False,788011531131423106,23.669233048561644,23.683151140807126,0.013918092245482683,0.0,-5.841823577880859,22.505251156848487,22.514109433967793,0.008858277119305313,0.0,-55.14168167114258,21.94159114384145,21.951967153733655,0.010376009892205218,0.0,-59.626651763916016,21.696472945351736,21.714327783488656,0.017854838136919682,1.0,-62.90339279174805,21.632089379161116,21.645966601597095,0.013877222435979775,1.0,-22.80626678466797,21.509587955074064,21.52699244521657,0.017404490142507,0.0,-7.21913480758667,287942,0,0.04950247719359763,2,1
410,150.43179940502927,1.9925755834257715,788012630643076790,i,1.0,True,False,788012630643050903,24.797369094670593,24.768512459766725,-0.028856634903867473,,-1.260865569114685,23.452706415992402,23.46396862569465,0.011262209702248782,1.0,-19.78980827331543,22.311156387043372,22.321523617237773,0.01036723019440089,1.0,-40.2615966796875,21.177585411798496,21.19459939060213,0.017013978803632313,1.0,-106.0103530883789,20.63224072393872,20.647660950835,0.015420226896278422,1.0,-64.1607894897461,20.389664255324234,20.409413150681907,0.019748895357672325,1.0,-25.60381317138672,520295,0,0.042152223776018856,2,1
411,150.63950205597897,2.5422821211934328,788014623507903958,i,1.0,True,False,788014623507877459,30.370613098115637,30.30168831546857,-0.06892478264706625,,,24.111472552356773,24.117008895634797,0.005536343278023992,1.0,-8.508602142333984,22.921509994796857,22.93186019387184,0.0103501990749848,1.0,-19.60515594482422,22.048933184389117,22.07243796712657,0.023504782737454377,1.0,-39.08439636230469,21.65970115482484,21.673530854263124,0.013829699438282717,0.0,-23.60948371887207,21.427311977715974,21.45121008836703,0.02389811065105718,0.0,-7.602675914764404,677442,0,0.04310563926394005,2,0
412,150.0878745038665,2.5542273172961307,788014829666334675,i,1.0,True,False,788014829666308036,23.817407451120648,23.833195770492832,0.01578831937218439,0.0,-5.594831466674805,21.207762192982415,21.21793023840556,0.01016804542314631,0.0,-156.15533447265625,19.93088062863062,19.941210601263705,0.010329972633083884,0.0,-346.7662658691406,19.170918572179612,19.189703066169308,0.018784493989695505,1.0,-585.6431884765625,18.829606838377842,18.84694354805125,0.01733670967340828,1.0,-336.5657653808594,18.654784368777804,18.679551556238803,0.024767187460998485,0.0,-107.0272445678711,190623,0,0.06545725823115203,2,1
413,149.84087776317443,2.6732435357445286,788015654300053621,i,1.0,True,False,788015654300027567,24.86521705210899,24.878942837243088,0.013725785134099056,0.0,-1.5947052240371704,23.20194570648382,23.21244007775432,0.010494371270500125,0.0,-22.262659072875977,22.48907122446812,22.499292947677883,0.010221723209763667,0.0,-29.951732635498047,22.22135599207556,22.238111895235487,0.01675590315992892,1.0,-31.37373924255371,22.08837107602691,22.099817355042795,0.011446279015885352,1.0,-12.918745994567871,22.06724449738892,22.078668234671035,0.011423737282115098,0.0,-4.836097717285156,687761,0,0.03793771771962857,2,0
414,150.738129350441,1.8910713643989696,788011874728835934,i,1.0,True,False,788011874728808661,26.236823612475494,26.18565693721192,-0.051166675263573325,,-0.020763257518410683,24.162494568290597,24.167799996450043,0.005305428159445569,1.0,-9.019676208496094,22.97806867503349,22.988232358633816,0.010163683600325157,1.0,-19.35067367553711,21.972193034519517,21.993894418596014,0.02170138407649702,1.0,-48.5198860168457,21.484370830113765,21.498326935575143,0.013956105461378598,0.0,-31.628610610961914,21.24259349118602,21.263370501995936,0.020777010809915453,0.0,-8.383538246154785,204842,0,0.0684519253609959,2,0
415,150.07164194790604,2.15954117822677,788013523996273937,i,1.0,True,False,788013523996248496,26.483928776804017,26.392106250570833,-0.09182252623318377,,-0.005262248683720827,24.04602558888123,24.052524150205596,0.0064985613243671025,1.0,-10.86905288696289,22.95254578035017,22.9625983371996,0.010052556849430516,1.0,-19.74658966064453,21.901581140210403,21.91992881477343,0.018347674563027994,1.0,-46.90970993041992,21.403782802373215,21.41963091136968,0.01584810899646527,1.0,-24.432537078857422,21.152892083824312,21.178428809697323,0.02553672587301037,0.0,-12.735106468200684,296318,0,0.09633367759716874,2,0
416,149.69356254090496,2.15261288852977,788013661435227379,i,1.0,True,False,788013661435202008,22.11105846923124,22.117901801458025,0.006843332226786458,1.0,-25.516878128051758,21.433751867894976,21.44474445861463,0.01099259071965264,1.0,-121.45958709716797,21.151653286390086,21.16149366143935,0.009840375049265049,0.0,-109.16356658935547,21.045376368859433,21.063160758569502,0.017784389710069348,1.0,-93.78265380859375,21.042546147533848,21.0541287493822,0.011582601848353136,0.0,-37.33055877685547,21.036761738536462,21.058495116626414,0.02173337808995157,1.0,-11.825557708740234,308774,0,0.0245382325811965,2,1
417,149.8452520943403,2.223475019363619,788013592715755253,i,1.0,True,False,788013592715727185,26.03936177198935,25.934701097353802,-0.10466067463554651,,,24.083230098358122,24.092646527115875,0.009416428757752726,1.0,-8.700444221496582,22.79260439194879,22.80229064078923,0.009686248840441891,1.0,-21.51033592224121,21.793060406014174,21.809948329820738,0.01688792380656423,1.0,-57.26000213623047,21.339606712682045,21.35410199169278,0.014495279010734663,1.0,-25.856769561767578,21.104888172460257,21.12437881133196,0.0194906388717051,0.0,-9.400390625,238511,0,0.04641510072222525,2,0
418,149.60871110718142,2.480161769330199,788015035824761262,i,1.0,True,False,788015035824736391,21.826913133895424,21.836920740641972,0.010007606746547992,0.0,-36.39316940307617,21.095285883262285,21.105510626989734,0.010224743727448526,1.0,-176.7122344970703,20.954107532210223,20.963753532650102,0.009646000439879288,1.0,-139.2946014404297,20.91561620104614,20.932317517553354,0.016701316507212738,1.0,-111.61029815673828,20.951163509533114,20.961906048882526,0.010742539349411828,1.0,-43.022762298583984,20.954614011252175,20.968505854415156,0.013891843162980422,0.0,-13.797724723815918,125143,0,0.03453334701889847,2,1
419,150.02853776029653,2.2099076938034528,788013523996277006,i,1.0,True,False,788013523996249761,22.394710602593847,22.404378316078617,0.009667713484770246,0.0,-24.22422218322754,21.94193176756996,21.954045229839668,0.012113462269706332,0.0,-88.67930603027344,21.445316614985373,21.45490007591107,0.00958346092569684,1.0,-85.76886749267578,21.310982573365102,21.328119552557766,0.01713697919266366,1.0,-81.10185241699219,21.224973103871054,21.228212602587327,0.003239498716272493,1.0,-34.3809928894043,21.082598483146484,21.084659903579748,0.002061420433264516,1.0,-8.373703002929688,27729,0,0.026183233116503578,2,1
420,149.6352808166415,2.5988455856712767,788015723019526848,i,1.0,True,False,788015723019502563,22.710757403112964,22.714012633648913,0.003255230535948783,1.0,-13.5947904586792,21.8356394629633,21.849098615163854,0.013459152200553604,1.0,-110.98551177978516,21.650679588369087,21.660229635151964,0.009550046782877075,1.0,-69.4052734375,21.799193109564776,21.817482047469515,0.018288937904738845,1.0,-57.194488525390625,21.617476154774913,21.62838887030106,0.010912715526146144,1.0,-21.55866050720215,21.37033555307687,21.39999300211342,0.029657449036548655,1.0,-8.118416786193848,577346,0,0.019861405318395378,2,0
421,149.6020660131322,2.547579454225321,788015035824765564,i,1.0,True,False,788015035824738256,27.902223303436507,28.08124594699757,0.179022643561062,1.0,,24.123647744152187,24.12943191702331,0.005784172871123872,1.0,-10.798492431640625,22.98823613585147,22.997605041575344,0.009368905723874832,0.0,-22.612335205078125,22.458778187269548,22.475393681327233,0.016615494057685254,1.0,-21.578529357910156,22.225334151587823,22.238840496909994,0.013506345322170432,0.0,-13.802209854125977,22.071316016365042,22.105250484550204,0.0339344681851621,0.0,-3.979616403579712,47916,0,0.04624800639361151,2,0
422,150.34916905841655,2.748102117493217,788016135336385744,i,1.0,True,False,788016135336362583,24.750845322995307,24.701795764872546,-0.04904955812276057,,-1.6698381900787354,22.923308187930353,22.9263323526919,0.0030241647615483203,1.0,-42.23815155029297,21.982888702932545,21.99223412272974,0.00934541979719583,1.0,-72.9853286743164,21.571568395281147,21.589169887823907,0.017601492542759445,1.0,-101.126220703125,21.38272586565558,21.394836917758234,0.01211105210265373,1.0,-42.74980926513672,21.24797146312172,21.2658607930812,0.01788932995948045,0.0,-13.751931190490723,463404,0,0.08847280891792932,2,0
423,150.16096123902335,1.7080130409205572,788011393692499171,i,1.0,True,False,788011393692470850,25.183952126621076,25.14837843962566,-0.03557368699541641,,-0.9101675748825073,23.026664344291063,23.033426565953214,0.006762221662150125,1.0,-28.096817016601562,21.70139973512775,21.710645068590114,0.009245333462363448,1.0,-66.92008209228516,20.53287010062671,20.55019693082353,0.01732683019682213,1.0,-142.95101928710938,20.00332277361718,20.017027599440436,0.013704825823253941,0.0,-97.3756103515625,19.76373160561519,19.78159645020723,0.017864844592036633,1.0,-42.47800827026367,954442,0,0.14388859908962884,2,1
424,150.45846658167738,2.397377252425154,788014005032614899,i,1.0,True,False,788014005032587427,24.771051205432293,24.739038281468098,-0.03201292396419575,,-0.8983628153800964,23.19980325802264,23.208136687599307,0.008333429576666163,1.0,-18.983747482299805,22.252985574634398,22.262200594851905,0.009215020217506975,1.0,-39.256649017333984,21.781724152314517,21.812316652926974,0.030592500612456774,1.0,-47.50212097167969,21.758252542494233,21.77669564443699,0.018443101942757778,1.0,-21.039827346801758,21.58536427858847,21.59526242655869,0.009898147970218929,0.0,-5.588800430297852,195436,0,0.028163403560280756,2,0
425,150.4905669099092,2.22848964411753,788013317837848468,z,1.0,True,False,788013317837820025,21.664011665724196,21.594987933760983,-0.06902373196321321,,-47.29337692260742,20.317492344206375,20.315861320872383,-0.001631023333992232,,-335.7552795410156,19.241164866896316,19.250369159629237,0.009204292732921004,1.0,-607.5775756835938,18.118794212431652,18.145183245748708,0.026389033317055777,1.0,-1719.0850830078125,17.586049564245396,17.608263060014558,0.02221349576916154,1.0,-1388.753662109375,17.33916267806223,17.358708734888488,0.01954605682625754,0.0,-476.4180603027344,256046,0,0.10323419174685325,2,1
426,150.15162069388006,2.4797565622648174,788014829666330215,i,1.0,True,False,788014829666306204,25.87882890767387,25.889244235376932,0.010415327703061195,0.0,-0.738429605960846,23.90602108259816,23.91214342357565,0.006122340977491092,1.0,-11.538004875183105,22.683081433267255,22.69227042558752,0.009188992320265044,1.0,-22.82115936279297,22.111301684278153,22.129926208706998,0.018624524428844325,1.0,-40.69590377807617,21.847254655475453,21.859839247897753,0.012584592422300034,1.0,-20.435937881469727,21.71573664171346,21.75112986720889,0.03539322549542945,0.0,-7.308452606201172,251080,0,0.07719964966507271,2,0
427,149.83733535360125,2.1819207496024244,788013592715752715,i,1.0,True,False,788013592715726053,23.35689089524586,23.348138676081646,-0.008752219164215091,0.0,-10.877337455749512,22.97146993348761,22.980289734687965,0.008819801200353083,0.0,-44.95685958862305,22.85936245844247,22.868498607819024,0.00913614937655538,0.0,-33.14605712890625,22.828500286778922,22.846800863683534,0.018300576904611177,1.0,-26.579465866088867,22.98657885652137,23.00043004615288,0.013851189631509442,0.0,-8.9865140914917,23.058127881573114,23.052044537228824,-0.0060833443442902535,0.0,-3.4019596576690674,830118,0,0.2209130155956199,2,0
428,149.5271870382064,1.6050646405714972,788011668570400522,i,1.0,True,False,788011668570375487,76.35481558438829,36.87844748071358,-39.47636810367471,0.0,,24.075611095518955,24.084289855758367,0.008678760239412497,1.0,-8.872221946716309,22.804664725579606,22.81358729035611,0.008922564776504771,0.0,-21.719013214111328,22.10727407742039,22.127172749996213,0.019898672575823895,1.0,-32.212589263916016,21.768300216488527,21.78362312839426,0.015322911905734315,1.0,-19.41861915588379,21.621224539642945,21.646054443431012,0.024829903788067043,1.0,-7.858419895172119,592733,0,0.03430962298946658,2,0
429,150.50644979572314,2.246037772854451,788014005032605450,i,1.0,True,False,788014005032583716,22.678067903791156,22.690456672515182,0.012388768724026278,0.0,-15.501675605773926,21.976028291667046,21.98572213472807,0.00969384306102583,0.0,-76.18123626708984,21.534302415258313,21.543024275109914,0.00872185985160101,0.0,-76.14161682128906,21.238927238688976,21.25585460922528,0.016927370536304664,1.0,-81.71282196044922,20.910812359639873,20.924220144655532,0.013407785015658646,1.0,-42.30202865600586,20.673499586107425,20.693156260102192,0.019656673994767004,1.0,-16.408992767333984,460957,0,0.008340170741940565,2,1
430,150.62374409484056,2.548523821581772,788014623507904132,i,1.0,True,False,788014623507877547,25.039206201664776,25.086409732733777,0.04720353106900177,0.0,-0.9670959711074829,23.882358870796153,23.886217673699576,0.0038588029034229976,1.0,-11.419280052185059,22.81079561183139,22.81933324543825,0.008537633606859885,1.0,-22.899860382080078,21.369073368058288,21.38627023010585,0.017196862047562433,1.0,-85.61625671386719,20.69599117909199,20.709608604953253,0.013617425861262689,1.0,-51.532249450683594,20.4041005448164,20.419868734234765,0.01576818941836322,0.0,-22.58270835876465,40309,0,0.17630044258066757,2,1
431,149.83259275341476,1.952198563526026,788012905520982622,i,1.0,True,False,788012905520956963,24.460510158021982,24.451081977433738,-0.009428180588244572,1.0,-1.60984206199646,23.208262907550512,23.21971905544718,0.01145614789666638,1.0,-23.740659713745117,22.63146760327472,22.640004489490593,0.008536886215871675,0.0,-28.17172622680664,22.37888164887648,22.39703017576747,0.018148526890989558,1.0,-28.185970306396484,22.326862105780517,22.33551867067959,0.008656564899073516,0.0,-9.898091316223145,22.227182648628226,22.242793256587873,0.015610607959647638,1.0,-2.375267744064331,833857,0,0.020842489880787546,2,0
432,150.03123438369207,2.2885498002981084,788014211191038377,i,1.0,True,False,788014211191014886,25.930635817957935,25.95063054690975,0.019994728951814977,,0.17502017319202423,23.810899790482903,23.823443383664653,0.012543593181749912,1.0,-13.613924980163574,22.58125848777796,22.58952228886698,0.008263801089022138,1.0,-28.67255210876465,21.149123455114342,21.167143750128773,0.018020295014430587,1.0,-98.13448333740234,20.479782305688317,20.49339314925929,0.013610843570972975,0.0,-83.34220886230469,20.152491374681333,20.17517531326939,0.022683938588055952,0.0,-25.799848556518555,946975,0,0.034975442022551026,2,1
433,150.233949188658,2.008242691860966,788012768082030987,i,1.0,True,False,788012768082004817,23.47805391494423,23.482412489764577,0.004358574820347627,0.0,-7.221848011016846,22.794562377199405,22.79818694684234,0.0036245696429340057,0.0,-39.11726379394531,22.499987524886272,22.508000240459328,0.008012715573055829,0.0,-35.697052001953125,22.416360731963323,22.433010989256054,0.016650257292731396,1.0,-31.657472610473633,22.39187402848612,22.401295462413614,0.009421433927492728,1.0,-11.353965759277344,22.29426507252172,22.31469330284963,0.020428230327908636,0.0,-3.1112685203552246,615568,0,0.03669846038752346,2,0
434,150.44739304966586,2.0485869283015368,788012630643080795,i,1.0,True,False,788012630643052497,25.48029729088758,25.479394895849985,-0.0009023950375954826,,-0.2622664272785187,23.530655250837693,23.543504527377173,0.012849276539480314,1.0,-15.01955509185791,22.335911769921967,22.34378178973462,0.00787001981265334,1.0,-35.1069450378418,21.67777443786636,21.69668312995157,0.0189086920852084,1.0,-57.56351089477539,21.387144065143243,21.402069535192496,0.01492547004925271,1.0,-19.782882690429688,21.172833028595804,21.188829341620995,0.015996313025191,1.0,-9.395705223083496,216304,0,0.07070082029363665,2,0
435,150.7519481876624,2.005329924273548,788012493204124663,i,1.0,True,False,788012493204098084,24.58083864292543,24.55605441442541,-0.02478422850001749,,-1.7446198463439941,22.667310489320542,22.673189249235048,0.0058787599145055935,1.0,-38.23344421386719,21.739686908168288,21.747528694707228,0.007841786538939743,1.0,-62.219764709472656,21.33778472995953,21.35420038378501,0.01641565382547938,1.0,-81.4150161743164,21.16010363704067,21.170161440055836,0.010057803015165234,1.0,-35.17536544799805,21.049676125598126,21.067285334330435,0.017609208732309867,0.0,-11.023941040039062,601779,0,0.06255126037134978,2,0
436,149.82869049842816,2.2846367823910767,788014279910515746,i,1.0,True,False,788014279910491635,25.665570986647825,25.547027785371746,-0.1185432012760792,,-0.16246478259563446,24.075686273588197,24.078024844662192,0.002338571073995155,1.0,-13.421812057495117,22.787551501286856,22.795161720066304,0.007610218779447564,1.0,-34.81489562988281,21.76395747622768,21.781368331943526,0.017410855715844775,1.0,-47.34454345703125,21.298644029725644,21.30744149747869,0.008797467753044685,0.0,-48.3128776550293,21.063991501625598,21.087228860619017,0.023237358993419832,0.0,-19.223560333251953,932915,0,0.019555980419943293,2,1
437,149.51350346918989,2.4932874175070014,788015104544239970,i,1.0,True,False,788015104544213750,25.893532746341503,25.80093347641012,-0.09259926993138379,1.0,,23.624134842220577,23.637272234979243,0.0131373927586651,1.0,-12.968086242675781,22.703091507400337,22.71065883137679,0.007567323976452656,1.0,-23.9451961517334,22.274565222805364,22.293013364228976,0.01844814142361173,1.0,-35.619537353515625,22.08258008698865,22.0985899902196,0.01600990323095175,0.0,-13.410642623901367,22.021800736086284,22.042167721247658,0.02036698516137392,0.0,-3.5802364349365234,428722,0,0.059855260400377336,2,0
438,149.63630691088377,1.9311390525451404,788012974240456331,i,1.0,True,False,788012974240433161,23.51854297297785,23.515461351014416,-0.0030816219634353104,1.0,-5.731852054595947,22.647263546353642,22.65280989165594,0.005546345302299471,1.0,-39.69126510620117,22.25146366214083,22.258911973903842,0.0074483117630137485,1.0,-39.427921295166016,22.0972172971473,22.113978195998058,0.01676089885075882,1.0,-38.17392349243164,22.067047407284953,22.076397277185777,0.009349869900823649,1.0,-12.276872634887695,21.995913590160175,22.013558378614487,0.017644788454312277,1.0,-3.4340343475341797,713709,0,0.05237868092712446,2,0
439,150.094635322322,2.8323142276258215,788016204055867180,i,1.0,True,False,788016204055841525,23.416518214037577,23.40826228511873,-0.008255928918845967,1.0,-6.158243179321289,23.219952255403218,23.222247610492378,0.0022953550891600116,1.0,-21.35173988342285,22.787501456285238,22.79398911084116,0.006487654555922262,1.0,-22.97389793395996,22.397673595564967,22.41505094069515,0.017377345130181965,1.0,-29.45964241027832,22.26052259859354,22.272053853832936,0.011531255239397353,1.0,-12.602838516235352,22.049427125924133,22.066237469237308,0.01681034331317477,1.0,-3.5246944427490234,590971,0,0.024501446647819582,2,1
440,149.51733279792907,2.0724241549563978,788013730154700865,i,1.0,True,False,788013730154676650,25.215601508093847,25.162111170064396,-0.05349033802945158,,-0.6977565288543701,23.599048132705907,23.603182817944344,0.004134685238437186,1.0,-17.192068099975586,22.455765788210805,22.462218915583044,0.006453127372239464,1.0,-34.57952117919922,20.80826453633449,20.82808545826311,0.01982092192861984,1.0,-144.3985137939453,20.038109101372715,20.05274756300603,0.014638461633314392,1.0,-118.11022186279297,19.659813186127437,19.678966001807787,0.01915281568034999,0.0,-53.31538009643555,271665,0,0.20948514373900914,2,1
441,149.792103544039,2.6358004106418744,788015654300051571,i,1.0,True,False,788015654300026735,25.302918801290964,25.329497357369114,0.026578556078149518,,-0.6746664643287659,23.654081043369615,23.661765179508684,0.007684136139069153,0.0,-18.808927536010742,22.80069718568527,22.80684661316707,0.006149427481801695,0.0,-27.6124210357666,22.451543234971076,22.46887605535033,0.017332820379252212,1.0,-21.4102840423584,22.320169454457385,22.328944601270223,0.00877514681283742,0.0,-13.241565704345703,22.164984649465037,22.184750897664543,0.01976624819950601,1.0,-2.6695668697357178,82136,0,0.046588204449686865,2,0
442,150.41580342947609,2.2017050760279573,788013317837846806,i,1.0,True,False,788013317837819279,25.484134159956454,25.442834286441734,-0.04129987351472053,,-0.45480281114578247,24.101015144069756,24.108945135217258,0.00792999114750259,1.0,-7.7989277839660645,22.98026155564035,22.98541535524133,0.00515379960097917,1.0,-21.678630828857422,21.426099337739117,21.450385226210976,0.02428588847185864,1.0,-84.91656494140625,20.640654587415625,20.66097821251696,0.020323625101333676,1.0,-52.0101432800293,20.266650987384324,20.28347969933999,0.016828711955664488,0.0,-25.33517074584961,961770,0,0.05160181481437493,2,1
443,149.87999413868513,2.1676572940606897,788013592715752132,i,1.0,True,False,788013592715725821,25.018696966342347,24.885227260034384,-0.13346970630796307,,-1.37823486328125,23.698802612883867,23.6948020541326,-0.00400055875126526,,-13.032304763793945,22.43370707103172,22.434773206004486,0.0010661349727669744,1.0,-36.2472038269043,20.531684301823997,20.550439712558862,0.018755410734865308,1.0,-211.12294006347656,19.603024615225653,19.613823019601703,0.010798404376050286,0.0,-171.59207153320312,19.114490650904678,19.135531689474416,0.021041038569737935,0.0,-87.45122528076172,702991,0,0.13756639718136623,2,1
